assistance_award_unique_key,award_id_fain,award_id_uri,sai_number,disaster_emergency_fund_codes,outlayed_amount_from_COVID-19_supplementals,obligated_amount_from_COVID-19_supplementals,outlayed_amount_from_IIJA_supplemental,obligated_amount_from_IIJA_supplemental,award_latest_action_date,award_latest_action_date_fiscal_year,total_obligated_amount,total_outlayed_amount,indirect_cost_federal_share_amount,total_non_federal_funding_amount,total_funding_amount,total_face_value_of_loan,total_loan_subsidy_cost,award_base_action_date,award_base_action_date_fiscal_year,period_of_performance_start_date,period_of_performance_current_end_date,awarding_agency_code,awarding_agency_name,awarding_sub_agency_code,awarding_sub_agency_name,awarding_office_code,awarding_office_name,funding_agency_code,funding_agency_name,funding_sub_agency_code,funding_sub_agency_name,funding_office_code,funding_office_name,treasury_accounts_funding_this_award,federal_accounts_funding_this_award,object_classes_funding_this_award,program_activities_funding_this_award,recipient_uei,recipient_duns,recipient_name,recipient_name_raw,recipient_parent_uei,recipient_parent_duns,recipient_parent_name,recipient_country_code,recipient_country_name,recipient_address_line_1,recipient_address_line_2,recipient_city_code,recipient_city_name,prime_award_summary_recipient_county_fips_code,recipient_county_name,prime_award_summary_recipient_state_fips_code,recipient_state_code,recipient_state_name,recipient_zip_code,recipient_zip_last_4_code,prime_award_summary_recipient_cd_original,prime_award_summary_recipient_cd_current,recipient_foreign_city_name,recipient_foreign_province_name,recipient_foreign_postal_code,primary_place_of_performance_scope,primary_place_of_performance_country_code,primary_place_of_performance_country_name,primary_place_of_performance_code,primary_place_of_performance_city_name,prime_award_summary_place_of_performance_county_fips_code,primary_place_of_performance_county_name,prime_award_summary_place_of_performance_state_fips_code,primary_place_of_performance_state_name,primary_place_of_performance_zip_4,prime_award_summary_place_of_performance_cd_original,prime_award_summary_place_of_performance_cd_current,primary_place_of_performance_foreign_location,cfda_numbers_and_titles,funding_opportunity_number,funding_opportunity_goals_text,assistance_type_code,assistance_type_description,prime_award_base_transaction_description,business_funds_indicator_code,business_funds_indicator_description,business_types_code,business_types_description,record_type_code,record_type_description,highly_compensated_officer_1_name,highly_compensated_officer_1_amount,highly_compensated_officer_2_name,highly_compensated_officer_2_amount,highly_compensated_officer_3_name,highly_compensated_officer_3_amount,highly_compensated_officer_4_name,highly_compensated_officer_4_amount,highly_compensated_officer_5_name,highly_compensated_officer_5_amount,usaspending_permalink,last_modified_date
ASST_NON_DRA26IL10932_517,DRA26IL10932,,,,,,,,2026-03-02,2026,37862.04,,0.00,,37862.04,0.00,0.00,2026-03-02,2026,2026-03-02,2028-03-02,517,Delta Regional Authority,9547,Delta Regional Authority,,,,,,,,,,,,,FZKLMX9BJF65,,GREATER EGYPT REGIONAL PLANNING AND DEVELOPMENT COMMISSION,GREATER EGYPT REGIONAL PLANNING AND DEVELOPMENT COMMISSION,,,,USA,UNITED STATES,3117 CIVIC CIRCLE BLVD STE A,,46916,MARION,17199,WILLIAMSON,17,IL,ILLINOIS,62959,5222,IL-12,IL-12,,,,SINGLE ZIP CODE,USA,UNITED STATES,IL62959,MARION,17199,WILLIAMSON,17,ILLINOIS,62959-5222,IL-12,IL-12,,90.201: DELTA AREA ECONOMIC DEVELOPMENT,,,10,"DIRECT PAYMENT WITH UNRESTRICTED USE (RETIREMENT, PENSION, VETERANS BENEFITS, ETC.) (D)",PROJECT WILL ENGAGE RURAL COMMUNITIES THAT OFTEN LACK PROFESSIONAL PLANNING STAFF OR ACCESS TO EXTERNAL FUNDING RESOURCES,NON,NOT RECOVERY ACT,A,STATE GOVERNMENT,2,NON-AGGREGATE RECORD,,,,,,,,,,,https://www.usaspending.gov/award/ASST_NON_DRA26IL10932_517/,2026-02-05 18:21:03.391138+00
ASST_NON_DRA26LA10593_517,DRA26LA10593,,,,,,,,2026-03-02,2026,63103.40,,0.00,,63103.40,0.00,0.00,2026-03-02,2026,2026-03-02,2026-03-02,517,Delta Regional Authority,9547,Delta Regional Authority,,,,,,,,,,,,,DDMRN1B6E4A7,,ACADIANA PLANNING COMMISSION INC,ACADIANA PLANNING COMMISSION,,,,USA,UNITED STATES,101 JEFFERSON STREET STE 201,,40735,LAFAYETTE,22055,LAFAYETTE,22,LA,LOUISIANA,70501,7007,LA-03,LA-03,,,,SINGLE ZIP CODE,USA,UNITED STATES,LA70501,LAFAYETTE,22055,LAFAYETTE,22,LOUISIANA,70501-7007,LA-03,LA-03,,90.201: DELTA AREA ECONOMIC DEVELOPMENT,,,10,"DIRECT PAYMENT WITH UNRESTRICTED USE (RETIREMENT, PENSION, VETERANS BENEFITS, ETC.) (D)",APC WILL PRIORITIZE ENGAGEMENT WITH LOCAL GOVERNMENTS NON PROFIT ORG AND COMMUNITY BASED INSTITUTIONS IN PERSISTENT POVERTY AREAS,NON,NOT RECOVERY ACT,A,STATE GOVERNMENT,2,NON-AGGREGATE RECORD,,,,,,,,,,,https://www.usaspending.gov/award/ASST_NON_DRA26LA10593_517/,2026-02-05 18:21:03.391138+00
ASST_NON_DRA26LA10704_517,DRA26LA10704,,,,,,,,2026-03-02,2026,78143.05,,0.00,,78143.05,0.00,0.00,2026-03-02,2026,2026-03-02,2028-03-02,517,Delta Regional Authority,9547,Delta Regional Authority,,,,,,,,,,,,,L65LEE6DNX67,,CAPITAL REGION PLANNING COMMISSION,CAPITAL REGION PLANNING COMMISSION,,,,USA,UNITED STATES,14734 S HARRELL,,31565,GREENSBURG,22091,ST. HELENA,22,LA,LOUISIANA,70441,0001,LA-05,LA-05,,,,SINGLE ZIP CODE,USA,UNITED STATES,LA70441,GREENSBURG,22091,ST. HELENA,22,LOUISIANA,70441-0001,LA-05,LA-05,,90.201: DELTA AREA ECONOMIC DEVELOPMENT,,,10,"DIRECT PAYMENT WITH UNRESTRICTED USE (RETIREMENT, PENSION, VETERANS BENEFITS, ETC.) (D)",ASSIST LOCAL GOVERNMENTS WITH PREPARING COMPETITIVE FEDERAL AND STATE GRANT APPLICATIONS,NON,NOT RECOVERY ACT,A,STATE GOVERNMENT,2,NON-AGGREGATE RECORD,,,,,,,,,,,https://www.usaspending.gov/award/ASST_NON_DRA26LA10704_517/,2026-02-05 18:21:03.391138+00
ASST_NON_26VITA0118_020,26VITA0118,,SAI EXEMPT,,,,,,2026-03-03,2026,18000.00,,5400.00,,18000.00,0.00,0.00,2026-03-03,2026,2025-10-01,2026-09-30,020,Department of the Treasury,2050,Internal Revenue Service,2031HS,WAGE AND INVESTMENT,020,Department of the Treasury,2050,Internal Revenue Service,2031HS,WAGE AND INVESTMENT,,,,,NNFQH1JAPEP3,,UNIVERSITY OF FLORIDA,UNIVERSITY OF FLORIDA,,,,USA,UNITED STATES,1523 UNION RD RM 207,,25175,GAINESVILLE,12001,ALACHUA,12,FL,FLORIDA,32611,1941,FL-03,FL-03,,,,MULTI-STATE,USA,UNITED STATES,00*****,,,,,MULTI-STATE,,,90,,21.009: VOLUNTEER INCOME TAX ASSISTANCE (VITA) MATCHING GRANT PROGRAM,VITA-2026-001,THE VITA GRANT REQUIRES GRANT RECIPIENTS TO SERVE LOW-TO-MODERATE-INCOME TAXPAYERS IN UNDERSERVED POPULATIONS AT NO CHARGE FOR THE TAXPAYER.  ORGANIZATIONS WILL RECRUIT AND TRAIN VOLUNTEERS TO HELP OPERATE THEIR PROGRAM AND PREPARE FEDERAL TAX RETURNS FOR TAXPAYERS.,04,PROJECT GRANT (B),"PURPOSE:  THE VOLUNTEER INCOME TAX ASSISTANCE (VITA) GRANT WAS ESTABLISHED AS A MATCHING GRANT PROGRAM TO PROVIDE FUNDING FOR ORGANIZATIONS WHO SUPPORT COMMUNITY VOLUNTEER INCOME TAX ASSISTANCE.
ACTIVITIES TO BE PERFORMED:  THE VITA GRANT PROGRAM PROVIDES FINANCIAL SUPPORT TO ORGANIZATIONS WHO 1) EXTEND SERVICES TO UNDERSERVED POPULATIONS IN HARDEST TO REACH AREAS BOTH URBAN AND NON-URBAN; 2) INCREASE THE CAPACITY TO FILE RETURNS ELECTRONICALLY; 3) HEIGHTEN QUALITY CONTROL; 4) ENHANCE TRAINING OF VOLUNTEERS; AND 5) SIGNIFICANTLY IMPROVE THE ACCURACY RATE OF RETURNS PREPARED AT VITA SITES.
END GOAL/EXPECTED OUTCOMES: VITA GRANT RECIPIENTS ARE EXPECTED TO 1) FOLLOW EXISTING GUIDANCE GOVERNING VITA SITE OPERATIONS; 2) ENSURE AT LEAST 90% OF RETURNS PREPARED ARE FOR INDIVIDUALS WHOSE INCOME IS EQUAL TO OR LESS THAN THE MAXIMUM EARNED INCOME TAX CREDIT (EITC) THRESHOLDS; 2) FILE ALL ELIGIBLE RETURNS ELECTRONICALLY; 3) ACHIEVE 100% OF THEIR RETURN PRODUCTION GOALS; 4) BECOME MORE EFFICIENT WITH GRANT FUNDS; AND 5) SHOW INCREMENTAL INCREASES IN RETURN PREPARATION EACH YEAR.
INTENDED BENEFICIARIES:  TAXPAYERS WHO ARE LOW TO MODERATE INCOME INDIVIDUALS, PERSONS WITH DISABILITIES, THOSE FOR WHOM ENGLISH IS A SECOND LANGUAGE, NATIVE AMERICANS, INDIVIDUALS LIVING IN RURAL AREAS, MEMBERS OF THE ARMED FORCES AND THEIR FAMILIES, AND THE ELDERLY. 
SUBRECIPIENT ACTIVITIES: SUBRECIPIENTS MAY BE UTILIZED BY GRANT RECIPIENTS TO HELP DELIVER KEY ELEMENTS OF THE PROGRAM AND MUST ADHERE TO GRANT PROGRAM GUIDELINES. BROADBAND: SPECIFIC ACTIVITIES RELATING TO BROADBAND USAGE ARE NOT KNOWN AT THE TIME OF AWARD.",NON,NOT RECOVERY ACT,H,PUBLIC/STATE CONTROLLED INSTITUTION OF HIGHER EDUCATION,2,NON-AGGREGATE RECORD,,,,,,,,,,,https://www.usaspending.gov/award/ASST_NON_26VITA0118_020/,2026-03-04 19:00:25.246035+00
ASST_NON_693JF72660022SIP0ME_069,693JF72660022SIP0ME,,,,,,,,2026-03-04,2026,64000.00,,,,64000.00,0.00,0.00,2026-03-04,2026,2026-03-04,2030-03-04,069,Department of Transportation,6938,Maritime Administration,69A334,MARITIME ADMINISTRATION,069,Department of Transportation,6938,Maritime Administration,69A334,MARITIME ADMINISTRATION,,,,,,,REDACTED DUE TO PII,REDACTED DUE TO PII,,,,USA,UNITED STATES,,,38740,LEWISTON,23001,ANDROSCOGGIN,23,ME,MAINE,04240,,ME-02,ME-02,,,,SINGLE ZIP CODE,USA,UNITED STATES,ME38740,LEWISTON,23001,ANDROSCOGGIN,23,MAINE,04240,ME-02,ME-02,,20.806: STATE MARITIME SCHOOLS,,,06,"DIRECT PAYMENT FOR SPECIFIED USE, AS A SUBSIDY OR OTHER NON-REIMBURSABLE DIRECT FINANCIAL AID (C)","MARAD STUDENT INCENTIVE PAYMENTS PROGRAM PROVIDDES PAYMENTS TO STUDENTS UP TO $16,000 PER YEAR FOR 4 YEARS SUPPORT TO CADETS ENROLLED IN THE STRATEGIC SEALIFT MIDSHIPMEN PROGRAM (SSMP) AT ONE OF SIX STATE MARITIME ACADEMIES (SMAS) BECOMING LICENSED OFFICERS IN THE U.S MERCHANT MARINE.",NON,NOT RECOVERY ACT,P,INDIVIDUAL,3,NON-AGGREGATE RECORD TO AN INDIVIDUAL RECIPIENT (PII-REDACTED),,,,,,,,,,,https://www.usaspending.gov/award/ASST_NON_693JF72660022SIP0ME_069/,2026-03-04 16:17:59.969984+00
ASST_NON_693JJ32640141_069,693JJ32640141,,,,,,,,2026-03-04,2026,280000.00,,0.00,0.00,280000.00,0.00,0.00,2026-03-04,2026,2026-03-04,2028-12-31,069,Department of Transportation,6925,Federal Highway Administration,693JJ3,693JJ3 ACQUISITION AND GRANTS MGT,069,Department of Transportation,6925,Federal Highway Administration,693JH9,FHWA OFFICE OF SAFETY,,,,,LJ4AVJ6C8NW5,,CITY OF MORENO VALLEY,CITY OF MORENO VALLEY,,,CITY OF MORENO VALLEY,USA,UNITED STATES,14177 FREDERICK ST,,49270,MORENO VALLEY,06065,RIVERSIDE,06,CA,CALIFORNIA,92553,9014,CA-39,CA-39,,,,CITY-WIDE,USA,UNITED STATES,CA49270,MORENO VALLEY,06065,RIVERSIDE,06,CALIFORNIA,CITY-WIDE,CA-39,CA-39,,20.939: SAFE STREETS AND ROADS FOR ALL,DOT-SS4A-FY24-01,"THE PURPOSE OF SS4A GRANTS IS TO IMPROVE ROADWAY SAFETY BY SIGNIFICANTLY REDUCING OR ELIMINATING ROADWAY FATALITIES AND SERIOUS INJURIES THROUGH SAFETY ACTION PLAN DEVELOPMENT AND REFINEMENT AND IMPLEMENTATION FOCUSED ON ALL USERS, INCLUDING PEDESTRIANS, BICYCLISTS, PUBLIC TRANSPORTATION USERS, MOTORISTS, PERSONAL CONVEYANCE AND MICROMOBILITY USERS, AND COMMERCIAL VEHICLE OPERATORS. THE PROGRAM PROVIDES FUNDING TO DEVELOP THE TOOLS TO HELP STRENGTHEN A COMMUNITYS APPROACH TO ROADWAY SAFETY AND SAVE LIVES AND IS DESIGNED TO MEET THE NEEDS OF DIVERSE LOCAL, TRIBAL, AND REGIONAL COMMUNITIES THAT DIFFER DRAMATICALLY IN SIZE, LOCATION, AND EXPERIENCE ADMINISTERING FEDERAL FUNDING.",04,PROJECT GRANT (B),"CITY OF MORENO VALLEY, CA FOR THE PROJECT 'MORENO VALLEY CITYWIDE TRAFFIC SIGNAL SAFETY IMPROVEMENT PLAN'; UEI-#LJ4AVJ6C8NW5.",NON,NOT RECOVERY ACT,C,CITY OR TOWNSHIP GOVERNMENT,2,NON-AGGREGATE RECORD,,,,,,,,,,,https://www.usaspending.gov/award/ASST_NON_693JJ32640141_069/,2026-03-04 15:42:36.402459+00
ASST_NON_F32MH143585_075,F32MH143585,F32MH143585-1298487521,SAI UNAVAILABLE,,,,,,2026-03-02,2026,75052.00,,0.00,0.00,75052.00,0.00,0.00,2026-03-02,2026,2026-09-03,2027-09-02,075,Department of Health and Human Services,7529,National Institutes of Health,75N700,NIH National Institute of Mental Health,075,Department of Health and Human Services,7529,National Institutes of Health,75N700,NIH National Institute of Mental Health,,,,,NX9PXMKW5KW8,,NEW YORK UNIVERSITY,NEW YORK UNIVERSITY,,,NEW YORK UNIVERSITY,USA,UNITED STATES,70 WASHINGTON SQ S FL 11,,51000,NEW YORK,36061,NEW YORK,36,NY,NEW YORK,10012,2331,NY-10,NY-10,,,,SINGLE ZIP CODE,USA,UNITED STATES,NY51000,NEW YORK,36061,NEW YORK,36,NEW YORK,100122338,NY-10,NY-10,,93.242: MENTAL HEALTH RESEARCH GRANTS,PA-23-262,"THE MISSION OF THE NATIONAL INSTITUTE OF MENTAL HEALTH (NIMH) IS TO TRANSFORM THE UNDERSTANDING AND TREATMENT OF MENTAL ILLNESSES THROUGH BASIC AND CLINICAL RESEARCH, PAVING THE WAY FOR PREVENTION, RECOVERY, AND CURE. IN MAY 2020, NIMH RELEASED ITS NEW STRATEGIC PLAN FOR RESEARCH.  THE NEW STRATEGIC PLAN BUILDS ON THE SUCCESSES OF PREVIOUS NIMH STRATEGIC PLANS BY PROVIDING A FRAMEWORK FOR SCIENTIFIC RESEARCH AND EXPLORATION, AND ADDRESSING NEW CHALLENGES IN MENTAL HEALTH. THE NEW STRATEGIC PLAN OUTLINES FOUR HIGH-LEVEL GOALS:  GOAL 1: DEFINE THE BRAIN MECHANISMS UNDERLYING COMPLEX BEHAVIORS  GOAL 2: EXAMINE MENTAL ILLNESS TRAJECTORIES ACROSS THE LIFESPAN  GOAL 3: STRIVE FOR PREVENTION AND CURES  GOAL 4: STRENGTHEN THE PUBLIC HEALTH IMPACT OF NIMH-SUPPORTED RESEARCH THESE FOUR GOALS FORM A BROAD ROADMAP FOR THE INSTITUTE'S RESEARCH PRIORITIES OVER THE NEXT FIVE YEARS, BEGINNING WITH THE FUNDAMENTAL SCIENCE OF THE BRAIN AND BEHAVIOR, AND EXTENDING THROUGH EVIDENCE-BASED SERVICES THAT IMPROVE PUBLIC HEALTH OUTCOMES. THE INSTITUTE'S OVERALL FUNDING STRATEGY IS TO SUPPORT A BROAD SPECTRUM OF INVESTIGATOR-INITIATED RESEARCH IN FUNDAMENTAL SCIENCE, WITH INCREASING USE OF INSTITUTE-SOLICITED INITIATIVES FOR APPLIED RESEARCH WHERE PUBLIC HEALTH IMPACT IS A SHORT-TERM MEASURE OF SUCCESS. THE NEW STRATEGIC PLAN ALSO ADDRESSES A NUMBER OF CROSS-CUTTING THEMES THAT ARE RELEVANT TO ALL RESEARCH SUPPORTED BY NIMH, THESE THEMES HIGHLIGHT AREAS WHERE NIMH-FUNDED SCIENCE MAY HAVE THE GREATEST IMPACT, BRIDGE GAPS, AND OFFER NOVEL APPROACHES TO ACCELERATE ADVANCES IN MENTAL HEALTH RESEARCH. FOR EXAMPLE, NIMH VALUES A COMPREHENSIVE RESEARCH AGENDA THAT TAKES AN INCLUSIVE APPROACH THAT ENSURES RESEARCH INTERESTS ARE VARIED, MAINTAIN DIVERSE PARTICIPATION AND PARTNERSHIPS, AND ACHIEVE RESEARCH GOALS ACROSS MULTIPLE TIMEFRAMES. THIS INCLUDES DIVERSE METHODOLOGIES, TOOLS, AND MODELS, RESEARCH ADDRESSING COMPLEX BASIC, TRANSLATIONAL, AND APPLIED QUESTIONS, RESEARCH INCLUDING BOTH SEXES AND, AS APPROPRIATE, GENETIC BACKGROUND, AND, PARTICIPANTS FROM DIVERSE RACIAL AND ETHNIC BACKGROUNDS, AND ACROSS GENDER IDENTITIES, GEOGRAPHICAL CONTEXT, SOCIOECONOMIC STATUS, NEUROTYPE, AND AGE  OFFERING THE BEST POSSIBLE REPRESENTATION, FOR THE BROADEST NUMBER OF INDIVIDUALS WHO MAY ULTIMATELY BENEFIT FROM THESE SCIENTIFIC ADVANCES. TO ACCOMPLISH THE GOALS OUTLINED IN THE NEW STRATEGIC PLAN, NIMH WILL SUPPORT RESEARCH THAT AIMS: TO CHARACTERIZE THE GENOMIC, MOLECULAR, CELLULAR, AND CIRCUIT COMPONENTS CONTRIBUTING TO BRAIN ORGANIZATION AND FUNCTION, TO IDENTIFY THE DEVELOPMENTAL, FUNCTIONAL, AND REGULATORY MECHANISMS RELEVANT TO COGNITIVE, AFFECTIVE, AND SOCIAL DOMAINS, ACROSS UNITS OF ANALYSIS, AND, TO GENERATE AND VALIDATE NOVEL TOOLS, TECHNIQUES, AND MEASURES TO QUANTIFY CHANGES IN THE ACTIVITY OF MOLECULES, CELLS, CIRCUITS, AND CONNECTOMES. TO DISCOVER GENE VARIANTS AND OTHER GENOMIC ELEMENTS THAT CONTRIBUTE TO THE DEVELOPMENT OF MENTAL ILLNESSES IN DIVERSE POPULATIONS, TO ADVANCE OUR UNDERSTANDING OF THE COMPLEX ETIOLOGY OF MENTAL ILLNESSES USING MOLECULAR EPIDEMIOLOGIC APPROACHES THAT INCORPORATE INDIVIDUAL GENETIC INFORMATION IN LARGE COHORTS, TO ELUCIDATE HOW HUMAN GENETIC VARIATION AFFECTS THE COORDINATION OF MOLECULAR, CELLULAR, AND PHYSIOLOGICAL NETWORKS SUPPORTING HIGHER-ORDER FUNCTIONS AND EMERGENT PROPERTIES OF NEUROBIOLOGICAL SYSTEMS, AND, TO DEVELOP NOVEL TOOLS AND TECHNIQUES FOR THE ANALYSIS OF LARGE-SCALE GENETIC, MULTI-OMIC DATA AS IT APPLIES TO MENTAL HEALTH. TO UTILIZE CONNECTOMIC APPROACHES TO IDENTIFY BRAIN NETWORKS AND CIRCUIT COMPONENTS THAT CONTRIBUTE TO VARIOUS ASPECTS OF MENTAL FUNCTION AND DYSFUNCTION, TO DETERMINE THROUGH BRAIN-WIDE ANALYSIS HOW CHANGES IN THE PHYSIOLOGICAL PROPERTIES OF MOLECULES, CELLS, AND CIRCUITS CONTRIBUTE TO MENTAL ILLNESSES, TO DEVELOP MOLECULAR, CELLULAR, AND CIRCUIT-LEVEL BIOMARKERS OF IMPAIRED NEURAL FUNCTION IN HUMANS, AND, TO DEVELOP INNOVATIVE TECHNOLOGIES,  INCLUDING NEW IMAGING, COMPUTATIONAL, PHARMACOLOGICAL, AND GENETIC TOOLS  TO INTERROGATE AND MODULATE CIRCUIT ACTIVITY AND STRUCTURE ALTERED IN MENTAL ILLNESSES. TO ELUCIDATE THE MECHANISMS CONTRIBUTING TO THE TRAJECTORIES OF BRAIN DEVELOPMENT AND BEHAVIOR, AND, TO CHARACTERIZE THE EMERGENCE AND PROGRESSION OF MENTAL ILLNESSES, AND IDENTIFYING SENSITIVE PERIODS FOR OPTIMAL INTERVENTION. TO DETERMINE EARLY RISK AND PROTECTIVE FACTORS, AND RELATED MECHANISMS, TO SERVE AS NOVEL INTERVENTION GROUPS, AND, TO DEVELOP RELIABLE AND ROBUST BIOMARKERS AND ASSESSMENT TOOLS TO PREDICT ILLNESS ONSET, COURSE, AND ACROSS DIVERSE POPULATIONS. TO DEVELOP NOVEL INTERVENTIONS USING A MECHANISM-INFORMED, EXPERIMENTAL THERAPEUTICS APPROACH, AND, TO DEVELOP AND IMPLEMENT MEASUREMENT STRATEGIES TO FACILITATE MECHANISM-BASED INTERVENTION DEVELOPMENT AND TESTING. TO INVESTIGATE PERSONALIZED INTERVENTION STRATEGIES ACROSS DISEASE PROGRESSION AND DEVELOPMENT, AND, TO DEVELOP AND REFINE COMPUTATIONAL APPROACHES AND RESEARCH DESIGNS THAT CAN BE USED TO INFORM AND TEST PERSONALIZED INTERVENTIONS. TO DEVELOP AND TEST APPROACHES FOR ADAPTING, COMBINING, AND SEQUENCING INTERVENTIONS TO ACHIEVE THE GREATEST IMPACT ON THE LIVES AND FUNCTIONING OF PERSONS SEEKING CARE, TO CONDUCT EFFICIENT PRAGMATIC TRIALS THAT EMPLOY NEW TOOLS TO RAPIDLY IDENTIFY, ENGAGE, ASSESS, AND FOLLOW PARTICIPANTS IN THE CONTEXT OF ROUTINE CARE, AND, TO ENHANCE THE PRACTICAL RELEVANCE OF EFFECTIVENESS RESEARCH VIA DEPLOYMENT-FOCUSED, HYBRID, EFFECTIVENESS-IMPLEMENTATION STUDIES. TO EMPLOY ASSESSMENT PLATFORMS WITHIN HEALTHCARE SYSTEMS TO ACCURATELY ASSESS THE DISTRIBUTION AND DETERMINANTS OF MENTAL ILLNESSES AND TO INFORM STRATEGIES FOR IMPROVED SERVICES, TO OPTIMIZE REAL-WORLD DATA COLLECTION SYSTEMS TO IDENTIFY STRATEGIES FOR IMPROVING ACCESS, QUALITY, EFFECTIVENESS, AND CONTINUITY OF MENTAL HEALTH SERVICES, AND, TO COMPARE ALTERNATIVE FINANCING MODELS TO PROMOTE EFFECTIVE AND EFFICIENT CARE FOR INDIVIDUALS WITH SERIOUS EMOTIONAL DISTURBANCES AND SERIOUS MENTAL ILLNESSES. TO STRENGTHEN PARTNERSHIPS WITH KEY STAKEHOLDERS TO DEVELOP AND VALIDATE STRATEGIES FOR IMPLEMENTING, SUSTAINING, AND CONTINUOUSLY IMPROVE EVIDENCE-BASED PRACTICES, TO BUILD MODELS TO SCALE-UP EVIDENCE-BASED PRACTICES FOR USE IN PUBLIC AND PRIVATE PRIMARY CARE, SPECIALTY CARE AND OTHER SETTINGS, AND, TO DEVELOP DECISION-SUPPORT TOOLS AND TECHNOLOGIES THAT INCREASE THE EFFECTIVENESS AND CONTINUOUS IMPROVEMENT OF MENTAL HEALTH INTERVENTIONS IN PUBLIC AND PRIVATE PRIMARY CARE, SPECIALTY CARE, AND OTHER SETTINGS. TO ADAPT, VALIDATE, AND SCALE-UP PROGRAMS CURRENTLY IN USE THAT IMPROVE MENTAL HEALTH SERVICES FOR UNDERSERVED POPULATIONS, TO DEVELOP AND VALIDATE SERVICE DELIVERY MODELS THAT PROVIDE EVIDENCE-BASED CARE FOR INDIVIDUALS THROUGHOUT THE COURSE OF MENTAL ILLNESS, TO DEVELOP AND VALIDATE SYSTEMS-LEVEL STRATEGIES USING TECHNOLOGY AND OTHER APPROACHES, TO IDENTIFY, SUPPORT, AND MONITOR THE EFFECTIVENESS OF EVIDENCE-BASED CARE THROUGHOUT THE COURSE OF ILLNESS, AND, TO DEVELOP AND VALIDATE DECISION-MAKING MODELS THAT BRIDGE MENTAL HEALTH, MEDICAL, AND OTHER CARE SETTINGS TO INTEGRATE THE APPROPRIATE CARE FOR PEOPLE WITH SERIOUS MENTAL ILLNESSES AND COMORBID MEDICAL CONDITIONS.",04,PROJECT GRANT (B),"REPLAY-DRIVEN TASK ORTHOGONALIZATION AND ABSTRACTION FOR CONTINUAL LEARNING - PROJECT SUMMARY ONE OF THE BRAIN’S MOST REMARKABLE ABILITIES IS ITS CAPACITY TO LEARN AND ADAPT CONTINUOUSLY THROUGHOUT LIFE. THIS CAPACITY RELIES ON BALANCING TWO COMPETING DEMANDS: KEEPING CONTEXT- AND TASK-SPECIFIC DETAILS DISTINCT WHILE ALSO INTEGRATING SHARED STRUCTURE ACROSS EXPERIENCES TO ENABLE GENERALIZATION. HOWEVER, WE STILL DO NOT FULLY UNDERSTAND HOW THE BRAIN CONCURRENTLY MANAGES THESE DEMANDS, LARGELY DUE TO THE LACK OF TASKS DESIGNED FOR STUDYING THEM TOGETHER. WE PROPOSE THAT MEMORY REPLAY—THE REACTIVATION OF BRAIN ACTIVITY PATTERNS IN THE ABSENCE OF OVERT TASK DEMAND—SUPPORT CONTINUAL LEARNING IN THE BRAIN BY REORGANIZING NEURAL REPRESENTATIONS TO FULFILL THESE DEMANDS. ALTHOUGH PAST RESEARCH HAS IDENTIFIED EVIDENCE OF REPLAY ACROSS ANIMALS AND HUMANS, ITS ROLE IN LEARNING AND BEHAVIOR REMAIN UNCLEAR. TO ADDRESS THESE GAPS, WE HAVE DEVELOPED A NEW EXPERIMENTAL DESIGN THAT EXAMINES EXAMINES HOW THE BRAIN MANAGES TO KEEP TASK-SPECIFIC DETAILS SEPARATE WHILE ALSO EXTRACTING COMMON PATTERNS DURING CONTINUAL LEARNING. WE WILL ALSO EXPLORE HOW MEMORY REPLAY ENABLES THE BRAIN TO STRIKE THIS BALANCE. OUR APPROACH TESTS TWO MAIN HYPOTHESES: FIRST, THAT THE BRAIN FORMS REPRESENTATIONS THAT SEGREGATE CONTEXT- AND TASK- SPECIFIC INFORMATION WHILE ABSTRACTING SHARED STRUCTURE ACROSS TASKS; AND SECOND, THAT REPLAY SUPPORTS CONTINUAL LEARNING BY HELPING TO ORTHOGONALIZE AND ABSTRACT TASK REPRESENTATIONS. IN OUR STUDY, PARTICIPANTS WILL FIRST LEARN SIMPLE, ONE-STEP TRANSITIONS BEFORE PLANNING LONGER ACTION SEQUENCES ACROSS THREE DIFFERENT GRAPHS, ALL WHILE THEIR BRAIN ACTIVITY IS RECORDED USING MAGNETOENCEPHALOGRAPHY (MEG). THIS DESIGN WILL ALLOW US TO ASSESS HOW WELL PARTICIPANTS RETAIN DETAILS SPECIFIC TO THE INDIVIDUAL GRAPHS AND EXTRACT A HIDDEN, ABSTRACT STRUCTURE COMMON TO ALL OF THEM. WE WILL ANALYZE BOTH BEHAVIOR AND NEURAL PATTERNS TO UNDERSTAND HOW THE BRAIN MANAGES THESE DUAL DEMANDS, AND WE WILL COMPARE HUMAN BEHAVIOR AND NEURAL REPRESENTATIONS WITH THAT OF NEURAL NETWORK MODELS OPTIMIZED FOR THE SAME TASKS. WE WILL ALSO USE ADVANCED MEG DECODING TECHNIQUES TO TRACK REPLAY EVENTS DURING BOTH REST AND ACTIVE TASK PHASES, EXAMINING HOW THESE EVENTS SHAPE BEHAVIOR AND TASK REPRESENTATIONS. COMPLEMENTARY MEASURES, SUCH AS EYE-TRACKING, WILL HELP US EXPLORE HOW DIFFERENT PHYSIOLOGICAL STATES INFLUENCE REPLAY DYNAMICS. BY COMBINING BEHAVIORAL TESTING, NEUROIMAGING, AND COMPUTATIONAL MODELING, THIS STUDY AIMS TO PROVIDE NEW INSIGHTS INTO HOW THE BRAIN CONTINUALLY ADAPTS TO CHANGING ENVIRONMENTS. THE FINDINGS WILL DEEPEN OUR FUNDAMENTAL UNDERSTANDING OF HUMAN LEARNING AND MEMORY, AND GUIDE FUTURE EFFORTS TO ENHANCE COGNITIVE FUNCTION IN EDUCATIONAL, CLINICAL, AND AGING SETTINGS.",NON,NOT RECOVERY ACT,O,PRIVATE INSTITUTION OF HIGHER EDUCATION,2,NON-AGGREGATE RECORD,,,,,,,,,,,https://www.usaspending.gov/award/ASST_NON_F32MH143585_075/,2026-03-05 22:04:43.296484+00
ASST_NON_K08NS138676_075,K08NS138676,K08NS138676-4234559263,SAI UNAVAILABLE,,,,,,2026-03-01,2026,215350.00,,15952.00,0.00,215350.00,0.00,0.00,2026-03-01,2026,2026-03-01,2031-01-30,075,Department of Health and Human Services,7529,National Institutes of Health,75NQ00,NIH National Institute of Neurological Disorders and Stroke,075,Department of Health and Human Services,7529,National Institutes of Health,75NQ00,NIH National Institute of Neurological Disorders and Stroke,,,,,GM1XX56LEP58,,"TRUSTEES OF THE UNIVERSITY OF PENNSYLVANIA, THE","TRUSTEES OF THE UNIVERSITY OF PENNSYLVANIA, THE",GM1XX56LEP58,,"TRUSTEES OF THE UNIVERSITY OF PENNSYLVANIA, THE",USA,UNITED STATES,3451 WALNUT STREET,,60000,PHILADELPHIA,42101,PHILADELPHIA,42,PA,PENNSYLVANIA,19104,6205,PA-03,PA-03,,,,SINGLE ZIP CODE,USA,UNITED STATES,PA60000,PHILADELPHIA,42101,PHILADELPHIA,42,PENNSYLVANIA,191044863,PA-03,PA-03,,93.853: EXTRAMURAL RESEARCH PROGRAMS IN THE NEUROSCIENCES AND NEUROLOGICAL DISORDERS,PA-24-182,"(1) TO SUPPORT EXTRAMURAL RESEARCH FUNDED BY THE NATIONAL INSTITUTE OF NEUROLOGICAL DISORDERS AND STROKE (NINDS) INCLUDING: BASIC RESEARCH THAT EXPLORES THE FUNDAMENTAL STRUCTURE AND FUNCTION OF THE BRAIN AND THE NERVOUS SYSTEM, RESEARCH TO UNDERSTAND THE CAUSES AND ORIGINS OF PATHOLOGICAL CONDITIONS OF THE NERVOUS SYSTEM WITH THE GOAL OF PREVENTING THESE DISORDERS, RESEARCH ON THE NATURAL COURSE OF NEUROLOGICAL DISORDERS, IMPROVED METHODS OF DISEASE PREVENTION, NEW METHODS OF DIAGNOSIS AND TREATMENT, DRUG DEVELOPMENT, DEVELOPMENT OF NEURAL DEVICES, CLINICAL TRIALS, AND RESEARCH TRAINING IN BASIC, TRANSLATIONAL AND CLINICAL NEUROSCIENCE. THE INSTITUTE IS THE LARGEST FUNDER OF BASIC NEUROSCIENCE IN THE US AND SUPPORTS RESEARCH ON TOPICS INCLUDING BUT NOT LIMITED TO: DEVELOPMENT OF THE NERVOUS SYSTEM, INCLUDING NEUROGENESIS AND PROGENITOR CELL BIOLOGY, SIGNAL TRANSDUCTION IN DEVELOPMENT AND PLASTICITY, AND PROGRAMMED CELL DEATH, SYNAPSE FORMATION, FUNCTION, AND PLASTICITY,  LEARNING AND MEMORY, CHANNELS, TRANSPORTERS, AND PUMPS, CIRCUIT FORMATION AND MODULATION,  BEHAVIORAL AND COGNITIVE NEUROSCIENCE, SENSORIMOTOR LEARNING, INTEGRATION AND EXECUTIVE FUNCTION, NEUROENDOCRINE SYSTEMS, SLEEP AND CIRCADIAN RHYTHMS, AND SENSORY AND MOTOR SYSTEMS.  IN ADDITION, THE INSTITUTE SUPPORTS BASIC, TRANSLATIONAL AND CLINICAL STUDIES ON A NUMBER OF DISORDERS OF THE NERVOUS SYSTEM INCLUDING (BUT NOT LIMITED TO): STROKE, TRAUMATIC INJURY TO THE BRAIN, SPINAL CORD AND PERIPHERAL NERVOUS SYSTEM, NEURODEGENERATIVE DISORDERS, MOVEMENT DISORDERS, BRAIN TUMORS, CONVULSIVE DISORDERS, INFECTIOUS DISORDERS OF THE BRAIN AND NERVOUS SYSTEM, IMMUNE DISORDERS OF THE BRAIN AND NERVOUS SYSTEM, INCLUDING MULTIPLE SCLEROSIS, DISORDERS RELATED TO SLEEP, AND PAIN. PROGRAMMATIC AREAS, WHICH ARE PRIMARILY SUPPORTED BY THE DIVISION OF NEUROSCIENCE, ARE ALSO SUPPORTED BY THE DIVISION OF EXTRAMURAL ACTIVITIES, THE DIVISION OF TRANSLATIONAL RESEARCH, THE DIVISION OF CLINICAL RESEARCH, THE OFFICE OF TRAINING AND WORKFORCE DEVELOPMENT, THE OFFICE OF PROGRAMS TO ENHANCE NEUROSCIENCE WORKFORCE DEVELOPMENT, AND THE OFFICE OF INTERNATIONAL ACTIVITIES. (2) TO EXPAND AND IMPROVE THE SMALL BUSINESS INNOVATION RESEARCH (SBIR) PROGRAM, TO INCREASE PRIVATE SECTOR COMMERCIALIZATION OF INNOVATIONS DERIVED FROM FEDERAL RESEARCH AND DEVELOPMENT, TO INCREASE SMALL BUSINESS PARTICIPATION IN FEDERAL RESEARCH AND DEVELOPMENT, AND TO FOSTER AND ENCOURAGE PARTICIPATION OF SOCIALLY AND ECONOMICALLY DISADVANTAGED SMALL BUSINESS CONCERNS AND WOMEN-OWNED SMALL BUSINESS CONCERNS IN TECHNOLOGICAL INNOVATION. TO UTILIZE THE SMALL BUSINESS TECHNOLOGY TRANSFER (STTR) PROGRAM, TO STIMULATE AND FOSTER SCIENTIFIC AND TECHNOLOGICAL INNOVATION THROUGH COOPERATIVE RESEARCH AND DEVELOPMENT CARRIED OUT BETWEEN SMALL BUSINESS CONCERNS AND RESEARCH INSTITUTIONS, TO FOSTER TECHNOLOGY TRANSFER BETWEEN SMALL BUSINESS CONCERNS AND RESEARCH INSTITUTIONS, TO INCREASE PRIVATE SECTOR COMMERCIALIZATION OF INNOVATIONS DERIVED FROM FEDERAL RESEARCH AND DEVELOPMENT, AND TO FOSTER AND ENCOURAGE PARTICIPATION OF SOCIALLY AND ECONOMICALLY DISADVANTAGED SMALL BUSINESS CONCERNS AND WOMEN-OWNED SMALL BUSINESS CONCERNS IN TECHNOLOGICAL INNOVATION.",04,PROJECT GRANT (B),"BCAT1 TARGETED METABOLIC REPROGRAMMING IN MYELOID DERIVED SUPPRESSOR CELLS IN GLIOBLASTOMA - PROJECT SUMMARY/ABSTRACT  THIS PROPOSAL ENCOMPASSES A RESEARCH AND TRAINING PLAN THAT WILL TRANSITION DR. JACKSON FROM A MENTORED ROLE TO AN INDEPENDENT INVESTIGATOR. SHE IS AN ASSISTANT PROFESSOR OF NEUROSURGERY AT THE UNIVERSITY OF PENNSYLVANIA WITH A BACKGROUND IN BRAIN TUMOR IMMUNOBIOLOGY. HER LONG-TERM GOAL IS TO BECOME AN INDEPENDENTLY FUNDED NEUROSURGEON-SCIENTIST WITH A TRANSLATIONAL LABORATORY FOCUSED ON UNDERSTANDING THE IMMUNOBIOLOGY AND IMMUNOMETABOLISM OF BRAIN TUMORS TO DEVELOP NOVEL IMMUNE-BASED THERAPIES AGAINST THESE TUMORS. HER SHORT- TERM GOALS, THAT WILL BE FACILITATED THROUGH THE K08, INCLUDE GAINING TECHNICAL PROFICIENCY IN MEASURING METABOLITES AND METABOLIC FLUX IN IMMUNE CELL USING MASS SPECTROMETRY AND STABLE ISOTOPE TRACING. FURTHERMORE, SHE AIMS TO DEVELOP EXPERTISE IN ADVANCED GENE KNOCKOUT METHODS AND SOPHISTICATED CONDITIONAL KNOCKOUT MOUSE MODELS FOR PRECLINICAL THERAPEUTIC TESTING, WITH THE ULTIMATE AIM OF TRANSLATING HER FINDINGS INTO CLINICALLY RELEVANT TRIALS. DR. JACKSON HAS CHOSEN DR. CELESTE SIMON AS HER PRIMARY MENTOR AND DR. JOHN WHERRY AS HER CO-MENTOR. DR. SIMON IS A RENOWNED EXPERT IN CANCER AND IMMUNE CELL METABOLISM AND DR. WHERRY IS A WORLD LEADER IN T CELL BIOLOGY INCLUDING THE MECHANISM OF T CELL EXHAUSTION AND IMMUNOTHERAPY RESISTANCE. IN ADDITION, SHE HAS ASSEMBLED A STRONG AND COMPLEMENTARY SCIENTIFIC ADVISORY COMMITTEE COMPOSED OF BASIC SCIENTISTS AND PHYSICIAN-SCIENTISTS FROM DIVERSE AND COMPLEMENTARY FIELDS TO SUPPORT HER IN HER RESEARCH DIRECTION AND CAREER DEVELOPMENT.  DR. JACKSON'S RECENT MANUSCRIPT IN SCIENCE IDENTIFIED MYELOID-DERIVED SUPPRESSOR CELL (MDSC) POPULATIONS THAT ARE UNIQUE TO GLIOBLASTOMA (GBM) THAT DRIVE TUMOR AGGRESSION THROUGH IMMUNE SUPPRESSION AND DIRECT PROMOTION OF TUMOR GROWTH. GENE AND PROTEIN EXPRESSION ANALYSES DEMONSTRATED THAT THE MOST INDUCED CELLULAR PROGRAMS IN MDSCS ARE DOMINATED BY METABOLIC PATHWAYS. YET IT REMAINS UNCLEAR THE MECHANISMS OF HOW METABOLIC PROCESSES REGULATE MDSC FUNCTIONALITY. THE PROPOSED RESEARCH FOCUSES ON IDENTIFYING HOW METABOLIC REPROGRAMMING IN THESE CELLS DRIVE THEIR FUNCTION, SPECIFICALLY THE ROLE OF BRANCHED-CHAIN AMINO ACID (BCAA) METABOLISM. DR. JACKSON HYPOTHESIZES THAT BCAT1, THE FIRST ENZYME IN BCAA METABOLISM DRIVES METABOLIC REPROGRAMMING OF MDSCS TO CONTRIBUTE TO THEIR FUNCTION. THUS, SHE WILL TEST WHETHER 1) BCAT1 REGULATES MDSC DIFFERENTIATION OR IMMUNOSUPPRESSIVE FUNCTION (AIM 1), AND 2) BCAT1 IN MDSC FACILITATES THEIR ABILITY TO PROMOTE GBM TUMOR GROWTH (AIM 2). DR. JACKSON WILL LEVERAGE HER UNIQUE ROLE AS A NEUROSURGEON-SCIENTIST AND THE ROBUST RESEARCH SUPPORT AT UNIVERSITY OF PENNSYLVANIA TO PROVIDE VALUABLE INSIGHTS INTO THESE QUESTIONS. THESE STUDIES WILL ADVANCE THE FIELD OF GBM IMMUNOTHERAPY BY ELUCIDATING THE ROLE OF BCAA METABOLISM AND BCAT1 IN REGULATING THE FUNCTION OF MDSCS. THESE RESULTS WILL LEAD TO INNOVATIVE THERAPEUTICS TARGETING THE MYELOID COMPARTMENT OF GBM MICROENVIRONMENTS THAT CAN BE COMPLIMENTARY AND SYNERGISTIC WITH IMMUNE CHECKPOINT INHIBITORS. THE MENTORSHIP AND TRAINING PROVIDED WILL EFFECTIVELY TRANSITION DR. JACKSON TO AN INDEPENDENT RESEARCH CAREER LEVERAGING IMMUNOMETABOLISM TO DEVELOP NOVEL IMMUNE-BASED THERAPIES AGAINST THESE TUMORS.",NON,NOT RECOVERY ACT,O,PRIVATE INSTITUTION OF HIGHER EDUCATION,2,NON-AGGREGATE RECORD,,,,,,,,,,,https://www.usaspending.gov/award/ASST_NON_K08NS138676_075/,2026-03-05 22:04:43.296484+00
ASST_NON_K23MH140114_075,K23MH140114,K23MH140114-1951719666,SAI UNAVAILABLE,,,,,,2026-03-02,2026,208794.00,,15466.00,0.00,208794.00,0.00,0.00,2026-03-02,2026,2026-03-05,2031-02-28,075,Department of Health and Human Services,7529,National Institutes of Health,75N700,NIH National Institute of Mental Health,075,Department of Health and Human Services,7529,National Institutes of Health,75N700,NIH National Institute of Mental Health,,,,,NHV3GTWSALA7,,THE MEDICAL UNIVERSITY OF SOUTH CAROLINA,THE MEDICAL UNIVERSITY OF SOUTH CAROLINA,,,,USA,UNITED STATES,179 ASHLEY AVE,,13330,CHARLESTON,45019,CHARLESTON,45,SC,SOUTH CAROLINA,29425,8908,SC-06,SC-06,,,,SINGLE ZIP CODE,USA,UNITED STATES,SC13330,CHARLESTON,45019,CHARLESTON,45,SOUTH CAROLINA,29425,SC-06,SC-06,,93.242: MENTAL HEALTH RESEARCH GRANTS,PA-24-184,"THE MISSION OF THE NATIONAL INSTITUTE OF MENTAL HEALTH (NIMH) IS TO TRANSFORM THE UNDERSTANDING AND TREATMENT OF MENTAL ILLNESSES THROUGH BASIC AND CLINICAL RESEARCH, PAVING THE WAY FOR PREVENTION, RECOVERY, AND CURE. IN MAY 2020, NIMH RELEASED ITS NEW STRATEGIC PLAN FOR RESEARCH.  THE NEW STRATEGIC PLAN BUILDS ON THE SUCCESSES OF PREVIOUS NIMH STRATEGIC PLANS BY PROVIDING A FRAMEWORK FOR SCIENTIFIC RESEARCH AND EXPLORATION, AND ADDRESSING NEW CHALLENGES IN MENTAL HEALTH. THE NEW STRATEGIC PLAN OUTLINES FOUR HIGH-LEVEL GOALS:  GOAL 1: DEFINE THE BRAIN MECHANISMS UNDERLYING COMPLEX BEHAVIORS  GOAL 2: EXAMINE MENTAL ILLNESS TRAJECTORIES ACROSS THE LIFESPAN  GOAL 3: STRIVE FOR PREVENTION AND CURES  GOAL 4: STRENGTHEN THE PUBLIC HEALTH IMPACT OF NIMH-SUPPORTED RESEARCH THESE FOUR GOALS FORM A BROAD ROADMAP FOR THE INSTITUTE'S RESEARCH PRIORITIES OVER THE NEXT FIVE YEARS, BEGINNING WITH THE FUNDAMENTAL SCIENCE OF THE BRAIN AND BEHAVIOR, AND EXTENDING THROUGH EVIDENCE-BASED SERVICES THAT IMPROVE PUBLIC HEALTH OUTCOMES. THE INSTITUTE'S OVERALL FUNDING STRATEGY IS TO SUPPORT A BROAD SPECTRUM OF INVESTIGATOR-INITIATED RESEARCH IN FUNDAMENTAL SCIENCE, WITH INCREASING USE OF INSTITUTE-SOLICITED INITIATIVES FOR APPLIED RESEARCH WHERE PUBLIC HEALTH IMPACT IS A SHORT-TERM MEASURE OF SUCCESS. THE NEW STRATEGIC PLAN ALSO ADDRESSES A NUMBER OF CROSS-CUTTING THEMES THAT ARE RELEVANT TO ALL RESEARCH SUPPORTED BY NIMH, THESE THEMES HIGHLIGHT AREAS WHERE NIMH-FUNDED SCIENCE MAY HAVE THE GREATEST IMPACT, BRIDGE GAPS, AND OFFER NOVEL APPROACHES TO ACCELERATE ADVANCES IN MENTAL HEALTH RESEARCH. FOR EXAMPLE, NIMH VALUES A COMPREHENSIVE RESEARCH AGENDA THAT TAKES AN INCLUSIVE APPROACH THAT ENSURES RESEARCH INTERESTS ARE VARIED, MAINTAIN DIVERSE PARTICIPATION AND PARTNERSHIPS, AND ACHIEVE RESEARCH GOALS ACROSS MULTIPLE TIMEFRAMES. THIS INCLUDES DIVERSE METHODOLOGIES, TOOLS, AND MODELS, RESEARCH ADDRESSING COMPLEX BASIC, TRANSLATIONAL, AND APPLIED QUESTIONS, RESEARCH INCLUDING BOTH SEXES AND, AS APPROPRIATE, GENETIC BACKGROUND, AND, PARTICIPANTS FROM DIVERSE RACIAL AND ETHNIC BACKGROUNDS, AND ACROSS GENDER IDENTITIES, GEOGRAPHICAL CONTEXT, SOCIOECONOMIC STATUS, NEUROTYPE, AND AGE  OFFERING THE BEST POSSIBLE REPRESENTATION, FOR THE BROADEST NUMBER OF INDIVIDUALS WHO MAY ULTIMATELY BENEFIT FROM THESE SCIENTIFIC ADVANCES. TO ACCOMPLISH THE GOALS OUTLINED IN THE NEW STRATEGIC PLAN, NIMH WILL SUPPORT RESEARCH THAT AIMS: TO CHARACTERIZE THE GENOMIC, MOLECULAR, CELLULAR, AND CIRCUIT COMPONENTS CONTRIBUTING TO BRAIN ORGANIZATION AND FUNCTION, TO IDENTIFY THE DEVELOPMENTAL, FUNCTIONAL, AND REGULATORY MECHANISMS RELEVANT TO COGNITIVE, AFFECTIVE, AND SOCIAL DOMAINS, ACROSS UNITS OF ANALYSIS, AND, TO GENERATE AND VALIDATE NOVEL TOOLS, TECHNIQUES, AND MEASURES TO QUANTIFY CHANGES IN THE ACTIVITY OF MOLECULES, CELLS, CIRCUITS, AND CONNECTOMES. TO DISCOVER GENE VARIANTS AND OTHER GENOMIC ELEMENTS THAT CONTRIBUTE TO THE DEVELOPMENT OF MENTAL ILLNESSES IN DIVERSE POPULATIONS, TO ADVANCE OUR UNDERSTANDING OF THE COMPLEX ETIOLOGY OF MENTAL ILLNESSES USING MOLECULAR EPIDEMIOLOGIC APPROACHES THAT INCORPORATE INDIVIDUAL GENETIC INFORMATION IN LARGE COHORTS, TO ELUCIDATE HOW HUMAN GENETIC VARIATION AFFECTS THE COORDINATION OF MOLECULAR, CELLULAR, AND PHYSIOLOGICAL NETWORKS SUPPORTING HIGHER-ORDER FUNCTIONS AND EMERGENT PROPERTIES OF NEUROBIOLOGICAL SYSTEMS, AND, TO DEVELOP NOVEL TOOLS AND TECHNIQUES FOR THE ANALYSIS OF LARGE-SCALE GENETIC, MULTI-OMIC DATA AS IT APPLIES TO MENTAL HEALTH. TO UTILIZE CONNECTOMIC APPROACHES TO IDENTIFY BRAIN NETWORKS AND CIRCUIT COMPONENTS THAT CONTRIBUTE TO VARIOUS ASPECTS OF MENTAL FUNCTION AND DYSFUNCTION, TO DETERMINE THROUGH BRAIN-WIDE ANALYSIS HOW CHANGES IN THE PHYSIOLOGICAL PROPERTIES OF MOLECULES, CELLS, AND CIRCUITS CONTRIBUTE TO MENTAL ILLNESSES, TO DEVELOP MOLECULAR, CELLULAR, AND CIRCUIT-LEVEL BIOMARKERS OF IMPAIRED NEURAL FUNCTION IN HUMANS, AND, TO DEVELOP INNOVATIVE TECHNOLOGIES,  INCLUDING NEW IMAGING, COMPUTATIONAL, PHARMACOLOGICAL, AND GENETIC TOOLS  TO INTERROGATE AND MODULATE CIRCUIT ACTIVITY AND STRUCTURE ALTERED IN MENTAL ILLNESSES. TO ELUCIDATE THE MECHANISMS CONTRIBUTING TO THE TRAJECTORIES OF BRAIN DEVELOPMENT AND BEHAVIOR, AND, TO CHARACTERIZE THE EMERGENCE AND PROGRESSION OF MENTAL ILLNESSES, AND IDENTIFYING SENSITIVE PERIODS FOR OPTIMAL INTERVENTION. TO DETERMINE EARLY RISK AND PROTECTIVE FACTORS, AND RELATED MECHANISMS, TO SERVE AS NOVEL INTERVENTION GROUPS, AND, TO DEVELOP RELIABLE AND ROBUST BIOMARKERS AND ASSESSMENT TOOLS TO PREDICT ILLNESS ONSET, COURSE, AND ACROSS DIVERSE POPULATIONS. TO DEVELOP NOVEL INTERVENTIONS USING A MECHANISM-INFORMED, EXPERIMENTAL THERAPEUTICS APPROACH, AND, TO DEVELOP AND IMPLEMENT MEASUREMENT STRATEGIES TO FACILITATE MECHANISM-BASED INTERVENTION DEVELOPMENT AND TESTING. TO INVESTIGATE PERSONALIZED INTERVENTION STRATEGIES ACROSS DISEASE PROGRESSION AND DEVELOPMENT, AND, TO DEVELOP AND REFINE COMPUTATIONAL APPROACHES AND RESEARCH DESIGNS THAT CAN BE USED TO INFORM AND TEST PERSONALIZED INTERVENTIONS. TO DEVELOP AND TEST APPROACHES FOR ADAPTING, COMBINING, AND SEQUENCING INTERVENTIONS TO ACHIEVE THE GREATEST IMPACT ON THE LIVES AND FUNCTIONING OF PERSONS SEEKING CARE, TO CONDUCT EFFICIENT PRAGMATIC TRIALS THAT EMPLOY NEW TOOLS TO RAPIDLY IDENTIFY, ENGAGE, ASSESS, AND FOLLOW PARTICIPANTS IN THE CONTEXT OF ROUTINE CARE, AND, TO ENHANCE THE PRACTICAL RELEVANCE OF EFFECTIVENESS RESEARCH VIA DEPLOYMENT-FOCUSED, HYBRID, EFFECTIVENESS-IMPLEMENTATION STUDIES. TO EMPLOY ASSESSMENT PLATFORMS WITHIN HEALTHCARE SYSTEMS TO ACCURATELY ASSESS THE DISTRIBUTION AND DETERMINANTS OF MENTAL ILLNESSES AND TO INFORM STRATEGIES FOR IMPROVED SERVICES, TO OPTIMIZE REAL-WORLD DATA COLLECTION SYSTEMS TO IDENTIFY STRATEGIES FOR IMPROVING ACCESS, QUALITY, EFFECTIVENESS, AND CONTINUITY OF MENTAL HEALTH SERVICES, AND, TO COMPARE ALTERNATIVE FINANCING MODELS TO PROMOTE EFFECTIVE AND EFFICIENT CARE FOR INDIVIDUALS WITH SERIOUS EMOTIONAL DISTURBANCES AND SERIOUS MENTAL ILLNESSES. TO STRENGTHEN PARTNERSHIPS WITH KEY STAKEHOLDERS TO DEVELOP AND VALIDATE STRATEGIES FOR IMPLEMENTING, SUSTAINING, AND CONTINUOUSLY IMPROVE EVIDENCE-BASED PRACTICES, TO BUILD MODELS TO SCALE-UP EVIDENCE-BASED PRACTICES FOR USE IN PUBLIC AND PRIVATE PRIMARY CARE, SPECIALTY CARE AND OTHER SETTINGS, AND, TO DEVELOP DECISION-SUPPORT TOOLS AND TECHNOLOGIES THAT INCREASE THE EFFECTIVENESS AND CONTINUOUS IMPROVEMENT OF MENTAL HEALTH INTERVENTIONS IN PUBLIC AND PRIVATE PRIMARY CARE, SPECIALTY CARE, AND OTHER SETTINGS. TO ADAPT, VALIDATE, AND SCALE-UP PROGRAMS CURRENTLY IN USE THAT IMPROVE MENTAL HEALTH SERVICES FOR UNDERSERVED POPULATIONS, TO DEVELOP AND VALIDATE SERVICE DELIVERY MODELS THAT PROVIDE EVIDENCE-BASED CARE FOR INDIVIDUALS THROUGHOUT THE COURSE OF MENTAL ILLNESS, TO DEVELOP AND VALIDATE SYSTEMS-LEVEL STRATEGIES USING TECHNOLOGY AND OTHER APPROACHES, TO IDENTIFY, SUPPORT, AND MONITOR THE EFFECTIVENESS OF EVIDENCE-BASED CARE THROUGHOUT THE COURSE OF ILLNESS, AND, TO DEVELOP AND VALIDATE DECISION-MAKING MODELS THAT BRIDGE MENTAL HEALTH, MEDICAL, AND OTHER CARE SETTINGS TO INTEGRATE THE APPROPRIATE CARE FOR PEOPLE WITH SERIOUS MENTAL ILLNESSES AND COMORBID MEDICAL CONDITIONS.",04,PROJECT GRANT (B),"ADAPTING WRITTEN EXPOSURE THERAPY FOR ADOLESCENTS WITH POSTTRAUMATIC STRESS DISORDER - THE OBJECTIVE OF THE PROPOSED K23 RESEARCH AND TRAINING PLAN IS TO SUPPORT DR. EMILY TILSTRA-FERRELL IN OBTAINING TRAINING NEEDED TO BECOME AN INDEPENDENT CLINICAL SCIENTIST WITH A PROGRAM OF RESEARCH FOCUSED ON DEVELOPING HIGHLY SCALABLE, EFFICIENT EVIDENCE-BASED TREATMENTS (EBTS) FOR ADOLESCENTS WITH POSTTRAUMATIC STRESS DISORDER (PTSD) THAT CAN BE DELIVERED IN ACCESSIBLE, REAL-WORLD, MULTIDISCIPLINARY SETTINGS. OVER FOUR MILLION ADOLESCENTS IN THE UNITED STATES (US) HAVE PTSD. ALTHOUGH PTSD EBTS ARE AVAILABLE, ONLY ONE THIRD (37%) OF ADOLESCENTS ACCESS THESE TREATMENTS. AMONG THE FEW WHO ACCESS PTSD EBTS, OVER ONE-THIRD (34%) PREMATURELY DROP OUT DUE TO BARRIERS INCLUDING LENGTHY PROTOCOLS (THE MAJORITY OF DROPOUT OCCURS BEFORE SESSION SEVEN). THE PROPOSED STUDY DIRECTLY ADDRESSES THIS CLINICAL GAP BY ADAPTING WRITTEN EXPOSURE THERAPY (WET), AN EBT FOR ADULT PTSD, FOR ADOLESCENTS. WET IS AN EFFICIENT, FIVE-SESSION PTSD TREATMENT THAT IS NON-INFERIOR TO LENGTHIER GOLD-STANDARD PTSD EBTS FOR ADULTS. WET ADDRESSES MANY BARRIERS FACED BY ADOLESCENTS WHO SEEK EBTS FOR PTSD DUE ITS BREVITY AND RELATED COST-EFFECTIVENESS. HOWEVER, WET HAS NOT BEEN FORMALLY ADAPTED OR RIGOROUSLY TESTED WITH ADOLESCENTS. IN AIM 1, WET WILL BE ADAPTED FOLLOWING A SYSTEMATIC MODEL: ASSESSMENT, DECISIONS, ADMINISTRATION, PRODUCTION, TOPICAL EXPERTS, INTEGRATION, TRAINING, AND TESTING (ADAPT-ITT). IN AIM 2, A PROOF- OF-CONCEPT RANDOMIZED CONTROLLED TRIAL (RCT) WILL BE EMPLOYED TO COMPARE WET TO TRAUMA-FOCUSED COGNITIVE BEHAVIOR THERAPY (THE GOLD-STANDARD PTSD EBT FOR YOUTH) DELIVERED IN A PEDIATRIC PRIMARY CARE SETTING TO ADOLESCENTS WITH PTSD. THE FINAL EXPLORATORY AIM WILL EXAMINE THE POTENTIAL EMOTIONAL (FEAR EXTINCTION) AND COGNITIVE (CHANGES IN RUMINATIVE COGNITION) MECHANISMS OF ACTION IN WET. THE MENTORSHIP TEAM IS COMPRISED OF NUMEROUS HIGHLY EXPERIENCED MENTORS WITH NIH-FUNDED RESEARCH RELATED TO THE PROPOSED PROJECT INCLUDING RCTS FOR ADOLESCENTS WITH PTSD (PRIMARY MENTOR: DR. CARLA KMETT DANIELSON), ADAPT-ITT (DR. CRISTINA LÓPEZ), ADVANCED QUALITATIVE AND MIXED METHODS (DR. BYRON POWELL), WET (DR. CHRISTINE HAHN), DISSEMINATION AND IMPLEMENTATION SCIENCE AND EBTS FOR TRAUMA-EXPOSED YOUTH IN PRIMARY CARE SETTINGS (DR. ROCHELLE HANSON), AND LONGITUDINAL DATA ANALYSIS (DR. NAOMI BROWNSTEIN). THE RESEARCH OPPORTUNITIES, MENTORSHIP, AND FORMAL COURSEWORK AFFORDED BY THE PROPOSED K23 WILL ENSURE DR. TILSTRA-FERRELL GAINS THE FOLLOWING SKILLS NEEDED TO ACHIEVE HER CAREER GOALS: (1) CONDUCTING CLINICAL TRIALS WITH TRAUMA-EXPOSED ADOLESCENTS, (2) USING QUALITATIVE AND MIXED METHODS DESIGN TO ADAPT AND IMPLEMENT EBTS, (3) LONGITUDINAL DATA ANALYSIS, (4) DISSEMINATION AND IMPLEMENTATION SCIENCE METHODS, AND (5) IMPROVED SCIENTIFIC COMMUNICATION. THE CANDIDATE WILL COMPLETE ALL PROPOSED ACTIVITIES AT THE MEDICAL UNIVERSITY OF SOUTH CAROLINA IN THE NATIONAL CRIME VICTIMS RESEARCH AND TREATMENT CENTER, WHICH IS INTERNATIONALLY RENOWNED FOR RESEARCH ON ADOLESCENT PTSD EBTS WITH A STRONG HISTORY OF CATAPULTING EARLY CAREER SCIENTISTS TO INDEPENDENCE. THE PROPOSED K23 WILL ULTIMATELY PREPARE DR. TILSTRA-FERRELL TO LAUNCH A PROGRAM OF RESEARCH DEVELOPING EFFICIENT AND SCALABLE PTSD EBTS FOR ADOLESCENTS.",NON,NOT RECOVERY ACT,H,PUBLIC/STATE CONTROLLED INSTITUTION OF HIGHER EDUCATION,2,NON-AGGREGATE RECORD,,,,,,,,,,,https://www.usaspending.gov/award/ASST_NON_K23MH140114_075/,2026-03-05 22:04:43.296484+00
ASST_NON_R00DA058712_075,R00DA058712,R00DA058712-441116690,SAI UNAVAILABLE,,,,,,2026-03-03,2026,249000.00,,0.00,0.00,249000.00,0.00,0.00,2026-03-03,2026,2024-04-01,2029-03-31,075,Department of Health and Human Services,7529,National Institutes of Health,75N600,NIH National Insitute on Drug Abuse,075,Department of Health and Human Services,7529,National Institutes of Health,75N600,NIH National Insitute on Drug Abuse,,,,,S352L5PJLMP8,,EMORY UNIVERSITY,EMORY UNIVERSITY,,,EMORY UNIVERSITY,USA,UNITED STATES,201 DOWMAN DR NE,,04000,ATLANTA,13089,DEKALB,13,GA,GEORGIA,30322,1061,GA-05,GA-05,,,,SINGLE ZIP CODE,USA,UNITED STATES,GA04000,ATLANTA,13089,DEKALB,13,GEORGIA,303294208,GA-05,GA-05,,93.279: DRUG USE AND ADDICTION RESEARCH PROGRAMS,PA-20-188,"TO SUPPORT BASIC AND CLINICAL NEUROSCIENCE, BIOMEDICAL, BEHAVIORAL AND SOCIAL SCIENCE, EPIDEMIOLOGIC, HEALTH SERVICES AND HEALTH DISPARITY RESEARCH.  TO DEVELOP NEW KNOWLEDGE AND APPROACHES RELATED TO THE PREVENTION, DIAGNOSIS, TREATMENT, ETIOLOGY, AND CONSEQUENCES OF DRUG ABUSE AND ADDICTION, INCLUDING HIV/AIDS. TO SUPPORT RESEARCH TRAINING AND RESEARCH SCIENTIST DEVELOPMENT.  TO SUPPORT DISSEMINATION OF RESEARCH FINDINGS. SMALL BUSINESS INNOVATION RESEARCH (SBIR) LEGISLATION IS INTENDED TO EXPAND AND IMPROVE THE SBIR PROGRAMS TO EMPHASIZE AND INCREASE PRIVATE SECTOR COMMERCIALIZATION OF TECHNOLOGY DEVELOPED THROUGH FEDERAL SBIR RESEARCH AND DEVELOPMENT, INCREASE SMALL BUSINESS PARTICIPATION IN FEDERAL RESEARCH AND DEVELOPMENT, AND FOSTER AND ENCOURAGE PARTICIPATION OF SOCIALLY AND ECONOMICALLY DISADVANTAGED SMALL BUSINESS CONCERNS AND WOMEN-OWNED SMALL BUSINESS CONCERNS IN THE SBIR PROGRAM. THE LEGISLATION INTENDS THAT THE SMALL BUSINESS TECHNOLOGY TRANSFER (STTR) PROGRAM STIMULATE AND FOSTER SCIENTIFIC AND TECHNOLOGICAL INNOVATION THROUGH COOPERATIVE RESEARCH AND DEVELOPMENT CARRIED OUT BETWEEN SMALL BUSINESS CONCERNS AND RESEARCH INSTITUTIONS, FOSTER TECHNOLOGY TRANSFER BETWEEN SMALL BUSINESS CONCERNS AND RESEARCH INSTITUTIONS, TO INCREASE PRIVATE SECTOR COMMERCIALIZATION OF INNOVATIONS DERIVED FROM FEDERAL RESEARCH AND DEVELOPMENT, AND FOSTER AND ENCOURAGE PARTICIPATION OF SOCIALLY AND ECONOMICALLY DISADVANTAGED SMALL BUSINESS CONCERNS AND WOMEN-OWNED SMALL BUSINESS CONCERNS IN TECHNOLOGICAL INNOVATION.",04,PROJECT GRANT (B),"MECHANISMS OF MGLU1 REGULATION OF CORTICAL INHIBITION AND COGNITIVE FUNCTION: IMPLICATIONS IN ADOLESCENT COCAINE EXPOSURE - PROJECT SUMMARY/ABSTRACT EVIDENCE SUGGESTS THAT COCAINE USE, NOTABLY DURING CRITICAL NEURODEVELOPMENTAL PERIODS LIKE ADOLESCENCE, IS ASSOCIATED WITH SIGNIFICANT AND PERSISTENT IMPAIRMENTS IN COGNITIVE PROCESSES LIKE WORKING MEMORY AND COGNITIVE FLEXIBILITY. COGNITIVE SYMPTOMS ARE ASSOCIATED WITH LOSS OF GABAERGIC INHIBITORY TRANSMISSION IN THE PREFRONTAL CORTEX (PFC). OUR PRELIMINARY DATA DEMONSTRATES THAT ADOLESCENT COCAINE EXPOSURE INDUCES PERSISTENT DEFICITS IN GABAERGIC SOMATOSTATIN-EXPRESSING INTERNEURONS (SST-INS) IN THE PFC AND COGNITIVE PERFORMANCE IN ADULTHOOD. THUS, ENHANCING CORTICAL INHIBITION REPRESENTS A NOVEL THERAPEUTIC APPROACH TO ALLEVIATE COGNITIVE DEFICITS ASSOCIATED WITH ADOLESCENT COCAINE EXPOSURE AND COCAINE USE DISORDER (CUD). THIS THERAPEUTIC GOAL MAY BE ACHIEVED VIA ACTIVATION OF THE MGLU1 SUBTYPE OF METABOTROPIC GLUTAMATE (MGLU) RECEPTOR. LEVERAGING HIGHLY SELECTIVE MGLU1 POSITIVE ALLOSTERIC MODULATORS (PAMS), WE RECENTLY FOUND THAT MGLU1 POSITIVELY REGULATES CORTICAL INHIBITION VIA ACTIONS ON SST-INS AND IMPROVES COGNITIVE PERFORMANCE. THESE FINDINGS LED US TO OUR CENTRAL HYPOTHESIS THAT THE ABILITY OF MGLU1 PAMS TO REVERSE DEFICITS IN CORTICAL INHIBITION AND COGNITIVE IMPAIRMENT ASSOCIATED WITH ADOLESCENT COCAINE EXPOSURE IS LIKELY DRIVEN BY ACTIONS ON MGLU1 RECEPTORS LOCATED ON SST-INS IN THE PFC. THE PRESENT PROPOSAL WILL USE CUTTING-EDGE TRANSGENIC MOUSE LINES AND PHARMACOLOGICAL TOOLS TO ELUCIDATE BRAIN REGION- AND CELL TYPE-SPECIFIC MECHANISMS UNDERLYING MGLU1 REGULATION OF CORTICAL INHIBITION AND COGNITIVE FUNCTION AND THEIR IMPLICATIONS FOLLOWING ADOLESCENT COCAINE EXPOSURE. WE WILL TEST THIS HYPOTHESIS IN THREE SPECIFIC AIMS.  AIM 1 (K99): TO GAIN EXPERTISE IN WHOLE-CELL PATCH-CLAMP ELECTROPHYSIOLOGY TO TEST THE HYPOTHESIS THAT MGLU1 REGULATES PFC INHIBITORY TRANSMISSION VIA ACTIONS ON SST-INS. AIM 2 (K99): TO DEVELOP EXPERTISE IN IN VIVO FIBER PHOTOMETRY TO TEST THE HYPOTHESIS THAT MGLU1-MEDIATED ACTIVATION OF PFC SST-INS FACILITATES WORKING MEMORY PERFORMANCE. AIM 3 (R00): TO APPLY WHOLE-CELL PATCH-CLAMP ELECTROPHYSIOLOGY AND IN VIVO FIBER PHOTOMETRY TO TEST THE  HYPOTHESIS THAT MGLU1 MODULATION CAN AMELIORATE ADOLESCENT COCAINE-INDUCED PATHOPHYSIOLOGY THROUGH  ACTIONS ON PFC SST-INS. TOGETHER, THE PROPOSED STUDIES WILL EXPAND OUR CURRENT UNDERSTANDING OF THE CRITICAL ROLE OF SST-INS IN COGNITIVE PROCESSES IMPAIRED BY ADOLESCENT COCAINE USE AND EVALUATE THE THERAPEUTIC POTENTIAL OF MGLU1 PAMS IN MITIGATING THESE COCAINE-INDUCED DEFICITS. I WILL GAIN EXTENSIVE TRAINING IN WHOLE-CELL PATCH-CLAMP ELECTROPHYSIOLOGY AND IN VIVO CELL TYPE-SPECIFIC CA2+ IMAGING DURING TOUCHSCREEN-BASED COGNITIVE TESTING. TRAINING IN THESE TECHNIQUES WILL ALLOW ME TO APPLY MY INTERESTS IN BEHAVIORAL AND RECEPTOR PHARMACOLOGY TO UNANSWERED QUESTIONS ABOUT HOW DRUG EXPOSURE DURING CRITICAL NEURODEVELOPMENTAL PERIODS MANIFEST IN PHYSIOLOGICAL AND BEHAVIORAL CONSEQUENCES OF SUBSTANCE USE DISORDERS.",NON,NOT RECOVERY ACT,O,PRIVATE INSTITUTION OF HIGHER EDUCATION,2,NON-AGGREGATE RECORD,,,,,,,,,,,https://www.usaspending.gov/award/ASST_NON_R00DA058712_075/,2026-03-05 22:04:43.296484+00
ASST_NON_R01AG078201_075,R01AG078201,R01AG078201-959811519,SAI UNAVAILABLE,,,,,,2026-03-03,2026,537718.00,,0.00,0.00,537718.00,0.00,0.00,2026-03-03,2026,2023-03-15,2028-02-29,075,Department of Health and Human Services,7529,National Institutes of Health,75NN00,NIH National Insitute on Aging,075,Department of Health and Human Services,7529,National Institutes of Health,75NN00,NIH National Insitute on Aging,,,,,MJC5FCYQTPE6,,UNIVERSITY OF CALIFORNIA IRVINE,UNIVERSITY OF CALIFORNIA IRVINE,GH98ZGGP6RR5,,UNIVERSITY OF CALIFORNIA IRVINE,USA,UNITED STATES,160 ALDRICH HALL,,36770,IRVINE,06059,ORANGE,06,CA,CALIFORNIA,92697,0001,CA-47,CA-47,,,,SINGLE ZIP CODE,USA,UNITED STATES,CA36770,IRVINE,06059,ORANGE,06,CALIFORNIA,926970001,CA-47,CA-47,,93.866: AGING RESEARCH,PA-20-185,"TO ENCOURAGE BIOMEDICAL, SOCIAL, AND BEHAVIORAL RESEARCH AND RESEARCH TRAINING DIRECTED TOWARD GREATER UNDERSTANDING OF THE AGING PROCESS AND THE DISEASES, SPECIAL PROBLEMS, AND NEEDS OF PEOPLE AS THEY AGE. THE NATIONAL INSTITUTE ON AGING HAS ESTABLISHED PROGRAMS TO PURSUE THESE GOALS.  THE DIVISION OF AGING BIOLOGY EMPHASIZES UNDERSTANDING THE BASIC BIOLOGICAL PROCESSES OF AGING.  THE DIVISION OF GERIATRICS AND CLINICAL GERONTOLOGY SUPPORTS RESEARCH TO IMPROVE THE ABILITIES OF HEALTH CARE PRACTITIONERS TO RESPOND TO THE DISEASES AND OTHER CLINICAL PROBLEMS OF OLDER PEOPLE.  THE DIVISION OF BEHAVIORAL AND SOCIAL RESEARCH SUPPORTS RESEARCH THAT WILL LEAD TO GREATER UNDERSTANDING OF THE SOCIAL, CULTURAL, ECONOMIC AND PSYCHOLOGICAL FACTORS THAT AFFECT BOTH THE PROCESS OF GROWING OLD AND THE PLACE OF OLDER PEOPLE IN SOCIETY. THE DIVISION OF NEUROSCIENCE FOSTERS RESEARCH CONCERNED WITH THE AGE-RELATED CHANGES IN THE NERVOUS SYSTEM AS WELL AS THE RELATED SENSORY, PERCEPTUAL, AND COGNITIVE PROCESSES ASSOCIATED WITH AGING AND HAS A SPECIAL EMPHASIS ON ALZHEIMER'S DISEASE. SMALL BUSINESS INNOVATION RESEARCH (SBIR) PROGRAM: TO EXPAND AND IMPROVE THE SBIR PROGRAM, TO INCREASE PRIVATE SECTOR COMMERCIALIZATION OF INNOVATIONS DERIVED FROM FEDERAL RESEARCH AND DEVELOPMENT, TO INCREASE SMALL BUSINESS PARTICIPATION IN FEDERAL RESEARCH AND DEVELOPMENT, AND TO FOSTER AND ENCOURAGE PARTICIPATION OF SOCIALLY AND ECONOMICALLY DISADVANTAGED SMALL BUSINESS CONCERNS AND WOMEN-OWNED SMALL BUSINESS CONCERNS IN TECHNOLOGICAL INNOVATION.  SMALL BUSINESS TECHNOLOGY TRANSFER (STTR) PROGRAM: TO STIMULATE AND FOSTER SCIENTIFIC AND TECHNOLOGICAL INNOVATION THROUGH COOPERATIVE RESEARCH DEVELOPMENT CARRIED OUT BETWEEN SMALL BUSINESS CONCERNS AND RESEARCH INSTITUTIONS, TO FOSTER TECHNOLOGY TRANSFER BETWEEN SMALL BUSINESS CONCERNS AND RESEARCH INSTITUTIONS, TO INCREASE PRIVATE SECTOR COMMERCIALIZATION OF INNOVATIONS DERIVED FROM FEDERAL RESEARCH AND DEVELOPMENT, AND TO FOSTER AND ENCOURAGE PARTICIPATION OF SOCIALLY AND ECONOMICALLY DISADVANTAGED SMALL BUSINESS CONCERNS AND WOMEN-OWNED SMALL BUSINESS CONCERNS IN TECHNOLOGICAL INNOVATION.",04,PROJECT GRANT (B),"MICROGLIA DYSREGULATION AND SYK SIGNALING IN ALZHEIMER'S DISEASE - PROJECT SUMMARY/ABSTRACT ALZHEIMER'S DISEASE (AD) IS THE MOST PREVALENT NEURODEGENERATIVE DISEASE WITH DEMENTIA AMONG THE ELDERLY, YET EXACT CAUSES OF THE DISEASE AND UNDERLYING PATHOGENIC MECHANISMS THAT LEAD TO DEVELOPMENT OF EFFECTIVE THERAPEUTIC INTERVENTIONS HAVE NOT BEEN IDENTIFIED. RECENTLY, A NUMBER OF GENETIC AND TRANSCRIPTOMIC STUDIES IN HUMANS AND ANIMAL MODELS HIGHLIGHT A CRITICAL, AND POSSIBLY A DISEASE-MODIFYING ROLE OF MICROGLIA IN AD. ONCE ACTIVATED, MICROGLIA ARE CAPABLE OF DISPLAYING A SPECTRUM OF PHENOTYPES RANGING FROM HOMEOSTATIC TO NEURODEGENERATIVE PHENOTYPES, WITH DISTINCT TRANSCRIPTOMIC SIGNATURES. HOWEVER, IT REMAINS TO BE DETERMINED WHICH SUBSET(S) OF MICROGLIA ARE NEUROPROTECTIVE OR DETRIMENTAL, AND HOW SUCH MICROGLIA ACTIVATION IS DRIVEN BY WHAT CELLULAR MECHANISMS AND DISEASE CONDITIONS. WE HAVE STRONG EVIDENCE THAT MICROGLIA-ENRICHED SPLEEN TYROSINE KINASE (SYK) CRITICALLY CONTROLS THE ACTIVATION PATTERN OF MICROGLIA. THE CELLULAR SYK SIGNALING IN MICROGLIA IS REGULATED BY VARIOUS CELL-SURFACE IMMUNORECEPTORS INCLUDING TREM2. THE MECHANISTIC DETAILS OF SYK ACTIVATION AS WELL AS HOW ITS FREQUENCY, DURATION AND PATTERNS OF ACTIVATION DETERMINE ABOVE-MENTIONED MICROGLIAL PHENOTYPES HAVE NOT BEEN ELUCIDATED. HERE, WE PROPOSE TO TEST OUR NOVEL HYPOTHESIS THAT SYK IS THE KEY MOLECULAR HUB THAT REGULATES A SPECTRUM OF MICROGLIA ACTIVATION DEPENDING ON THE EXPRESSION LEVELS OF TREM2, AGE AND THE STAGE OF AΒ PATHOLOGY. WE PREDICT THAT ACTIVATION OF SYK, WHEN ITS EXPRESSION IS PHYSIOLOGICAL IN MICROGLIA, IS NEUROPROTECTIVE AND PROMOTES EFFECTIVE CONTAINMENT AND REMOVAL OF AΒ, WHEREAS PROLONGED OR CHRONIC ACTIVATION OF SYK, ESPECIALLY WHEN ITS EXPRESSION IS ELEVATED IN MICROGLIA, IS DETRIMENTAL AND DRIVES PRO-INFLAMMATORY AND DEGENERATIVE ACTIVATION. IN THIS PROPOSAL, WE WILL FIRST CAREFULLY INVESTIGATE THE UNDERLYING MECHANISMS BY WHICH SYK CONTROLS SEVERAL HALLMARK FUNCTIONS OF MICROGLIA IN VARIOUS EXPRESSION LEVELS OF SYK AND WILDTYPE TREM2, AS WELL AS IN THE PRESENCE OF TREM2 RISK VARIANT. WE WILL THEN USE AN ANIMAL MODEL TO DETERMINE IF DICHOTOMOUS ACTIVATION OF SYK DEPENDS ON THE AΒ PLAQUE STAGES IN TWO DIFFERENT MOUSE MODELS OF AD. TO TEST OUR HYPOTHESIS, WE PROPOSE A COMBINATION OF IN VITRO AND IN VIVO STUDIES UTILIZING NOVEL CONDITIONAL TRANSGENIC MOUSE MODELS AND HUMAN IPSC-DERIVED MICROGLIA (IMGL). THE PROPOSED RESEARCH WILL PROVIDE INSIGHT INTO WHETHER AND HOW SYK ACTIVATION AND ACTIVATED MICROGLIA CONTRIBUTE TO THE DISEASE PROGRESSION IN AD. FURTHERMORE, THIS PROPOSAL IS FEASIBLE, HIGHLY-SIGNIFICANT, AND HIGHLY-RELEVANT TO THE ETIOLOGY AND PROGRESSION OF AD AND WE BELIEVE THAT THE OUTCOMES COULD HAVE LARGE PUBLIC HEALTH IMPACT, WHILE ACCELERATING PROGRESS TOWARDS EFFICACIOUS, THERAPEUTIC OPTIONS FOR AD.",NON,NOT RECOVERY ACT,H,PUBLIC/STATE CONTROLLED INSTITUTION OF HIGHER EDUCATION,2,NON-AGGREGATE RECORD,,,,,,,,,,,https://www.usaspending.gov/award/ASST_NON_R01AG078201_075/,2026-03-05 22:04:43.296484+00
ASST_NON_R01DK145433_075,R01DK145433,R01DK145433-4221451092,SAI UNAVAILABLE,,,,,,2026-03-03,2026,796370.00,,285038.00,0.00,796370.00,0.00,0.00,2026-03-03,2026,2026-03-03,2031-01-31,075,Department of Health and Human Services,7529,National Institutes of Health,75NK00,NIH National Institute of Diabetes and Digestive and Kidney Diseases,075,Department of Health and Human Services,7529,National Institutes of Health,75NK00,NIH National Institute of Diabetes and Digestive and Kidney Diseases,,,,,Y2K4F9RPRRG7,,MAYO CLINIC,MAYO CLINIC,T2NLSKHGK873,,MAYO CLINIC,USA,UNITED STATES,200 1ST ST SW,,54880,ROCHESTER,27109,OLMSTED,27,MN,MINNESOTA,55905,0001,MN-01,MN-01,,,,SINGLE ZIP CODE,USA,UNITED STATES,MN54880,ROCHESTER,27109,OLMSTED,27,MINNESOTA,559050001,MN-01,MN-01,,"93.847: DIABETES, DIGESTIVE, AND KIDNEY DISEASES EXTRAMURAL RESEARCH",PA-25-305,"<P>THE GOALS ARE:</P><UL><LI>TO FOSTER FUNDAMENTAL CREATIVE DISCOVERIES, INNOVATIVE RESEARCH STRATEGIES, AND THEIR APPLICATIONS AS A BASIS FOR ULTIMATELY PROTECTING AND IMPROVING HEALTH;</LI><LI>TO DEVELOP, MAINTAIN, AND RENEW SCIENTIFIC HUMAN AND PHYSICAL RESOURCES THAT WILL ENSURE THE NATION'S CAPABILITY TO PREVENT DISEASE;</LI><LI>TO EXPAND THE KNOWLEDGE BASE IN MEDICAL AND ASSOCIATED SCIENCES IN ORDER TO ENHANCE THE NATION'S ECONOMIC WELL-BEING AND ENSURE A CONTINUED HIGH RETURN ON THE PUBLIC INVESTMENT IN RESEARCH; AND</LI><LI>TO EXEMPLIFY AND PROMOTE THE HIGHEST LEVEL OF SCIENTIFIC INTEGRITY, PUBLIC ACCOUNTABILITY, AND SOCIAL RESPONSIBILITY IN THE CONDUCT OF SCIENCE.</LI></UL><P>IN REALIZING THESE GOALS, THE NIH PROVIDES LEADERSHIP AND DIRECTION TO PROGRAMS DESIGNED TO IMPROVE THE HEALTH OF THE NATION BY CONDUCTING AND SUPPORTING RESEARCH:</P><UL><LI>IN THE CAUSES, DIAGNOSIS, PREVENTION, AND CURE OF HUMAN DISEASES;</LI><LI>IN THE PROCESSES OF HUMAN GROWTH AND DEVELOPMENT;</LI><LI>IN THE BIOLOGICAL EFFECTS OF ENVIRONMENTAL CONTAMINANTS;</LI><LI>IN THE UNDERSTANDING OF MENTAL, ADDICTIVE AND PHYSICAL DISORDERS; AND</LI><LI>IN DIRECTING PROGRAMS FOR THE COLLECTION, DISSEMINATION, AND EXCHANGE OF INFORMATION IN MEDICINE AND HEALTH, INCLUDING THE DEVELOPMENT AND SUPPORT OF MEDICAL LIBRARIES AND THE TRAINING OF MEDICAL LIBRARIANS AND OTHER HEALTH INFORMATION SPECIALISTS.</LI></UL>",04,PROJECT GRANT (B),"ACUTE KIDNEY INJURY IN CARE TRANSITIONS: THE ACT PRAGMATIC TRIAL - PROJECT SUMMARY/ABSTRACT ACUTE KIDNEY INJURY (AKI) IS AN ABRUPT LOSS OF KIDNEY FUNCTION THAT AFFECTS 1 IN 5 HOSPITALIZED PATIENTS. AKI SURVIVORS EXPERIENCE A 1.5-2.5-FOLD HIGHER RISK OF CHRONIC KIDNEY DISEASE (CKD), A 1.4-FOLD HIGHER RISK OF CARDIOVASCULAR DISEASE, AND 50% OF AFFECTED INDIVIDUALS ARE READMITTED WITHIN 1 YEAR. DESPITE THESE GRAVE SEQUELAE, THE CARE OF NON-DIALYSIS-DEPENDENT AKI SURVIVORS IS INADEQUATE. ONE-THIRD OF PATIENTS FAIL TO RECEIVE BASIC KIDNEY HEALTH FOLLOW-UP (I.E., LABORATORY ASSESSMENT OF KIDNEY FUNCTION AND A VISIT WITH A CLINICIAN). 87% OF AKI SURVIVORS USE NEPHROTOXIC MEDICATIONS IN THE 3 YEARS AFTER DISCHARGE, WHICH INDEPENDENTLY INCREASES THE RISK FOR CKD. THESE GAPS ARE ESPECIALLY PROMINENT IN THE 20% OF AKI SURVIVORS FROM RURAL SETTINGS WHO EXPERIENCE HEALTH DISPARITIES INCLUDING TRANSPORTATION BARRIERS, A HIGHER COMORBIDITY BURDEN, DECREASED HEALTH LITERACY, AND REDUCED ACCESS TO NEPHROLOGY SPECIALIST CARE. ADDRESSING THESE GAPS IN CARE FACILITATES PROGNOSTICATION, DECISION MAKING, MEDICATION RECONCILIATION AND SUPPORTIVE CARE WHICH CAN LIMIT AKI COMPLICATIONS. WE THEREFORE DEVELOPED THE AKI IN CARE TRANSITIONS (ACT) PROGRAM, A MULTIDISCIPLINARY BUNDLED CARE DELIVERY MODEL TAILORED TO INDIVIDUAL PROGNOSIS. AKI SURVIVORS ARE RISK-STRATIFIED ACCORDING TO POST-DISCHARGE PROGNOSIS. THOSE AT THE LOWEST RISK ARE PROVIDED ACCESS TO INFORMATIONAL RESOURCES ABOUT AKI. PATIENTS AT MODERATE RISK RECEIVE KIDNEY HEALTH EDUCATION BEFORE DISCHARGE FROM NURSES AND COORDINATED FOLLOW-UP IN PRIMARY CARE WITH A PROVIDER AND A PHARMACIST IN THE 7-14 DAYS AFTER DISCHARGE. THE HIGHEST-RISK PATIENTS ARE PROVIDED WITH HOME MONITORING TECHNOLOGY (E.G., BLOOD PRESSURE CUFF, TABLET FOR SYMPTOM ASSESSMENTS) AND FOLLOWED REMOTELY BY NEPHROLOGY SPECIALISTS FOR UP TO 90 DAYS. PILOT TESTING IN AN ACADEMIC MEDICAL CENTER DEMONSTRATED FEASIBILITY, A SIGNIFICANT INCREASE IN TIMELY AND COMPLETE FOLLOW-UP, IMPROVED MEDICATION RECONCILIATION, AND A DECREASED INCIDENCE OF KIDNEY DISEASE PROGRESSION. THIS PROPOSAL EXTENDS ACT TO RURAL SETTINGS TO ADDRESS THE OVERALL GOAL OF CREATING EFFECTIVE, PATIENT-CENTERED, SCALABLE CARE DELIVERY MODELS THAT IMPROVE HEALTH OUTCOMES FOR ALL AKI SURVIVORS. WE WILL TEST THE IMPACT OF ACT ON HEALTH OUTCOMES AND PROCESSES OF CARE (E.G., KIDNEY DISEASE PROGRESSION, EXCESS DAYS IN ACUTE CARE, ADVERSE DRUG EVENTS, GUIDELINE-CONCORDANT CARE) IN RURAL PATIENTS USING A PRAGMATIC CLUSTER RANDOMIZED TRIAL CONDUCTED IN THE MAYO CLINIC HEALTH SYSTEM (MCHS; AIM 1). WE WILL THEN RICHLY CHARACTERIZE THE RURAL AKI SURVIVOR EXPERIENCE INCLUDING ILLNESS BURDEN, TREATMENT BURDEN, AND PATIENT CAPACITY (AIM 2A) AND ASSESS THE IMPACT OF ACT (AIM 2B) USING QUALITATIVE DATA GATHERED FROM RURAL PATIENTS AT MCHS AND THE UNIVERSITY OF MARYLAND MEDICAL SYSTEM. THIS INNOVATIVE PROPOSAL LEVERAGES DIGITAL HEALTH AND THE MULTIDISCIPLINARY TEAM TO IMPROVE OUTCOMES AND REDUCE HEALTH DISPARITIES FOR AKI SURVIVORS IN RURAL SETTINGS.",NON,NOT RECOVERY ACT,M,NONPROFIT WITH 501C3 IRS STATUS (OTHER THAN AN INSTITUTION OF HIGHER EDUCATION),2,NON-AGGREGATE RECORD,,,,,,,,,,,https://www.usaspending.gov/award/ASST_NON_R01DK145433_075/,2026-03-05 22:04:43.296484+00
ASST_NON_R01EB038366_075,R01EB038366,R01EB038366-1301856044,SAI UNAVAILABLE,,,,,,2026-03-02,2026,662737.00,,121043.00,0.00,662737.00,0.00,0.00,2026-03-02,2026,2026-03-05,2030-02-28,075,Department of Health and Human Services,7529,National Institutes of Health,75N800,NIH National Institute of Biomedical Imaging and Bioengineering,075,Department of Health and Human Services,7529,National Institutes of Health,75N800,NIH National Institute of Biomedical Imaging and Bioengineering,,,,,FPU6XGFXMBE9,,UNIVERSITY OF NOTRE DAME DU LAC,UNIVERSITY OF NOTRE DAME DU LAC,FPU6XGFXMBE9,,UNIVERSITY OF NOTRE DAME DU LAC,USA,UNITED STATES,940 GRACE HALL,,,NOTRE DAME,18141,ST. JOSEPH,18,IN,INDIANA,46556,5708,IN-02,IN-02,,,,SINGLE ZIP CODE,USA,UNITED STATES,IN00000,NOTRE DAME,18141,ST. JOSEPH,18,INDIANA,46556,IN-02,IN-02,,93.286: DISCOVERY AND APPLIED RESEARCH FOR TECHNOLOGICAL INNOVATIONS TO IMPROVE HUMAN HEALTH,PA-25-301,"<P>THE GOALS ARE:</P><UL><LI>TO FOSTER FUNDAMENTAL CREATIVE DISCOVERIES, INNOVATIVE RESEARCH STRATEGIES, AND THEIR APPLICATIONS AS A BASIS FOR ULTIMATELY PROTECTING AND IMPROVING HEALTH;</LI><LI>TO DEVELOP, MAINTAIN, AND RENEW SCIENTIFIC HUMAN AND PHYSICAL RESOURCES THAT WILL ENSURE THE NATION'S CAPABILITY TO PREVENT DISEASE;</LI><LI>TO EXPAND THE KNOWLEDGE BASE IN MEDICAL AND ASSOCIATED SCIENCES IN ORDER TO ENHANCE THE NATION'S ECONOMIC WELL-BEING AND ENSURE A CONTINUED HIGH RETURN ON THE PUBLIC INVESTMENT IN RESEARCH; AND</LI><LI>TO EXEMPLIFY AND PROMOTE THE HIGHEST LEVEL OF SCIENTIFIC INTEGRITY, PUBLIC ACCOUNTABILITY, AND SOCIAL RESPONSIBILITY IN THE CONDUCT OF SCIENCE.</LI></UL><P>IN REALIZING THESE GOALS, THE NIH PROVIDES LEADERSHIP AND DIRECTION TO PROGRAMS DESIGNED TO IMPROVE THE HEALTH OF THE NATION BY CONDUCTING AND SUPPORTING RESEARCH:</P><UL><LI>IN THE CAUSES, DIAGNOSIS, PREVENTION, AND CURE OF HUMAN DISEASES;</LI><LI>IN THE PROCESSES OF HUMAN GROWTH AND DEVELOPMENT;</LI><LI>IN THE BIOLOGICAL EFFECTS OF ENVIRONMENTAL CONTAMINANTS;</LI><LI>IN THE UNDERSTANDING OF MENTAL, ADDICTIVE AND PHYSICAL DISORDERS; AND</LI><LI>IN DIRECTING PROGRAMS FOR THE COLLECTION, DISSEMINATION, AND EXCHANGE OF INFORMATION IN MEDICINE AND HEALTH, INCLUDING THE DEVELOPMENT AND SUPPORT OF MEDICAL LIBRARIES AND THE TRAINING OF MEDICAL LIBRARIANS AND OTHER HEALTH INFORMATION SPECIALISTS.</LI></UL>",04,PROJECT GRANT (B),"AUTONOMOUS HYBRID BIOPRINTING OF HIERARCHICAL PERFUSABLE VASCULARIZED LIVER TISSUES - ABSTRACT WITH THE PROGRESS IN VASCULAR BIOENGINEERING, THREE-DIMENSIONAL (3D) BIOPRINTING HAS EMERGED AS A POTENTIAL APPROACH FOR GENERATING PHYSIOLOGICALLY RELEVANT BLOOD VESSELS WITH THE ABILITY TO GROW, REMODEL, AND REPAIR VASCULAR STRUCTURES IN VITRO AND IN VIVO. DIFFERENT 3D BIOPRINTING TECHNIQUES AND STRATEGIES HAVE BEEN INVESTIGATED AND ESTABLISHED OVER THE PAST YEARS TO FABRICATE BIOMIMETIC BLOOD VESSELS AND ARE CONSTANTLY BEING REFINED AND IMPROVED. TO THIS END, SACRIFICIAL BIOPRINTING TECHNOLOGIES DEVELOPED IN THE PAST FEW YEARS HAVE PROVIDED A CONVENIENT SOLUTION FOR THIS PROBLEM DUE TO ITS CAPABILITY TO FABRICATE INTERCONNECTED MICROCHANNELS OF ARBITRARY GEOMETRIES AND CONNECTIVITY. HOWEVER, ALTHOUGH SACRIFICIAL BIOPRINTING PROVIDES A VERSATILE METHOD TO CREATE VESSEL-LIKE STRUCTURES, THERE ARE TWO MAJOR OBSTACLES PREVENTING ITS FURTHER GROWTH, I.E., THE PATTERNS ATTAINABLE ARE RELATIVELY SIMPLE, AND THE RESOLUTIONS ATTAINABLE FOR THE PERFUSABLE VESSELS ARE INSUFFICIENT IN MOST CASES, BOTH DUE TO THE EXTRUSION BIOPRINTING METHOD THAT HAS BEEN EXCLUSIVELY UTILIZED IN SACRIFICIAL BIOPRINTING SO FAR. WE ACCORDINGLY PROPOSE TO DEVELOP AN INNOVATIVE HYBRID MULTI-MATERIAL AND MULTI- METHOD AUTONOMOUS PRINTING (HM2AP) TECHNOLOGY INTEGRATING AEROSOL JET SACRIFICIAL PRINTING AND EXTRUSION BIOPRINTING, WHICH ENABLES FACILE CONSTRUCTION OF 3D COMPLEX AND HIERARCHICAL VASCULAR STRUCTURES WITH FEATURE SIZES RANGING FROM 10-100 ΜM EMBEDDED WITHIN TISSUE MICROENVIRONMENTS. SUCCESSFUL COMPLETION OF THIS PROJECT WILL BUILD A PARADIGM-SHIFTING BIOPRINTING TECHNOLOGY USING WHICH COMPLEX AND HIERARCHICAL VESSELS OF VARYING DIMENSIONS CAN BE READILY GENERATED.",NON,NOT RECOVERY ACT,O,PRIVATE INSTITUTION OF HIGHER EDUCATION,2,NON-AGGREGATE RECORD,,,,,,,,,,,https://www.usaspending.gov/award/ASST_NON_R01EB038366_075/,2026-03-05 22:04:43.296484+00
ASST_NON_R03AG093243_075,R03AG093243,R03AG093243-2990114386,SAI UNAVAILABLE,,,,,,2026-03-02,2026,296232.00,,96232.00,0.00,296232.00,0.00,0.00,2026-03-02,2026,2026-03-15,2028-02-29,075,Department of Health and Human Services,7529,National Institutes of Health,75NN00,NIH National Insitute on Aging,075,Department of Health and Human Services,7529,National Institutes of Health,75NN00,NIH National Insitute on Aging,,,,,JF2BLNN4PJC3,,FLORIDA STATE UNIVERSITY,FLORIDA STATE UNIVERSITY,,,,USA,UNITED STATES,874 TRADITIONS WAY,,70600,TALLAHASSEE,12073,LEON,12,FL,FLORIDA,32306,0001,FL-02,FL-02,,,,STATE-WIDE,USA,UNITED STATES,FL*****,,,,12,FLORIDA,,FL-90,,,93.866: AGING RESEARCH,PAR-23-179,"TO ENCOURAGE BIOMEDICAL, SOCIAL, AND BEHAVIORAL RESEARCH AND RESEARCH TRAINING DIRECTED TOWARD GREATER UNDERSTANDING OF THE AGING PROCESS AND THE DISEASES, SPECIAL PROBLEMS, AND NEEDS OF PEOPLE AS THEY AGE. THE NATIONAL INSTITUTE ON AGING HAS ESTABLISHED PROGRAMS TO PURSUE THESE GOALS.  THE DIVISION OF AGING BIOLOGY EMPHASIZES UNDERSTANDING THE BASIC BIOLOGICAL PROCESSES OF AGING.  THE DIVISION OF GERIATRICS AND CLINICAL GERONTOLOGY SUPPORTS RESEARCH TO IMPROVE THE ABILITIES OF HEALTH CARE PRACTITIONERS TO RESPOND TO THE DISEASES AND OTHER CLINICAL PROBLEMS OF OLDER PEOPLE.  THE DIVISION OF BEHAVIORAL AND SOCIAL RESEARCH SUPPORTS RESEARCH THAT WILL LEAD TO GREATER UNDERSTANDING OF THE SOCIAL, CULTURAL, ECONOMIC AND PSYCHOLOGICAL FACTORS THAT AFFECT BOTH THE PROCESS OF GROWING OLD AND THE PLACE OF OLDER PEOPLE IN SOCIETY. THE DIVISION OF NEUROSCIENCE FOSTERS RESEARCH CONCERNED WITH THE AGE-RELATED CHANGES IN THE NERVOUS SYSTEM AS WELL AS THE RELATED SENSORY, PERCEPTUAL, AND COGNITIVE PROCESSES ASSOCIATED WITH AGING AND HAS A SPECIAL EMPHASIS ON ALZHEIMER'S DISEASE. SMALL BUSINESS INNOVATION RESEARCH (SBIR) PROGRAM: TO EXPAND AND IMPROVE THE SBIR PROGRAM, TO INCREASE PRIVATE SECTOR COMMERCIALIZATION OF INNOVATIONS DERIVED FROM FEDERAL RESEARCH AND DEVELOPMENT, TO INCREASE SMALL BUSINESS PARTICIPATION IN FEDERAL RESEARCH AND DEVELOPMENT, AND TO FOSTER AND ENCOURAGE PARTICIPATION OF SOCIALLY AND ECONOMICALLY DISADVANTAGED SMALL BUSINESS CONCERNS AND WOMEN-OWNED SMALL BUSINESS CONCERNS IN TECHNOLOGICAL INNOVATION.  SMALL BUSINESS TECHNOLOGY TRANSFER (STTR) PROGRAM: TO STIMULATE AND FOSTER SCIENTIFIC AND TECHNOLOGICAL INNOVATION THROUGH COOPERATIVE RESEARCH DEVELOPMENT CARRIED OUT BETWEEN SMALL BUSINESS CONCERNS AND RESEARCH INSTITUTIONS, TO FOSTER TECHNOLOGY TRANSFER BETWEEN SMALL BUSINESS CONCERNS AND RESEARCH INSTITUTIONS, TO INCREASE PRIVATE SECTOR COMMERCIALIZATION OF INNOVATIONS DERIVED FROM FEDERAL RESEARCH AND DEVELOPMENT, AND TO FOSTER AND ENCOURAGE PARTICIPATION OF SOCIALLY AND ECONOMICALLY DISADVANTAGED SMALL BUSINESS CONCERNS AND WOMEN-OWNED SMALL BUSINESS CONCERNS IN TECHNOLOGICAL INNOVATION.",04,PROJECT GRANT (B),"INVESTIGATING THALAMOCORTICAL SPIKE DYNAMICS TO INCREASE SLEEP STABILITY AND MEMORY IN ALZHEIMER’S DISEASE - OUR LONG-TERM OBJECTIVE IS TO DETERMINE HOW THALAMIC NETWORKS CONTRIBUTE TO SLEEP AND MEMORY IN THE NORMAL AND DISEASED BRAIN. THE GOAL OF THIS PROJECT IS TO INVESTIGATE THE BASIC MECHANISMS BY WHICH THE SPIKE DYNAMICS IN COGNITIVE THALAMIC CIRCUITS CONTRIBUTE TO SLEEP STABILITY AND MEMORY CONSOLIDATION.  A GROWING BODY OF LITERATURE INDICATES THAT SLEEP FRAGMENTATION OCCURS IN PRE-CLINICAL STAGES AND PREDICTS THE PROGRESSION OF ALZHEIMER’S DISEASE (AD). THALAMOCORTICAL NEURONS HAVE BEEN IMPLICATED IN THE PROGRESSION OF AD AND THEIR SLEEP ACTIVITY IS ALSO ASSOCIATED WITH INCREASED SLEEP STABILITY. REMARKABLY, THE MECHANISTIC LINK BETWEEN THALAMIC SPIKE ACTIVITY, SLEEP STABILITY, AND AD PROGRESSION REMAINS UNCLEAR.  WE AIM TO ANSWER TWO QUESTIONS. FIRST, WE WILL USE OPTOGENETICS, PHARMACOLOGY, AND ELECTROPHYSIOLOGY IN BEHAVING RATS TO UNDERSTAND HOW THE SPIKE DYNAMICS (SUCH AS SPIKES OCCURRING IN GROUPS OR BURSTS) IN THALAMOCORTICAL NEURONS REGULATE SLEEP MICROARCHITECTURE AND STABILITY. SECOND, WE WILL USE A RAT AD MODEL TO TEST THE HYPOTHESIS THAT INCREASING THE OCCURRENCE OF SPIKE BURSTS IN THALAMOCORTICAL NEURONS DELAYS THE PROGRESSION OF AD DISEASE AND THE DETERIORATION OF MEMORY.  THE OUTCOME OF THIS WORK WILL BE A BETTER UNDERSTANDING OF THE BASIC MECHANISMS AND CAUSAL CONTRIBUTION OF THALAMOCORTICAL NEURONS TO SLEEP STABILITY. WE WILL ALSO DETERMINE HOW INCREASING SLEEP STABILITY BENEFITS MEMORY FUNCTION AND DELAYS AD PROGRESSION IN A RAT MODEL OF AD.  GIVEN THE COMMON OCCURRENCE OF SLEEP DISRUPTION IN NEURODEGENERATIVE DISEASES, THESE OUTCOMES CAN SIGNIFICANTLY CONTRIBUTE TO THE DEVELOPMENT OF EFFECTIVE THERAPEUTIC INTERVENTIONS FOR ALZHEIMER’S DISEASE AND RELATED DEMENTIAS.",NON,NOT RECOVERY ACT,H,PUBLIC/STATE CONTROLLED INSTITUTION OF HIGHER EDUCATION,2,NON-AGGREGATE RECORD,,,,,,,,,,,https://www.usaspending.gov/award/ASST_NON_R03AG093243_075/,2026-03-05 22:04:43.296484+00
ASST_NON_R13AI197800_075,R13AI197800,R13AI197800-3033864282,SAI UNAVAILABLE,,,,,,2026-03-03,2026,19000.00,,0.00,0.00,19000.00,0.00,0.00,2026-03-03,2026,2026-03-03,2027-02-28,075,Department of Health and Human Services,7529,National Institutes of Health,75NM00,NIH National Institute of Allergy and Infectious Diseases,075,Department of Health and Human Services,7529,National Institutes of Health,75NM00,NIH National Institute of Allergy and Infectious Diseases,,,,,XL5ANMKWN557,,GORDON RESEARCH CONFERENCES,GORDON RESEARCH CONFERENCES,,,,USA,UNITED STATES,5586 POST RD UNIT 2,,22420,EAST GREENWICH,44003,KENT,44,RI,RHODE ISLAND,02818,3454,RI-02,RI-02,,,,SINGLE ZIP CODE,USA,UNITED STATES,RI22420,EAST GREENWICH,44003,KENT,44,RHODE ISLAND,028183465,RI-02,RI-02,,93.395: CANCER TREATMENT RESEARCH; 93.855: ALLERGY AND INFECTIOUS DISEASES RESEARCH,PA-25-080,"TO ASSIST PUBLIC AND PRIVATE NONPROFIT INSTITUTIONS AND INDIVIDUALS TO ESTABLISH, EXPAND AND IMPROVE BIOMEDICAL RESEARCH AND RESEARCH TRAINING IN INFECTIOUS DISEASES AND RELATED AREAS, TO CONDUCT DEVELOPMENTAL RESEARCH, TO PRODUCE AND TEST RESEARCH MATERIALS.  TO ASSIST PUBLIC, PRIVATE AND COMMERCIAL INSTITUTIONS TO CONDUCT DEVELOPMENTAL RESEARCH, TO PRODUCE AND TEST RESEARCH MATERIALS, TO PROVIDE RESEARCH SERVICES AS REQUIRED BY THE AGENCY FOR PROGRAMS IN INFECTIOUS DISEASES, AND CONTROLLING DISEASE CAUSED BY INFECTIOUS OR PARASITIC AGENTS, ALLERGIC AND IMMUNOLOGIC DISEASES AND RELATED AREAS.   PROJECTS RANGE FROM STUDIES OF MICROBIAL PHYSIOLOGY AND ANTIGENIC STRUCTURE TO COLLABORATIVE TRIALS OF EXPERIMENTAL DRUGS AND VACCINES, MECHANISMS OF RESISTANCE TO ANTIBIOTICS AS WELL AS RESEARCH DEALING WITH EPIDEMIOLOGICAL OBSERVATIONS IN HOSPITALIZED PATIENTS OR COMMUNITY POPULATIONS AND PROGRESS IN ALLERGIC AND IMMUNOLOGIC DISEASES.  BECAUSE OF THIS DUAL FOCUS, THE PROGRAM ENCOMPASSES BOTH BASIC RESEARCH AND CLINICAL RESEARCH.  SMALL BUSINESS INNOVATION RESEARCH (SBIR) PROGRAM EXPANDS AND IMPROVES PRIVATE SECTOR PARTICIPATION IN BIOMEDICAL RESEARCH. THE SBIR PROGRAM INTENDS TO INCREASE AND FACILITATE PRIVATE SECTOR COMMERCIALIZATION OF INNOVATIONS DERIVED FROM FEDERAL RESEARCH AND DEVELOPMENT, TO INCREASE SMALL BUSINESS PARTICIPATION IN FEDERAL RESEARCH AND DEVELOPMENT, AND TO FOSTER AND ENCOURAGE PARTICIPATION OF SOCIALLY AND ECONOMICALLY DISADVANTAGED SMALL BUSINESS CONCERNS AND WOMEN-OWNED SMALL BUSINESS CONCERNS IN TECHNOLOGICAL INNOVATION.  THE SMALL BUSINESS TECHNOLOGY TRANSFER (STTR) PROGRAM STIMULATES AND FOSTERS SCIENTIFIC AND TECHNOLOGICAL INNOVATION THROUGH COOPERATIVE RESEARCH AND DEVELOPMENT CARRIED OUT BETWEEN SMALL BUSINESS CONCERNS AND RESEARCH INSTITUTIONS, TO FOSTER TECHNOLOGY TRANSFER BETWEEN SMALL BUSINESS CONCERNS AND RESEARCH INSTITUTIONS, TO INCREASE PRIVATE SECTOR COMMERCIALIZATION OF INNOVATIONS DERIVED FROM FEDERAL RESEARCH AND DEVELOPMENT, AND TO FOSTER AND ENCOURAGE PARTICIPATION OF SOCIALLY AND ECONOMICALLY DISADVANTAGED SMALL BUSINESS CONCERNS AND WOMEN-OWNED SMALL BUSINESS CONCERNS IN TECHNOLOGICAL INNOVATION.   RESEARCH CAREER DEVELOPMENT AWARDS SUPPORT THE DEVELOPMENT OF SCIENTISTS DURING THE FORMATIVE STAGES OF THEIR CAREERS.   INDIVIDUAL NATIONAL RESEARCH SERVICE AWARDS (NRSAS) ARE MADE DIRECTLY TO APPROVE APPLICANTS FOR RESEARCH TRAINING IN SPECIFIED BIOMEDICAL SHORTAGE AREAS.  IN ADDITION, INSTITUTIONAL NATIONAL RESEARCH SERVICE AWARDS ARE MADE TO ENABLE INSTITUTIONS TO SELECT AND MAKE AWARDS TO INDIVIDUALS TO RECEIVE TRAINING UNDER THE AEGIS OF THEIR INSTITUTIONAL PROGRAM.",04,PROJECT GRANT (B),"2026 IMMUNOENGINEERING GORDON RESEARCH CONFERENCE AND GORDON RESEARCH SEMINAR - SUMMARY FOR THE 2026 GRC IMMUNOENGINEERING IMMUNOENGINEERING INTEGRATES IMMUNOLOGY, BIOENGINEERING, AND COMPUTATIONAL SCIENCES TO ADVANCE TREATMENTS FOR CANCER, INFECTIOUS DISEASES, AUTOIMMUNE DISORDERS, AND TRANSPLANTATION. KEY INNOVATIONS LIKE CAR T-CELL THERAPIES, BISPECIFIC ANTIBODIES, AND MRNA VACCINES ADDRESS GLOBAL HEALTH THREATS. ADVANCES IN NANOTECHNOLOGY, BIOMATERIALS, AI-DRIVEN BIOMARKER DISCOVERY, AND COMPUTATIONAL MODELING ENHANCE IMMUNE MODULATION AND DRUG DELIVERY. THE FIELD BRIDGES SYNTHETIC BIOLOGY, MATERIALS SCIENCE, AND DATA SCIENCE TO ACCELERATE BENCH-TO-BEDSIDE TRANSLATION, IMPACTING DIVERSE MEDICAL APPLICATIONS. GROWING INVESTMENT FROM FEDERAL AGENCIES (NIH, NIAID, NCI, NIBIB) AND UNIVERSITIES SUPPORTS IMMUNOENGINEERING RESEARCH AND TRAINING. DESPITE INCREASING INTEREST, EXISTING CONFERENCES LIMIT COLLABORATION. THE GORDON RESEARCH CONFERENCE (GRC) ON IMMUNOENGINEERING, FIRST HELD IN 2022, IS THE ONLY DEDICATED INTERNATIONAL MEETING ADVANCING INTERDISCIPLINARY EXCHANGE AND CLINICAL APPLICATIONS. THE GOAL OF THE “2026 IMMUNOENGINEERING GRC: CELLS, PROTEINS, AND BIOMATERIALS IN TRANSLATIONAL MEDICINE” IS TO SHARE ADVANCES ACROSS ALL SUBFIELDS SIMULTANEOUSLY, TO CATALYZE NEW IDEAS AND COLLABORATIONS, AND THUS SERVE AS THE NATIONAL AND INTERNATIONAL CONFERENCE “HOME” FOR THE IMMUNOENGINEERING COMMUNITY. THE 2026 IMMUNOENGINEERING GRC WILL BALANCE IMMUNOLOGY, TRANSLATIONAL SCIENCE, BIOMATERIALS, AND NANOTECHNOLOGY, SHAPING IMMUNOTHERAPY, VACCINE DEVELOPMENT, AND IMMUNE MODULATION STRATEGIES. THE CONFERENCE PRIORITIZES ACADEMIC-INDUSTRY DIALOGUE, FEATURING STRUCTURED MENTORING, POSTER SESSIONS, AND CAREER DEVELOPMENT FOR TRAINEES AND JUNIOR INVESTIGATORS. GRC’S ESTABLISHED FORMAT WILL ENSURE PRODUCTIVE SCIENTIFIC EXCHANGE IN A SUPPORTIVE ENVIRONMENT. WE WILL FULFILL THE FOLLOWING SPECIFIC AIMS: AIM 1: ADVANCE PROGRESS IN IMMUNOENGINEERING AT TWO LEVELS – BY PROMOTING COLLABORATIONS AND RELATIONSHIPS ACROSS SCIENTIFIC DISCIPLINES (FUNDAMENTAL AND TRANSLATIONAL SCIENCE) AND BY FOSTERING INTERACTIONS BETWEEN ACADEMIA AND INDUSTRY. AIM 2: ADVANCE THE CAREERS OF NEW INVESTIGATORS AND TRAINEES IN THE FIELD OF IMMUNOENGINEERING BY SHOWCASING THEIR WORK AND FACILITATING NETWORKING WITH SENIOR INVESTIGATORS AND PEER MENTORS.",NON,NOT RECOVERY ACT,M,NONPROFIT WITH 501C3 IRS STATUS (OTHER THAN AN INSTITUTION OF HIGHER EDUCATION),2,NON-AGGREGATE RECORD,,,,,,,,,,,https://www.usaspending.gov/award/ASST_NON_R13AI197800_075/,2026-03-05 22:04:43.296484+00
ASST_NON_R21NS142822_075,R21NS142822,R21NS142822-713835208,SAI UNAVAILABLE,,,,,,2026-03-02,2026,420750.00,,145750.00,0.00,420750.00,0.00,0.00,2026-03-02,2026,2026-03-02,2028-02-29,075,Department of Health and Human Services,7529,National Institutes of Health,75NQ00,NIH National Institute of Neurological Disorders and Stroke,075,Department of Health and Human Services,7529,National Institutes of Health,75NQ00,NIH National Institute of Neurological Disorders and Stroke,,,,,DQDBM7FGJPC5,,IOWA STATE UNIVERSITY OF SCIENCE AND TECHNOLOGY,IOWA STATE UNIVERSITY OF SCIENCE AND TECHNOLOGY,DQDBM7FGJPC5,,IOWA STATE UNIVERSITY OF SCIENCE AND TECHNOLOGY,USA,UNITED STATES,1350 BEARDSHEAR HALL,515 MORRILL ROAD,01855,AMES,19169,STORY,19,IA,IOWA,50011,2103,IA-04,IA-04,,,,SINGLE ZIP CODE,USA,UNITED STATES,IA01855,AMES,19169,STORY,19,IOWA,500110008,IA-04,IA-04,,93.853: EXTRAMURAL RESEARCH PROGRAMS IN THE NEUROSCIENCES AND NEUROLOGICAL DISORDERS,PA-25-150,"(1) TO SUPPORT EXTRAMURAL RESEARCH FUNDED BY THE NATIONAL INSTITUTE OF NEUROLOGICAL DISORDERS AND STROKE (NINDS) INCLUDING: BASIC RESEARCH THAT EXPLORES THE FUNDAMENTAL STRUCTURE AND FUNCTION OF THE BRAIN AND THE NERVOUS SYSTEM, RESEARCH TO UNDERSTAND THE CAUSES AND ORIGINS OF PATHOLOGICAL CONDITIONS OF THE NERVOUS SYSTEM WITH THE GOAL OF PREVENTING THESE DISORDERS, RESEARCH ON THE NATURAL COURSE OF NEUROLOGICAL DISORDERS, IMPROVED METHODS OF DISEASE PREVENTION, NEW METHODS OF DIAGNOSIS AND TREATMENT, DRUG DEVELOPMENT, DEVELOPMENT OF NEURAL DEVICES, CLINICAL TRIALS, AND RESEARCH TRAINING IN BASIC, TRANSLATIONAL AND CLINICAL NEUROSCIENCE. THE INSTITUTE IS THE LARGEST FUNDER OF BASIC NEUROSCIENCE IN THE US AND SUPPORTS RESEARCH ON TOPICS INCLUDING BUT NOT LIMITED TO: DEVELOPMENT OF THE NERVOUS SYSTEM, INCLUDING NEUROGENESIS AND PROGENITOR CELL BIOLOGY, SIGNAL TRANSDUCTION IN DEVELOPMENT AND PLASTICITY, AND PROGRAMMED CELL DEATH, SYNAPSE FORMATION, FUNCTION, AND PLASTICITY,  LEARNING AND MEMORY, CHANNELS, TRANSPORTERS, AND PUMPS, CIRCUIT FORMATION AND MODULATION,  BEHAVIORAL AND COGNITIVE NEUROSCIENCE, SENSORIMOTOR LEARNING, INTEGRATION AND EXECUTIVE FUNCTION, NEUROENDOCRINE SYSTEMS, SLEEP AND CIRCADIAN RHYTHMS, AND SENSORY AND MOTOR SYSTEMS.  IN ADDITION, THE INSTITUTE SUPPORTS BASIC, TRANSLATIONAL AND CLINICAL STUDIES ON A NUMBER OF DISORDERS OF THE NERVOUS SYSTEM INCLUDING (BUT NOT LIMITED TO): STROKE, TRAUMATIC INJURY TO THE BRAIN, SPINAL CORD AND PERIPHERAL NERVOUS SYSTEM, NEURODEGENERATIVE DISORDERS, MOVEMENT DISORDERS, BRAIN TUMORS, CONVULSIVE DISORDERS, INFECTIOUS DISORDERS OF THE BRAIN AND NERVOUS SYSTEM, IMMUNE DISORDERS OF THE BRAIN AND NERVOUS SYSTEM, INCLUDING MULTIPLE SCLEROSIS, DISORDERS RELATED TO SLEEP, AND PAIN. PROGRAMMATIC AREAS, WHICH ARE PRIMARILY SUPPORTED BY THE DIVISION OF NEUROSCIENCE, ARE ALSO SUPPORTED BY THE DIVISION OF EXTRAMURAL ACTIVITIES, THE DIVISION OF TRANSLATIONAL RESEARCH, THE DIVISION OF CLINICAL RESEARCH, THE OFFICE OF TRAINING AND WORKFORCE DEVELOPMENT, THE OFFICE OF PROGRAMS TO ENHANCE NEUROSCIENCE WORKFORCE DEVELOPMENT, AND THE OFFICE OF INTERNATIONAL ACTIVITIES. (2) TO EXPAND AND IMPROVE THE SMALL BUSINESS INNOVATION RESEARCH (SBIR) PROGRAM, TO INCREASE PRIVATE SECTOR COMMERCIALIZATION OF INNOVATIONS DERIVED FROM FEDERAL RESEARCH AND DEVELOPMENT, TO INCREASE SMALL BUSINESS PARTICIPATION IN FEDERAL RESEARCH AND DEVELOPMENT, AND TO FOSTER AND ENCOURAGE PARTICIPATION OF SOCIALLY AND ECONOMICALLY DISADVANTAGED SMALL BUSINESS CONCERNS AND WOMEN-OWNED SMALL BUSINESS CONCERNS IN TECHNOLOGICAL INNOVATION. TO UTILIZE THE SMALL BUSINESS TECHNOLOGY TRANSFER (STTR) PROGRAM, TO STIMULATE AND FOSTER SCIENTIFIC AND TECHNOLOGICAL INNOVATION THROUGH COOPERATIVE RESEARCH AND DEVELOPMENT CARRIED OUT BETWEEN SMALL BUSINESS CONCERNS AND RESEARCH INSTITUTIONS, TO FOSTER TECHNOLOGY TRANSFER BETWEEN SMALL BUSINESS CONCERNS AND RESEARCH INSTITUTIONS, TO INCREASE PRIVATE SECTOR COMMERCIALIZATION OF INNOVATIONS DERIVED FROM FEDERAL RESEARCH AND DEVELOPMENT, AND TO FOSTER AND ENCOURAGE PARTICIPATION OF SOCIALLY AND ECONOMICALLY DISADVANTAGED SMALL BUSINESS CONCERNS AND WOMEN-OWNED SMALL BUSINESS CONCERNS IN TECHNOLOGICAL INNOVATION.",04,PROJECT GRANT (B),"TRANSCRIPTOME- AND PROTEOME-WIDE EFFECTS OF CIRCULAR RNAS OF SMA GENES - PROJECT SUMMARY: SPINAL MUSCULAR ATROPHY (SMA), THE LEADING GENETIC CAUSE OF INFANT MORTALITY, RESULTS FROM DEFICIENCY OF SURVIVAL MOTOR NEURON (SMN) PROTEIN DUE TO DELETIONS OF OR MUTATIONS IN THE SMN1 GENE. SMN2, A NEAR IDENTICAL COPY OF SMN1, FAILS TO COMPENSATE FOR THE LOSS OF SMN1 DUE TO PREDOMINANT SKIPPING OF EXON 7. SMN1/2 HARBOR UNUSUALLY HIGH NUMBERS OF ALU ELEMENTS THAT ARE OFTEN ASSOCIATED WITH THE GENERATION OF CIRCULAR RNAS (CIRCRNAS). CONSISTENTLY, WE AND OTHERS HAVE REPORTED A HUGE REPERTOIRE OF CIRCRNAS PRODUCED BY SMN1/2. C2A-2B-3-4, C2B-3-4 AND C3-4 ENCOMPASSING EARLY EXONS OF SMN1/2 ARE THE MOST ABUNDANTLY- EXPRESSED SMN1/2 CIRCRNAS. WE PREVIOUSLY REPORTED THAT C2A-2B-3-4 IS DOWNREGULATED IN TYPE 1 SMA PATIENT CELLS, AND ITS EXPRESSION IS CROSS-REGULATED BY C2B-3-4 AND C3-4. A RECENT REPORT SHOWED A CORRELATION BETWEEN OVEREXPRESSION OF C2B-3-4 AND IMPROVED MOTOR OUTCOMES IN TYPE I SMA PATIENTS TREATMENT WITH NUSINERSEN, AN ANTISENSE OLIGONUCLEOTIDE-BASED DRUG. THESE FINDINGS UNDERSCORE SMN1/2 CIRCRNAS AS NOVEL CANDIDATES FOR DIAGNOSIS AND THERAPY. YET, VERY LITTLE IS KNOWN ABOUT THE FUNCTIONS OF SMN1/2 CIRCRNAS. WE RECENTLY PERFORMED TRANSCRIPTOME AND PROTEOME ANALYSIS OF INDUCIBLE HEK293 CELLS STABLY OVEREXPRESSING C2A-2B-3-4. OUR RESULTS CAPTURED THE ALTERED EXPRESSION OF 4172 GENES AND 118 PROTEINS. SURPRISINGLY, WE ALSO OBSERVED CHROMOSOME-SPECIFIC EFFECTS AS EXPRESSION OF MANY GENES LOCATED ON CHROMOSOMES 4, 7, 10 AND X WERE SPECIFICALLY IMPACTED. IN THIS PROPOSAL, WE WILL PERFORM SIMILAR TRANSCRIPTOME AND PROTEOME ANALYSIS OF INDUCIBLE HEK293 CELLS STABLY OVEREXPRESSING C2B-3-4 AND C3-4. WE WILL EXPAND THIS STUDY TO EXAMINE THE EFFECT OF THE TRANSIENT OVEREXPRESSION OF C2A-2B-3-4, C2B-3-4 AND C3-4 IN DIFFERENT CELL TYPES, INCLUDING HELA, NEURONAL SH-SY5Y, MOTOR NEURON-LIKE NSC-34 CELLS AS WELL AS IN SMA PATIENT FIBROBLASTS. WE WILL ALSO EXAMINE THE EFFECT OF DEPLETION OF C2A-2B-3-4, C2B-3-4 AND C3-4 ON THE TRANSCRIPTOME AND PROTEOME IN DIFFERENT CELL TYPES. WE WILL INDEPENDENTLY VALIDATE THE FINDINGS OF TRANSCRIPTOMIC AND PROTEOMIC DATA BY QPCR AND WESTERN BLOT, RESPECTIVELY. USING GEL-BASED ASSAYS, WE WILL VALIDATE THE EFFECTS OF C2A-2B-3-4, C2B-3-4 AND C3-4 ON SPLICING EVENTS. WE WILL PERFORM COMPUTATIONAL ANALYSIS TO UNCOVER POTENTIAL MIRNAS THAT ARE LIKELY TO BE SPONGED BY SMN1/2 CIRCRNAS AND AFFECT TRANSLATION OF THE TARGET PROTEINS. WE WILL INVESTIGATE IF SPECIFIC PROMOTERS AND/OR CHROMATIN MODIFICATIONS ARE DIRECT TARGETS OF C2A-2B-3-4, C2B-3-4 AND C3-4. FINDINGS WILL UNCOVER SMN PROTEIN-INDEPENDENT FUNCTIONS OF SMN1/2 IN DIVERSE CELLULAR PROCESSES, INCLUDING DNA REPLICATION, DNA REPAIR, TRANSCRIPTION, SPLICING, TRANSLATION, CELL SIGNALING, MACROMOLECULAR TRAFFICKING, STRESS GRANULE FORMATION, MITOCHONDRIAL REGENERATION, AND CYTOSKELETAL DYNAMICS. IMPORTANTLY, RESULTS WILL REVEAL COMMON AS WELL AS DISTINCT FUNCTIONS OF SMN1/2 CIRCRNAS DIFFERING BY ONE OR TWO EARLY EXONS OF SMN1/2. OUTCOMES WILL SIGNIFICANTLY ADVANCE OUR UNDERSTANDING OF SMA, AND POSSIBLY MANY OTHER DISEASES ASSOCIATED WITH THE ABERRANT EXPRESSION OF SMN1/2 CIRCRNAS.",NON,NOT RECOVERY ACT,H,PUBLIC/STATE CONTROLLED INSTITUTION OF HIGHER EDUCATION,2,NON-AGGREGATE RECORD,,,,,,,,,,,https://www.usaspending.gov/award/ASST_NON_R21NS142822_075/,2026-03-05 22:04:43.296484+00
ASST_NON_R35GM161651_075,R35GM161651,R35GM161651-66658779,SAI UNAVAILABLE,,,,,,2026-03-02,2026,413438.00,,157439.00,0.00,413438.00,0.00,0.00,2026-03-02,2026,2026-03-12,2031-02-28,075,Department of Health and Human Services,7529,National Institutes of Health,75NS00,NIH National Institute of General Medical Sciences,075,Department of Health and Human Services,7529,National Institutes of Health,75NS00,NIH National Institute of General Medical Sciences,,,,,TP7EK8DZV6N5,,DUKE UNIVERSITY,DUKE UNIVERSITY,,,DUKE UNIVERSITY,USA,UNITED STATES,2200 W MAIN ST,,19000,DURHAM,37063,DURHAM,37,NC,NORTH CAROLINA,27705,4640,NC-04,NC-04,,,,SINGLE ZIP CODE,USA,UNITED STATES,NC00000,DURHAM,37063,DURHAM,37,NORTH CAROLINA,27710,NC-04,NC-04,,93.859: BIOMEDICAL RESEARCH AND RESEARCH TRAINING,PAR-22-180,"THE NATIONAL INSTITUTE OF GENERAL MEDICAL SCIENCES (NIGMS) SUPPORTS BASIC RESEARCH THAT INCREASES OUR UNDERSTANDING OF BIOLOGICAL PROCESSES AND LAYS THE FOUNDATION FOR ADVANCES IN DISEASE DIAGNOSIS, TREATMENT, AND PREVENTION. NIGMS ALSO SUPPORTS RESEARCH IN SPECIFIC CLINICAL AREAS THAT AFFECT MULTIPLE ORGAN SYSTEMS: ANESTHESIOLOGY AND PERI-OPERATIVE PAIN, CLINICAL PHARMACOLOGY ?COMMON TO MULTIPLE DRUGS AND TREATMENTS, AND INJURY, CRITICAL ILLNESS, SEPSIS, AND WOUND HEALING.? NIGMS-FUNDED SCIENTISTS INVESTIGATE HOW LIVING SYSTEMS WORK AT A RANGE OF LEVELSFROM MOLECULES AND CELLS TO TISSUES AND ORGANSIN RESEARCH ORGANISMS, HUMANS, AND POPULATIONS. ADDITIONALLY, TO ENSURE THE VITALITY AND CONTINUED PRODUCTIVITY OF THE RESEARCH ENTERPRISE, NIGMS PROVIDES LEADERSHIP IN SUPPORTING THE TRAINING OF THE NEXT GENERATION OF SCIENTISTS, ENHANCING THE DIVERSITY OF THE SCIENTIFIC WORKFORCE, AND DEVELOPING RESEARCH CAPACITY THROUGHOUT THE COUNTRY.",04,PROJECT GRANT (B),"MECHANISM, REGULATION AND IMPACT OF TRANSPOSON ACTIVATION - PROJECT SUMMARY/ABSTRACT TRANSPOSONS, COMPRISING NEARLY 50% OF THE HUMAN GENOME, ARE POWERFUL AGENTS OF GENOMIC INSTABILITY AND EVOLUTIONARY CHANGE. DESPITE THEIR PREVALENCE, THE MECHANISMS REGULATING TRANSPOSON ACTIVATION, THEIR INTERACTIONS WITH HOST SYSTEMS, AND THEIR CONTRIBUTIONS TO HEALTH AND DISEASE REMAIN LARGELY UNDEREXPLORED. OUR RESEARCH LEVERAGES INNOVATIVE TOOLS, INCLUDING SINGLE-CELL RESOLUTION REPORTERS AND GENOME-WIDE APPROACHES, TO UNCOVER THE MECHANISMS OF TRANSPOSON REGULATION AND THEIR IMPACTS ON HOST BIOLOGY. BY USING DROSOPHILA AS A POWERFUL GENETIC SYSTEM, OUR PREVIOUS WORK HAS REVEALED HOW TRANSPOSONS HIJACK HOST DNA REPAIR MACHINERY FOR REPLICATION AND HOW PROGRAMMED RETROTRANSPOSON ACTIVATION SHAPES HOST IMMUNITY DURING DEVELOPMENT. WE HAVE ALSO IDENTIFIED NOVEL SILENCING FACTORS THAT PROTECT GERMLINE AND SOMATIC TISSUES FROM RETROTRANSPOSON MOBILIZATION, DEMONSTRATING THE PIVOTAL ROLE OF TRANSPOSON CONTROL IN GENOME STABILITY. THESE FINDINGS HAVE LAID THE GROUNDWORK FOR UNCOVERING HOST-TRANSPOSON DYNAMICS AND THEIR EVOLUTIONARY SIGNIFICANCE. OUR FUTURE RESEARCH WILL EXPAND ON THESE DISCOVERIES BY EXPLORING THE MECHANISMS UNDERLYING TRANSPOSON REGULATION, PARTICULARLY HOW HOST FACTORS INFLUENCE RETROTRANSPOSON ACTIVATION AND SILENCING. WE AIM TO IDENTIFY NEW REGULATORY FACTORS THROUGH GENOME-WIDE SCREENS AND DISSECT THEIR ROLES IN MAINTAINING GENOME INTEGRITY AND PREVENTING MOBILIZATION. ADDITIONALLY, WE WILL INVESTIGATE HOW PROGRAMMED ACTIVATION OF RETROTRANSPOSONS CAN CONFER ADAPTIVE ADVANTAGES, SUCH AS ENHANCING IMMUNE RESPONSES OR SHAPING HOST GENOME VARIATION. BY INTEGRATING CUTTING- EDGE GENOMIC, GENETIC, AND PROTEOMIC APPROACHES, WE AIM TO UNCOVER FUNDAMENTAL INSIGHTS INTO TRANSPOSON BIOLOGY AND ITS IMPLICATIONS FOR HEALTH AND DISEASE.",NON,NOT RECOVERY ACT,O,PRIVATE INSTITUTION OF HIGHER EDUCATION,2,NON-AGGREGATE RECORD,,,,,,,,,,,https://www.usaspending.gov/award/ASST_NON_R35GM161651_075/,2026-03-05 22:04:43.296484+00
ASST_NON_R35GM162026_075,R35GM162026,R35GM162026-689513477,SAI UNAVAILABLE,,,,,,2026-03-02,2026,500500.00,,175500.00,0.00,500500.00,0.00,0.00,2026-03-02,2026,2026-03-02,2030-12-31,075,Department of Health and Human Services,7529,National Institutes of Health,75NS00,NIH National Institute of General Medical Sciences,075,Department of Health and Human Services,7529,National Institutes of Health,75NS00,NIH National Institute of General Medical Sciences,,,,,LL8GLEVH6MG3,,UNIVERSITY OF UTAH,UNIVERSITY OF UTAH,,,THE UNIVERSITY OF UTAH,USA,UNITED STATES,201 PRESIDENTS CIR,,67000,SALT LAKE CITY,49035,SALT LAKE,49,UT,UTAH,84112,9049,UT-01,UT-01,,,,SINGLE ZIP CODE,USA,UNITED STATES,UT67000,SALT LAKE CITY,49035,SALT LAKE,49,UTAH,841129023,UT-01,UT-01,,93.859: BIOMEDICAL RESEARCH AND RESEARCH TRAINING,PAR-22-180,"THE NATIONAL INSTITUTE OF GENERAL MEDICAL SCIENCES (NIGMS) SUPPORTS BASIC RESEARCH THAT INCREASES OUR UNDERSTANDING OF BIOLOGICAL PROCESSES AND LAYS THE FOUNDATION FOR ADVANCES IN DISEASE DIAGNOSIS, TREATMENT, AND PREVENTION. NIGMS ALSO SUPPORTS RESEARCH IN SPECIFIC CLINICAL AREAS THAT AFFECT MULTIPLE ORGAN SYSTEMS: ANESTHESIOLOGY AND PERI-OPERATIVE PAIN, CLINICAL PHARMACOLOGY ?COMMON TO MULTIPLE DRUGS AND TREATMENTS, AND INJURY, CRITICAL ILLNESS, SEPSIS, AND WOUND HEALING.? NIGMS-FUNDED SCIENTISTS INVESTIGATE HOW LIVING SYSTEMS WORK AT A RANGE OF LEVELSFROM MOLECULES AND CELLS TO TISSUES AND ORGANSIN RESEARCH ORGANISMS, HUMANS, AND POPULATIONS. ADDITIONALLY, TO ENSURE THE VITALITY AND CONTINUED PRODUCTIVITY OF THE RESEARCH ENTERPRISE, NIGMS PROVIDES LEADERSHIP IN SUPPORTING THE TRAINING OF THE NEXT GENERATION OF SCIENTISTS, ENHANCING THE DIVERSITY OF THE SCIENTIFIC WORKFORCE, AND DEVELOPING RESEARCH CAPACITY THROUGHOUT THE COUNTRY.",04,PROJECT GRANT (B),"DEVELOPMENT AND APPLICATION OF NICOTINIC ACETYLCHOLINE RECEPTOR TARGETED PEPTIDES FOR BIOMEDICAL RESEARCH - OUR RESEARCH FOCUSES ON NICOTINIC ACETYLCHOLINE RECEPTORS (NACHRS), A DIVERSE FAMILY OF LIGAND-GATED ION CHANNELS KNOWN FOR THEIR ROLE IN MODULATING THE RELEASE OF CENTRAL NERVOUS SYSTEM NEUROTRANSMITTERS AND THEIR INVOLVEMENT IN BRAIN DISORDERS INCLUDING ADDICTION. RECENT STUDIES HAVE HIGHLIGHTED THEIR PIVOTAL ROLES BEYOND THE CENTRAL NERVOUS SYSTEM, INFLUENCING SIGNIFICANT DISEASE PROCESSES SUCH AS PERIPHERAL NEUROPATHIC PAIN, INFLAMMATION, TUMORIGENESIS, AND STRESS-INDUCED PATHOLOGIES. OVER THE NEXT FIVE YEARS, OUR GOALS INCLUDE: • DEVELOPING A UNIQUE LIBRARY OF PROBES TARGETED TO NACHR SUBTYPES THAT LACK SELECTIVE LIGANDS. WE WILL  ACCOMPLISH THIS THROUGH STRUCTURE-ACTIVITY-RELATIONSHIP STUDIES AND MINING THE PLETHORA OF NACHR-  TARGETED PEPTIDES REFINED OVER MILLIONS OF YEARS OF EVOLUTION BY CARNIVOROUS CONE SNAILS. • EXPLOITING EXISTING LIGANDS AS TOOLS TO ELUCIDATE THE STRUCTURAL, FUNCTIONAL, AND REGULATORY MECHANISMS OF NACHRS. • DETERMINING THE FUNCTIONAL ROLE OF NACHR SUBTYPES IN THE PATHOPHYSIOLOGY OF NEUROPATHIC PAIN STATES.  UNDERSTANDING THIS MECHANISM MAY OFFER WAYS TO PREVENT PAIN DEVELOPMENT RATHER THAN MERELY  MASKING SYMPTOMS AND PROVIDE AN ALTERNATIVE TO OPIOID-BASED THERAPIES.  OUR PROGRAM ADDRESSES A CRITICAL NEED BY PROVIDING POTENT, PRECISION LIGANDS THAT SELECTIVELY TARGET INDIVIDUAL NACHRS. BY CREATING HIGHLY SELECTIVE PROBES AND MAKING THEM WIDELY AVAILABLE TO THE RESEARCH COMMUNITY, WE WILL ENABLE RESEARCHERS TO ANSWER FUNDAMENTAL QUESTIONS. THESE LIGANDS WILL NOT ONLY ADVANCE SCIENTIFIC UNDERSTANDING BUT ALSO DRIVE THE DEVELOPMENT OF NEW THERAPEUTICS, POTENTIALLY SERVING AS LEAD COMPOUNDS FOR INNOVATIVE TREATMENTS. SINCE SPECIFIC SUBTYPES OF NICOTINIC RECEPTORS ARE UTILIZED IN A BROAD ARRAY OF ORGANS AND TISSUES, THE WIDER IMPACT OF OUR WORK MAY BE FELT ACROSS MULTIPLE FIELDS, ACCELERATING PROGRESS IN BOTH BASIC AND APPLIED RESEARCH.",NON,NOT RECOVERY ACT,H,PUBLIC/STATE CONTROLLED INSTITUTION OF HIGHER EDUCATION,2,NON-AGGREGATE RECORD,,,,,,,,,,,https://www.usaspending.gov/award/ASST_NON_R35GM162026_075/,2026-03-05 22:04:43.296484+00
ASST_NON_R35GM162269_075,R35GM162269,R35GM162269-3664111359,SAI UNAVAILABLE,,,,,,2026-03-02,2026,434000.00,,159000.00,0.00,434000.00,0.00,0.00,2026-03-02,2026,2026-03-02,2030-12-31,075,Department of Health and Human Services,7529,National Institutes of Health,75NS00,NIH National Institute of General Medical Sciences,075,Department of Health and Human Services,7529,National Institutes of Health,75NS00,NIH National Institute of General Medical Sciences,,,,,HLTMVS2JZBS6,,NORTHEASTERN UNIVERSITY,NORTHEASTERN UNIVERSITY,,,NORTHEASTERN UNIVERSITY,USA,UNITED STATES,360 HUNTINGTON AVE,,07000,BOSTON,25025,SUFFOLK,25,MA,MASSACHUSETTS,02115,5005,MA-07,MA-07,,,,SINGLE ZIP CODE,USA,UNITED STATES,MA07000,BOSTON,25025,SUFFOLK,25,MASSACHUSETTS,021155005,MA-07,MA-07,,93.859: BIOMEDICAL RESEARCH AND RESEARCH TRAINING,PAR-23-145,"THE NATIONAL INSTITUTE OF GENERAL MEDICAL SCIENCES (NIGMS) SUPPORTS BASIC RESEARCH THAT INCREASES OUR UNDERSTANDING OF BIOLOGICAL PROCESSES AND LAYS THE FOUNDATION FOR ADVANCES IN DISEASE DIAGNOSIS, TREATMENT, AND PREVENTION. NIGMS ALSO SUPPORTS RESEARCH IN SPECIFIC CLINICAL AREAS THAT AFFECT MULTIPLE ORGAN SYSTEMS: ANESTHESIOLOGY AND PERI-OPERATIVE PAIN, CLINICAL PHARMACOLOGY ?COMMON TO MULTIPLE DRUGS AND TREATMENTS, AND INJURY, CRITICAL ILLNESS, SEPSIS, AND WOUND HEALING.? NIGMS-FUNDED SCIENTISTS INVESTIGATE HOW LIVING SYSTEMS WORK AT A RANGE OF LEVELSFROM MOLECULES AND CELLS TO TISSUES AND ORGANSIN RESEARCH ORGANISMS, HUMANS, AND POPULATIONS. ADDITIONALLY, TO ENSURE THE VITALITY AND CONTINUED PRODUCTIVITY OF THE RESEARCH ENTERPRISE, NIGMS PROVIDES LEADERSHIP IN SUPPORTING THE TRAINING OF THE NEXT GENERATION OF SCIENTISTS, ENHANCING THE DIVERSITY OF THE SCIENTIFIC WORKFORCE, AND DEVELOPING RESEARCH CAPACITY THROUGHOUT THE COUNTRY.",04,PROJECT GRANT (B),"INTEGRATED MASS SPECTROMETRY STRATEGIES TO DECIPHER METABOLITE-PROTEIN CROSS REGULATION - INTEGRATED MASS SPECTROMETRY STRATEGIES TO DECIPHER PROTEIN-METABOLITE CROSS REGULATION CELLULAR METABOLISM RELIES ON PROTEIN ENZYMES TO CONVERT SUBSTRATES TO PRODUCTS, WORKING IN INTERCONNECTED NETWORKS TO GENERATE IMPORTANT BIOLOGICAL PRECURSORS, REMOVE TOXIC WASTE, BALANCE REDOX AND DEFEND ENERGY POTENTIAL. HOWEVER, THE STUDY OF METABOLIC REGULATION IN BOTH HEALTHY AND DISEASE STATES HAS PROVEN CHALLENGING IN PART DUE TO THE INTRICATE CROSS-REGULATION BETWEEN METABOLITES AND PROTEINS. CURRENT STRATEGIES TO CHARACTERIZE METABOLIC REGULATION HAVE GENERALLY FOCUSED ON CHARACTERIZING METABOLITES OR PROTEIN ENZYMES, BUT NOT BOTH. CONSEQUENTLY, HOW METABOLITES AND PROTEINS INTERACT IN THE CELLULAR CONTEXT REMAINS AN OPEN QUESTION IN THE FIELD OF METABOLISM AND CELLULAR BIOLOGY. TO BRIDGE THIS GAP, THE SKINNER LAB IS FOCUSED ON CHARACTERIZING THE INTERACTIONS BETWEEN METABOLITES AND PROTEINS IN THE CELLULAR CONTEXT BY USING MASS SPECTROMETRY TO INTEGRATE EXISTING MULTI-TIERED METHODS IN ADDITION TO DEVELOPING NEW TECHNIQUES TO ENHANCE THE CHARACTERIZATION AND SCOPE OF BOTH PROTEIN AND METABOLITE MEASUREMENTS. OUR PRIMARY RESEARCH FOCUS IS ON THE REGULATION OF PROTEINS AND METABOLISM BY REDOX COFACTORS THROUGH SIGNALING OF SULFUR-CONTAINING METABOLITES (AREA 1) AND THE EFFECT OF VITAMIN B6 ON METABOLIC AND REDOX REGULATION AS IT IS CONVERTED TO PROTEIN COFACTOR PYRIDOXAL-5-PHOSPHATE (PLP) (AREA 2). THESE TWO AREAS EACH REPRESENT CRITICAL INTERSECTIONS OF METABOLOME AND PROTEOME THAT PLAY A KEY ROLE ACROSS A VARIETY OF DISEASE STATES. TO BETTER UNDERSTAND THESE TWO RANGES OF METABOLITE AND PROTEIN CROSS-REGULATION, WE WILL APPLY TOP-DOWN PROTEOMICS AND NATIVE MASS SPECTROMETRY ANALYSES OF INTACT PROTEIN COMPLEXES COUPLED WITH FULL-SCAN AND STABLE ISOTOPE LABELING METABOLOMICS TO SIMULTANEOUSLY PROBE METABOLITES AND PROTEINS. IN AREA 1, WE WILL CHARACTERIZE HOW THE ABUNDANCE AND REDOX STATE OF SPECIFIC THIOL METABOLITES AND CELLULAR NICOTINAMIDE ADENINE DINUCLEOTIDE PHOSPHATE (NADP+) REDOX STATE CAN MODULATE GLYCOLYSIS AND OTHER CORE METABOLIC PATHWAYS PROTEIN THIOLS HAVE BEEN DEMONSTRATED TO BE COVALENTLY MODIFIED AT HIGH STOICHIOMETRY WITH A VARIETY OF DIFFERENT GROUPS, MAKING THIS A LIKELY AXIS FOR METABOLIC REGULATION. IN AREA 2, WE WILL EXAMINE ANOTHER KEY INTERSECTION BETWEEN METABOLITE AND PROTEIN REGULATION; THE METABOLISM OF VITAMIN B6 TO ITS ACTIVE FORM PLP PRIOR TO ACTING AS A COFACTOR FOR 53 HUMAN ENZYMES. SPECIFICALLY, WE WILL CHARACTERIZE HOW SOME PLP-CONTAINING ENZYMES SEEM MORE RESISTANT TO EXTENDED B6 DEFICIENCY THAN OTHERS AND HOW CHANGES IN SUBCELLULAR NICOTINAMIDE ADENINE DINUCLEOTIDE (NAD+) REDOX STATE CAN AFFECT PLP LEVELS AND VICE VERSA. THIS PROJECT INTEGRATES METABOLOMICS WITH NATIVE MASS SPECTROMETRY AND PROTEOMICS AND APPLIES IT TO TWO PRESSING QUESTIONS IN THE FIELD OF SYSTEMS BIOLOGY AND REGULATION THAT LIE AT THE INTERSECTION OF METABOLOME AND PROTEOME.",NON,NOT RECOVERY ACT,O,PRIVATE INSTITUTION OF HIGHER EDUCATION,2,NON-AGGREGATE RECORD,,,,,,,,,,,https://www.usaspending.gov/award/ASST_NON_R35GM162269_075/,2026-03-05 22:04:43.296484+00
ASST_NON_R35HL182842_075,R35HL182842,R35HL182842-1931332162,SAI UNAVAILABLE,,,,,,2026-03-02,2026,1102500.00,,402500.00,0.00,1102500.00,0.00,0.00,2026-03-02,2026,2026-07-01,2033-06-30,075,Department of Health and Human Services,7529,National Institutes of Health,75NH00,"NIH National Heart, Lung, and Blood Institute",075,Department of Health and Human Services,7529,National Institutes of Health,75NH00,"NIH National Heart, Lung, and Blood Institute",,,,,DLWBSLWAJWR1,,"OHIO STATE UNIVERSITY, THE","OHIO STATE UNIVERSITY, THE",EWRDP9YCDDH5,,THE OHIO STATE UNIVERSITY,USA,UNITED STATES,1960 KENNY RD,,18000,COLUMBUS,39049,FRANKLIN,39,OH,OHIO,43210,1016,OH-03,OH-03,,,,SINGLE ZIP CODE,USA,UNITED STATES,OH18000,COLUMBUS,39049,FRANKLIN,39,OHIO,432101267,OH-03,OH-03,,93.837: CARDIOVASCULAR DISEASES RESEARCH,RFA-HL-26-002,"THE DIVISION OF LUNG DISEASES SUPPORTS RESEARCH AND RESEARCH TRAINING ON THE CAUSES, DIAGNOSIS, PREVENTION, AND TREATMENT OF LUNG DISEASES AND SLEEP DISORDERS. RESEARCH IS FUNDED THROUGH INVESTIGATOR-INITIATED AND INSTITUTE-INITIATED GRANT PROGRAMS AND THROUGH CONTRACT PROGRAMS IN AREAS INCLUDING ASTHMA, BRONCHOPULMONARY DYSPLASIA, CHRONIC OBSTRUCTIVE PULMONARY DISEASE, CYSTIC FIBROSIS, RESPIRATORY NEUROBIOLOGY, SLEEP AND CIRCADIAN BIOLOGY, SLEEP-DISORDERED BREATHING, CRITICAL CARE AND ACUTE LUNG INJURY, DEVELOPMENTAL BIOLOGY AND PEDIATRIC PULMONARY DISEASES, IMMUNOLOGIC AND FIBROTIC PULMONARY DISEASE, RARE LUNG DISORDERS, PULMONARY VASCULAR DISEASE, AND PULMONARY COMPLICATIONS OF AIDS AND TUBERCULOSIS. THE DIVISION IS RESPONSIBLE FOR MONITORING THE LATEST RESEARCH DEVELOPMENTS IN THE EXTRAMURAL SCIENTIFIC COMMUNITY AS WELL AS IDENTIFYING RESEARCH GAPS AND NEEDS, OBTAINING ADVICE FROM EXPERTS IN THE FIELD, AND IMPLEMENTING PROGRAMS TO ADDRESS NEW OPPORTUNITIES. SMALL BUSINESS INNOVATION RESEARCH (SBIR) PROGRAM: TO STIMULATE TECHNOLOGICAL INNOVATION, USE SMALL BUSINESS TO MEET FEDERAL RESEARCH AND DEVELOPMENT NEEDS, FOSTER AND ENCOURAGE PARTICIPATION IN INNOVATION AND ENTREPRENEURSHIP BY SOCIALLY AND ECONOMICALLY DISADVANTAGED PERSONS, AND INCREASE PRIVATE-SECTOR COMMERCIALIZATION OF INNOVATIONS DERIVED FROM FEDERAL RESEARCH AND DEVELOPMENT FUNDING. SMALL BUSINESS TECHNOLOGY TRANSFER (STTR) PROGRAM: TO STIMULATE TECHNOLOGICAL INNOVATION, FOSTER TECHNOLOGY TRANSFER THROUGH COOPERATIVE R&D BETWEEN SMALL BUSINESSES AND RESEARCH INSTITUTIONS, AND INCREASE PRIVATE SECTOR COMMERCIALIZATION OF INNOVATIONS DERIVED FROM FEDERAL R&D.",04,PROJECT GRANT (B),"REGULATION OF UBIQUITIN E3 LIGASES AND INNATE IMMUNITY IN ARDS - PROJECT ABSTRACT ACUTE RESPIRATORY DISTRESS SYNDROME (ARDS) IS A DEVASTATING DISORDER WITH A HIGH MORTALITY. PRIOR STUDIES HAVE FOCUSED MAINLY ON ITS HYPER-INFLAMMATORY STATE AND YET ANTI-INFLAMMATORIES FOR ARDS HAVE NOT SHOWN BENEFIT. MOUNTING DATA SUGGEST THAT IMMUNE SUPPRESSION PARTAKES IN THIS DISORDER, THE MOLECULAR MECHANISMS OF WHICH REMAIN UNCLEAR. THIS NIH R35 PROGRAM INVESTIGATES A UNIQUE MOLECULAR MODEL WHEREBY WE ARE DISCOVERING IMMUNOSUPPRESSIVE PROTEINS CALLED F-BOX PROTEINS, THAT DISPOSE OF KEY SUBSTRATES THAT ARE INDISPENSABLE FOR CRITICAL HOST IMMUNITY AND CYTOPROTECTIVE FUNCTIONS. BY TARGETING DRUG BINDING CAVITIES WITHIN THE F-BOX PROTEINS, WE AIM TO DESIGN, SYNTHESIZE, AND TEST NOVEL SMALL MOLECULE F-BOX ANTAGONISTS THAT WILL RESTORE SUBSTRATE LEVELS AND INNATE IMMUNE RESPONSES IN ARDS MODELS. OUR HYPOTHESIS IS THAT F-BOX PROTEINS, IN PART, MEDIATE IMMUNOSUPPRESSION IN EXPERIMENTAL ARDS THROUGH UBIQUITIN-MEDIATED DEGRADATION OF SUBSTRATES THAT ARE ESSENTIAL FOR HOST INNATE IMMUNE AND CYTOPROTECTIVE RESPONSES. HENCE, IN THIS APPLICATION WE WILL FIRST DISCOVER UNIQUE F-BOX PROTEINS THAT EXHIBIT IMMUNOSUPPRESSIVE BEHAVIOR. WE WILL SPECIFICALLY ELUCIDATE THE BIOLOGIC RELEVANCE OF REDUCED F-BOX LEVELS AS IMMUNE SUPPRESSORS IN PRECLINICAL MODELS OF ARDS USING F-BOX KNOCKOUT MICE AND GENE TRANSFER APPROACHES. NEXT, USING UNBIASED SCREENS, WE WILL UNCOVER NOVEL F-BOX SUBSTRATES TARGETED FOR UBIQUITIN-MEDIATED PROTEOLYSIS IN EXPERIMENTAL ARDS. USING VIRTUAL DESIGN, WE WILL OPTIMIZE THE PHARMACOLOGIC DESIGN OF “HIT” COMPOUNDS, EMBARK ON PRELIMINARY LEAD OPTIMIZATION, AND TEST THESE NOVEL SMALL MOLECULES ON INNATE IMMUNE PROPERTIES IN ARDS MODELS. WE WILL EMPLOY COMPLEMENTARY MURINE AND 2-HIT MODELS OF IMMUNE SUPPRESSION AND AN EX VIVO ISOLATED HUMAN LUNG SYSTEM. THESE STUDIES WILL PROVIDE A NEW PATHOBIOLOGICAL MODEL OF LUNG INJURY THAT WILL SERVE AS A PLATFORM FOR GENERATING SMALL MOLECULE MODULATORS THAT OPTIMIZE IMMUNITY IN SUBJECTS WITH SEVERE CRITICAL ILLNESS.",NON,NOT RECOVERY ACT,H,PUBLIC/STATE CONTROLLED INSTITUTION OF HIGHER EDUCATION,2,NON-AGGREGATE RECORD,,,,,,,,,,,https://www.usaspending.gov/award/ASST_NON_R35HL182842_075/,2026-03-05 22:04:43.296484+00
ASST_NON_693JJ32640074_069,693JJ32640074,,,,,,,,2026-03-04,2026,54775.00,,0.00,0.00,54775.00,0.00,0.00,2026-03-04,2026,2026-03-04,2029-06-30,069,Department of Transportation,6925,Federal Highway Administration,693JJ3,693JJ3 ACQUISITION AND GRANTS MGT,069,Department of Transportation,6925,Federal Highway Administration,693JH9,FHWA OFFICE OF SAFETY,,,,,ZTHDKAP8QF68,,GREATER PORTLAND COUNCIL OF GOVERNMENTS,GREATER PORTLAND COUNCIL OF GOVERNMENTS,ZTHDKAP8QF68,,GREATER PORTLAND COUNCIL OF GOVERNMENTS,USA,UNITED STATES,970 BAXTER BLVD STE 201,,60545,PORTLAND,23005,CUMBERLAND,23,ME,MAINE,04103,,ME-01,ME-01,,,,CITY-WIDE,USA,UNITED STATES,ME60545,PORTLAND,23005,CUMBERLAND,23,MAINE,CITY-WIDE,ME-01,ME-01,,20.939: SAFE STREETS AND ROADS FOR ALL,DOT-SS4A-FY24-01,"THE PURPOSE OF SS4A GRANTS IS TO IMPROVE ROADWAY SAFETY BY SIGNIFICANTLY REDUCING OR ELIMINATING ROADWAY FATALITIES AND SERIOUS INJURIES THROUGH SAFETY ACTION PLAN DEVELOPMENT AND REFINEMENT AND IMPLEMENTATION FOCUSED ON ALL USERS, INCLUDING PEDESTRIANS, BICYCLISTS, PUBLIC TRANSPORTATION USERS, MOTORISTS, PERSONAL CONVEYANCE AND MICROMOBILITY USERS, AND COMMERCIAL VEHICLE OPERATORS. THE PROGRAM PROVIDES FUNDING TO DEVELOP THE TOOLS TO HELP STRENGTHEN A COMMUNITY S APPROACH TO ROADWAY SAFETY AND SAVE LIVES AND IS DESIGNED TO MEET THE NEEDS OF DIVERSE LOCAL, TRIBAL, AND REGIONAL COMMUNITIES THAT DIFFER DRAMATICALLY IN SIZE, LOCATION, AND EXPERIENCE ADMINISTERING FEDERAL FUNDING.",04,PROJECT GRANT (B),"GPCOG SEEKS FUNDING TO INSTALL AND STUDY DEMONSTRATION PROJECTS IN COMMUNITIES COVERED UNDER ITS VISION ZERO FOR RURAL AND ISLAND COMMUNITIES ACTION PLAN: GRAY, MAINE AND CASCO, MAINE. WORKING WITH A CONSULTANT AND DRAWING FROM THE WORK OF THE ONGOING PLAN AND OTHER LOCAL STUDIES, GPCOG WILL IMPLEMENT LOW-COST DEMONSTRATION PROJECTS TO TEST POTENTIAL SAFETY IMPROVEMENTS IN REAL-WORLD CONDITIONS. THESE WILL INCLUDE TEMPORARY TRAFFIC CALMING MEASURES SUCH AS ENHANCED VISIBILITY CROSSINGS, SPEED HUMPS, INTERSECTION BULB OUTS, AND MEDIAN REFUGE ISLANDS.",NON,NOT RECOVERY ACT,E,REGIONAL ORGANIZATION,2,NON-AGGREGATE RECORD,,,,,,,,,,,https://www.usaspending.gov/award/ASST_NON_693JJ32640074_069/,2026-03-06 20:31:37.958052+00
ASST_NON_693JJ32640179_069,693JJ32640179,,,,,,,,2026-03-04,2026,200000.00,,0.00,0.00,200000.00,0.00,0.00,2026-03-04,2026,2026-03-04,2029-03-04,069,Department of Transportation,6925,Federal Highway Administration,693JJ3,693JJ3 ACQUISITION AND GRANTS MGT,069,Department of Transportation,6925,Federal Highway Administration,693JH9,FHWA OFFICE OF SAFETY,,,,,FM9SDDFC6KP6,,CROW WING COUNTY,CROW WING COUNTY,,,,USA,UNITED STATES,326 LAUREL ST STE 22,,07300,BRAINERD,27035,CROW WING,27,MN,MINNESOTA,56401,3589,MN-08,MN-08,,,,CITY-WIDE,USA,UNITED STATES,MN07300,BRAINERD,27035,CROW WING,27,MINNESOTA,CITY-WIDE,MN-08,MN-08,,20.939: SAFE STREETS AND ROADS FOR ALL,DOT-SS4A-FY24-01,"THE PURPOSE OF SS4A GRANTS IS TO IMPROVE ROADWAY SAFETY BY SIGNIFICANTLY REDUCING OR ELIMINATING ROADWAY FATALITIES AND SERIOUS INJURIES THROUGH SAFETY ACTION PLAN DEVELOPMENT AND REFINEMENT AND IMPLEMENTATION FOCUSED ON ALL USERS, INCLUDING PEDESTRIANS, BICYCLISTS, PUBLIC TRANSPORTATION USERS, MOTORISTS, PERSONAL CONVEYANCE AND MICROMOBILITY USERS, AND COMMERCIAL VEHICLE OPERATORS. THE PROGRAM PROVIDES FUNDING TO DEVELOP THE TOOLS TO HELP STRENGTHEN A COMMUNITY S APPROACH TO ROADWAY SAFETY AND SAVE LIVES AND IS DESIGNED TO MEET THE NEEDS OF DIVERSE LOCAL, TRIBAL, AND REGIONAL COMMUNITIES THAT DIFFER DRAMATICALLY IN SIZE, LOCATION, AND EXPERIENCE ADMINISTERING FEDERAL FUNDING.",04,PROJECT GRANT (B),"THE PROJECT CONTAINED HEREIN PROVIDES SS4A GRANT FUNDS TO SUPPORT OR ENHANCE AN ACTION PLAN AND/OR CONDUCT SUPPLEMENTAL PLANNING AND/OR DEMONSTRATION ACTIVITIES IN SUPPORT OF AN ACTION PLAN. IT IS PRESENTED TO THE CROW WING COUNTY, MN FOR THE PROJECT 'CROW WING COUNTY COMPREHENSIVE SAFETY ACTION PLAN.",NON,NOT RECOVERY ACT,B,COUNTY GOVERNMENT,2,NON-AGGREGATE RECORD,,,,,,,,,,,https://www.usaspending.gov/award/ASST_NON_693JJ32640179_069/,2026-03-06 20:31:37.958052+00
ASST_NON_693JJ32640237_069,693JJ32640237,,,,,,,,2026-03-02,2026,200000.00,,0.00,0.00,200000.00,0.00,0.00,2026-03-02,2026,2026-03-02,2028-03-02,069,Department of Transportation,6925,Federal Highway Administration,693JJ3,693JJ3 ACQUISITION AND GRANTS MGT,069,Department of Transportation,6925,Federal Highway Administration,693JH9,FHWA OFFICE OF SAFETY,,,,,FM4TD5N88BG1,,CITY OF OAKLAND PARK,CITY OF OAKLAND PARK,FM4TD5N88BG1,,CITY OF OAKLAND PARK,USA,UNITED STATES,3650 NE 12TH AVE,,24000,FORT LAUDERDALE,12011,BROWARD,12,FL,FLORIDA,33334,4525,FL-23,FL-23,,,,CITY-WIDE,USA,UNITED STATES,FL50575,OAKLAND PARK,12011,BROWARD,12,FLORIDA,CITY-WIDE,FL-23,FL-90,,20.939: SAFE STREETS AND ROADS FOR ALL,DOT-SS4A-FY24-01,"THE PURPOSE OF SS4A GRANTS IS TO IMPROVE ROADWAY SAFETY BY SIGNIFICANTLY REDUCING OR ELIMINATING ROADWAY FATALITIES AND SERIOUS INJURIES THROUGH SAFETY ACTION PLAN DEVELOPMENT AND REFINEMENT AND IMPLEMENTATION FOCUSED ON ALL USERS, INCLUDING PEDESTRIANS, BICYCLISTS, PUBLIC TRANSPORTATION USERS, MOTORISTS, PERSONAL CONVEYANCE AND MICROMOBILITY USERS, AND COMMERCIAL VEHICLE OPERATORS. THE PROGRAM PROVIDES FUNDING TO DEVELOP THE TOOLS TO HELP STRENGTHEN A COMMUNITY S APPROACH TO ROADWAY SAFETY AND SAVE LIVES AND IS DESIGNED TO MEET THE NEEDS OF DIVERSE LOCAL, TRIBAL, AND REGIONAL COMMUNITIES THAT DIFFER DRAMATICALLY IN SIZE, LOCATION, AND EXPERIENCE ADMINISTERING FEDERAL FUNDING.",04,PROJECT GRANT (B),"FY24 SS4A GRANT TO THE CITY OF OAKLAND PARK, FL FOR THE PROJECT 'CITY OF OAKLAND PARK COMPREHENSIVE SAFETY ACTION PLAN'.",NON,NOT RECOVERY ACT,C,CITY OR TOWNSHIP GOVERNMENT,2,NON-AGGREGATE RECORD,,,,,,,,,,,https://www.usaspending.gov/award/ASST_NON_693JJ32640237_069/,2026-03-06 20:31:37.958052+00
ASST_NON_693JJ32640266_069,693JJ32640266,,,,,,,,2026-03-05,2026,200000.00,,0.00,910498.00,1110498.00,0.00,0.00,2026-03-05,2026,2026-03-05,2031-03-04,069,Department of Transportation,6925,Federal Highway Administration,693JJ3,693JJ3 ACQUISITION AND GRANTS MGT,069,Department of Transportation,6925,Federal Highway Administration,693JH9,FHWA OFFICE OF SAFETY,,,,,N15MAMQ995Y6,,CITY OF CAMBRIDGE,CITY OF CAMBRIDGE,,,CITY OF CAMBRIDGE,USA,UNITED STATES,814 WHEELING AVE,,10996,CAMBRIDGE,39059,GUERNSEY,39,OH,OHIO,43725,2317,OH-12,OH-12,,,,CITY-WIDE,USA,UNITED STATES,OH10996,CAMBRIDGE,39059,GUERNSEY,39,OHIO,CITY-WIDE,OH-12,OH-12,,20.939: SAFE STREETS AND ROADS FOR ALL,DOT-SS4A-FY24-01,"THE PURPOSE OF SS4A GRANTS IS TO IMPROVE ROADWAY SAFETY BY SIGNIFICANTLY REDUCING OR ELIMINATING ROADWAY FATALITIES AND SERIOUS INJURIES THROUGH SAFETY ACTION PLAN DEVELOPMENT AND REFINEMENT AND IMPLEMENTATION FOCUSED ON ALL USERS, INCLUDING PEDESTRIANS, BICYCLISTS, PUBLIC TRANSPORTATION USERS, MOTORISTS, PERSONAL CONVEYANCE AND MICROMOBILITY USERS, AND COMMERCIAL VEHICLE OPERATORS. THE PROGRAM PROVIDES FUNDING TO DEVELOP THE TOOLS TO HELP STRENGTHEN A COMMUNITY S APPROACH TO ROADWAY SAFETY AND SAVE LIVES AND IS DESIGNED TO MEET THE NEEDS OF DIVERSE LOCAL, TRIBAL, AND REGIONAL COMMUNITIES THAT DIFFER DRAMATICALLY IN SIZE, LOCATION, AND EXPERIENCE ADMINISTERING FEDERAL FUNDING.",04,PROJECT GRANT (B),THIS PROJECT WILL ESTABLISH ENHANCED BICYCLE AND PEDESTRIAN INFRASTRUCTURE ALONG A 0.5-MILE SEGMENT OF SOUTHGATE PARKWAY FROM THE I-70 RAMPS NORTH TO LARRICK ROAD.,NON,NOT RECOVERY ACT,C,CITY OR TOWNSHIP GOVERNMENT,2,NON-AGGREGATE RECORD,,,,,,,,,,,https://www.usaspending.gov/award/ASST_NON_693JJ32640266_069/,2026-03-06 20:31:37.958052+00
ASST_NON_693JJ32640267_069,693JJ32640267,,,,,,,,2026-03-05,2026,400000.00,,0.00,100000.00,500000.00,0.00,0.00,2026-03-05,2026,2026-03-05,2029-03-04,069,Department of Transportation,6925,Federal Highway Administration,693JJ3,693JJ3 ACQUISITION AND GRANTS MGT,069,Department of Transportation,6925,Federal Highway Administration,693JH9,FHWA OFFICE OF SAFETY,,,,,L852WV7G8PK5,,CITY OF INDIO,CITY OF INDIO,,,CITY OF INDIO,USA,UNITED STATES,100 CIVIC CENTER MALL,,36448,INDIO,06065,RIVERSIDE,06,CA,CALIFORNIA,92201,4434,CA-25,CA-25,,,,CITY-WIDE,USA,UNITED STATES,CA36448,INDIO,06065,RIVERSIDE,06,CALIFORNIA,CITY-WIDE,CA-25,CA-25,,20.939: SAFE STREETS AND ROADS FOR ALL,DOT-SS4A-FY24-01,"THE PURPOSE OF SS4A GRANTS IS TO IMPROVE ROADWAY SAFETY BY SIGNIFICANTLY REDUCING OR ELIMINATING ROADWAY FATALITIES AND SERIOUS INJURIES THROUGH SAFETY ACTION PLAN DEVELOPMENT AND REFINEMENT AND IMPLEMENTATION FOCUSED ON ALL USERS, INCLUDING PEDESTRIANS, BICYCLISTS, PUBLIC TRANSPORTATION USERS, MOTORISTS, PERSONAL CONVEYANCE AND MICROMOBILITY USERS, AND COMMERCIAL VEHICLE OPERATORS. THE PROGRAM PROVIDES FUNDING TO DEVELOP THE TOOLS TO HELP STRENGTHEN A COMMUNITYS APPROACH TO ROADWAY SAFETY AND SAVE LIVES AND IS DESIGNED TO MEET THE NEEDS OF DIVERSE LOCAL, TRIBAL, AND REGIONAL COMMUNITIES THAT DIFFER DRAMATICALLY IN SIZE, LOCATION, AND EXPERIENCE ADMINISTERING FEDERAL FUNDING.",04,PROJECT GRANT (B),THE CITY OF INDIO WILL DEVELOP A COMPREHENSIVE ROAD SAFETY ACTION PLAN TO IMPROVE SAFETY FOR ALL ROADWAY USERS THROUGHOUT THE CITY.,NON,NOT RECOVERY ACT,C,CITY OR TOWNSHIP GOVERNMENT,2,NON-AGGREGATE RECORD,,,,,,,,,,,https://www.usaspending.gov/award/ASST_NON_693JJ32640267_069/,2026-03-06 20:31:37.958052+00
ASST_NON_693JJ32640336_069,693JJ32640336,,,,,,,,2026-03-02,2026,1000726.00,,0.00,0.00,1000726.00,0.00,0.00,2026-03-02,2026,2026-03-02,2029-01-31,069,Department of Transportation,6925,Federal Highway Administration,693JJ3,693JJ3 ACQUISITION AND GRANTS MGT,069,Department of Transportation,6925,Federal Highway Administration,693JH6,FHWA OFFICE OF OPERATIONS,,,,,FFWAHTLVF2S7,,THREE AFFILIATED TRIBES,THREE AFFILIATED TRIBES,,,THREE AFFILIATED TRIBES,USA,UNITED STATES,404 FRONTAGE RD,,56740,NEW TOWN,38053,MCKENZIE,38,ND,NORTH DAKOTA,58763,9404,ND-00,ND-00,,,,CITY-WIDE,USA,UNITED STATES,ND56740,NEW TOWN,38061,MOUNTRAIL,38,NORTH DAKOTA,CITY-WIDE,ND-00,ND-00,,20.933: NATIONAL INFRASTRUCTURE INVESTMENTS,DTOS59-24-RA-RAISE,RAISE GRANTS ARE FOR CAPITAL INVESTMENTS IN SURFACE TRANSPORTATION THAT WILL HAVE A SIGNIFICANT LOCAL OR REGIONAL IMPACT.,04,PROJECT GRANT (B),"THIS PROJECT WILL IDENTIFY AND PRIORITIZE HIGHWAY MITIGATION MEASURES TO IMPROVE THE SAFETY OF THE TRAVELING PUBLIC WHILE MAINTAINING AND IMPROVING WILDLIFE MOVEMENT ALONG THE APPROXIMATELY 5-MILE CORRIDOR OF HIGHWAY 22, WITH A PARTICULAR FOCUS ON THE PORTION OF THIS CORRIDOR WHERE THE HIGHWAY BISECTS NORTH DAKOTA S FIRST TRIBAL NATIONAL PARK.",NON,NOT RECOVERY ACT,I,INDIAN/NATIVE AMERICAN TRIBAL GOVERNMENT (FEDERALLY-RECOGNIZED),2,NON-AGGREGATE RECORD,,,,,,,,,,,https://www.usaspending.gov/award/ASST_NON_693JJ32640336_069/,2026-03-06 20:31:37.958052+00
ASST_NON_SWZ60026IN0002_019,SWZ60026IN0002,,SAIEXEMPT,,,,,,2026-03-06,2026,1101.00,,0.00,,1101.00,0.00,0.00,2026-03-06,2026,2026-03-09,2026-03-17,019,Department of State,1900,Department of State,19WZ60,U.S. EMBASSY MBABANE,019,Department of State,1900,Department of State,19XAF0,BUREAU OF AFRICAN AFFAIRS,,,,,,,INDIVIDUAL RECIPIENT,INDIVIDUAL RECIPIENT,,,,USA,UNITED STATES,MASKED DUE TO PII,,35000,HOUSTON,48201,HARRIS,48,TX,TEXAS,77043,4718,TX-38,TX-38,,,,FOREIGN,SWZ,ESWATINI,00FORGN,,,,,,,,,//SWZ,19.040: PUBLIC DIPLOMACY PROGRAMS,NOT APPLICABLE,NOT APPLICABLE,04,PROJECT GRANT (B),DESCRIPTION MASKED FOR PII PURPOSES,NON,NOT RECOVERY ACT,P,INDIVIDUAL,2,NON-AGGREGATE RECORD,,,,,,,,,,,https://www.usaspending.gov/award/ASST_NON_SWZ60026IN0002_019/,2026-03-06 19:02:04.447262+00
ASST_NON_SWZ60026IN0003_019,SWZ60026IN0003,,SAIEXEMPT,,,,,,2026-03-06,2026,75.00,,0.00,,75.00,0.00,0.00,2026-03-06,2026,2026-03-11,2026-03-12,019,Department of State,1900,Department of State,19WZ60,U.S. EMBASSY MBABANE,019,Department of State,1900,Department of State,19XAF0,BUREAU OF AFRICAN AFFAIRS,,,,,,,INDIVIDUAL RECIPIENT,INDIVIDUAL RECIPIENT,,,,SWZ,ESWATINI,MASKED DUE TO PII,,,,,,,,,,,,,MBABANE,,,FOREIGN,SWZ,ESWATINI,00FORGN,,,,,,,,,//SWZ,19.022: EDUCATIONAL AND CULTURAL EXCHANGE PROGRAMS APPROPRIATION OVERSEAS GRANTS,NOT APPLICABLE,NOT APPLICABLE,04,PROJECT GRANT (B),DESCRIPTION MASKED FOR PII PURPOSES,NON,NOT RECOVERY ACT,P,INDIVIDUAL,2,NON-AGGREGATE RECORD,,,,,,,,,,,https://www.usaspending.gov/award/ASST_NON_SWZ60026IN0003_019/,2026-03-06 19:02:04.447262+00
ASST_NON_26VITA0103_020,26VITA0103,,SAI EXEMPT,,,,,,2026-03-06,2026,10000.00,,661.00,,10000.00,0.00,0.00,2026-03-06,2026,2025-10-01,2026-09-30,020,Department of the Treasury,2050,Internal Revenue Service,2031HS,WAGE AND INVESTMENT,020,Department of the Treasury,2050,Internal Revenue Service,2031HS,WAGE AND INVESTMENT,,,,,HN1YXDE1L556,,"THE SCHOOL BOARD OF BROWARD COUNTY, FLORIDA","THE SCHOOL BOARD OF BROWARD COUNTY, FLORIDA",,,,USA,UNITED STATES,600 SE 3RD AVE,,24000,FORT LAUDERDALE,12011,BROWARD,12,FL,FLORIDA,33301,3125,FL-23,FL-23,,,,COUNTY-WIDE,USA,UNITED STATES,FL**011,,12011,BROWARD,12,FLORIDA,,FL-90,FL-90,,21.009: VOLUNTEER INCOME TAX ASSISTANCE (VITA) MATCHING GRANT PROGRAM,VITA-2026-001,THE VITA GRANT REQUIRES GRANT RECIPIENTS TO SERVE LOW-TO-MODERATE-INCOME TAXPAYERS IN UNDERSERVED POPULATIONS AT NO CHARGE FOR THE TAXPAYER.  ORGANIZATIONS WILL RECRUIT AND TRAIN VOLUNTEERS TO HELP OPERATE THEIR PROGRAM AND PREPARE FEDERAL TAX RETURNS FOR TAXPAYERS.,04,PROJECT GRANT (B),"PURPOSE:  THE VOLUNTEER INCOME TAX ASSISTANCE (VITA) GRANT WAS ESTABLISHED AS A MATCHING GRANT PROGRAM TO PROVIDE FUNDING FOR ORGANIZATIONS WHO SUPPORT COMMUNITY VOLUNTEER INCOME TAX ASSISTANCE.
ACTIVITIES TO BE PERFORMED:  THE VITA GRANT PROGRAM PROVIDES FINANCIAL SUPPORT TO ORGANIZATIONS WHO 1) EXTEND SERVICES TO UNDERSERVED POPULATIONS IN HARDEST TO REACH AREAS BOTH URBAN AND NON-URBAN; 2) INCREASE THE CAPACITY TO FILE RETURNS ELECTRONICALLY; 3) HEIGHTEN QUALITY CONTROL; 4) ENHANCE TRAINING OF VOLUNTEERS; AND 5) SIGNIFICANTLY IMPROVE THE ACCURACY RATE OF RETURNS PREPARED AT VITA SITES.
END GOAL/EXPECTED OUTCOMES: VITA GRANT RECIPIENTS ARE EXPECTED TO 1) FOLLOW EXISTING GUIDANCE GOVERNING VITA SITE OPERATIONS; 2) ENSURE AT LEAST 90% OF RETURNS PREPARED ARE FOR INDIVIDUALS WHOSE INCOME IS EQUAL TO OR LESS THAN THE MAXIMUM EARNED INCOME TAX CREDIT (EITC) THRESHOLDS; 2) FILE ALL ELIGIBLE RETURNS ELECTRONICALLY; 3) ACHIEVE 100% OF THEIR RETURN PRODUCTION GOALS; 4) BECOME MORE EFFICIENT WITH GRANT FUNDS; AND 5) SHOW INCREMENTAL INCREASES IN RETURN PREPARATION EACH YEAR.
INTENDED BENEFICIARIES:  TAXPAYERS WHO ARE LOW TO MODERATE INCOME INDIVIDUALS, PERSONS WITH DISABILITIES, THOSE FOR WHOM ENGLISH IS A SECOND LANGUAGE, NATIVE AMERICANS, INDIVIDUALS LIVING IN RURAL AREAS, MEMBERS OF THE ARMED FORCES AND THEIR FAMILIES, AND THE ELDERLY. 
SUBRECIPIENT ACTIVITIES: SUBRECIPIENTS MAY BE UTILIZED BY GRANT RECIPIENTS TO HELP DELIVER KEY ELEMENTS OF THE PROGRAM AND MUST ADHERE TO GRANT PROGRAM GUIDELINES.  BROADBAND: SPECIFIC ACTIVITIES RELATING TO BROADBAND USAGE ARE NOT KNOWN AT THE TIME OF AWARD.",NON,NOT RECOVERY ACT,G,INDEPENDENT SCHOOL DISTRICT,2,NON-AGGREGATE RECORD,,,,,,,,,,,https://www.usaspending.gov/award/ASST_NON_26VITA0103_020/,2026-03-09 12:50:00.524153+00
ASST_NON_26VITA0115_020,26VITA0115,,SAI EXEMPT,,,,,,2026-03-06,2026,73217.00,,0.00,,73217.00,0.00,0.00,2026-03-06,2026,2025-10-01,2026-09-30,020,Department of the Treasury,2050,Internal Revenue Service,2031HS,WAGE AND INVESTMENT,020,Department of the Treasury,2050,Internal Revenue Service,2031HS,WAGE AND INVESTMENT,,,,,DH8WE97Q29N7,,UNITED WAY OF VOLUSIA-FLAGLER COUNTIES INC,UNITED WAY OF VOLUSIA-FLAGLER COUNTIES INC,,,,USA,UNITED STATES,1530 CORNERSTONE BLVD STE 210,,16525,DAYTONA BEACH,12127,VOLUSIA,12,FL,FLORIDA,32117,7129,FL-06,FL-06,,,,STATE-WIDE,USA,UNITED STATES,FL*****,,,,12,FLORIDA,,FL-90,,,21.009: VOLUNTEER INCOME TAX ASSISTANCE (VITA) MATCHING GRANT PROGRAM,VITA-2026-001,THE VITA GRANT REQUIRES GRANT RECIPIENTS TO SERVE LOW-TO-MODERATE-INCOME TAXPAYERS IN UNDERSERVED POPULATIONS AT NO CHARGE FOR THE TAXPAYER.  ORGANIZATIONS WILL RECRUIT AND TRAIN VOLUNTEERS TO HELP OPERATE THEIR PROGRAM AND PREPARE FEDERAL TAX RETURNS FOR TAXPAYERS.,04,PROJECT GRANT (B),"PURPOSE:  THE VOLUNTEER INCOME TAX ASSISTANCE (VITA) GRANT WAS ESTABLISHED AS A MATCHING GRANT PROGRAM TO PROVIDE FUNDING FOR ORGANIZATIONS WHO SUPPORT COMMUNITY VOLUNTEER INCOME TAX ASSISTANCE.
ACTIVITIES TO BE PERFORMED:  THE VITA GRANT PROGRAM PROVIDES FINANCIAL SUPPORT TO ORGANIZATIONS WHO 1) EXTEND SERVICES TO UNDERSERVED POPULATIONS IN HARDEST TO REACH AREAS BOTH URBAN AND NON-URBAN; 2) INCREASE THE CAPACITY TO FILE RETURNS ELECTRONICALLY; 3) HEIGHTEN QUALITY CONTROL; 4) ENHANCE TRAINING OF VOLUNTEERS; AND 5) SIGNIFICANTLY IMPROVE THE ACCURACY RATE OF RETURNS PREPARED AT VITA SITES.
END GOAL/EXPECTED OUTCOMES: VITA GRANT RECIPIENTS ARE EXPECTED TO 1) FOLLOW EXISTING GUIDANCE GOVERNING VITA SITE OPERATIONS; 2) ENSURE AT LEAST 90% OF RETURNS PREPARED ARE FOR INDIVIDUALS WHOSE INCOME IS EQUAL TO OR LESS THAN THE MAXIMUM EARNED INCOME TAX CREDIT (EITC) THRESHOLDS; 2) FILE ALL ELIGIBLE RETURNS ELECTRONICALLY; 3) ACHIEVE 100% OF THEIR RETURN PRODUCTION GOALS; 4) BECOME MORE EFFICIENT WITH GRANT FUNDS; AND 5) SHOW INCREMENTAL INCREASES IN RETURN PREPARATION EACH YEAR.
INTENDED BENEFICIARIES:  TAXPAYERS WHO ARE LOW TO MODERATE INCOME INDIVIDUALS, PERSONS WITH DISABILITIES, THOSE FOR WHOM ENGLISH IS A SECOND LANGUAGE, NATIVE AMERICANS, INDIVIDUALS LIVING IN RURAL AREAS, MEMBERS OF THE ARMED FORCES AND THEIR FAMILIES, AND THE ELDERLY. 
SUBRECIPIENT ACTIVITIES: SUBRECIPIENTS MAY BE UTILIZED BY GRANT RECIPIENTS TO HELP DELIVER KEY ELEMENTS OF THE PROGRAM AND MUST ADHERE TO GRANT PROGRAM GUIDELINES.  BROADBAND: SPECIFIC ACTIVITIES RELATING TO BROADBAND USAGE ARE NOT KNOWN AT THE TIME OF AWARD.",NON,NOT RECOVERY ACT,M,NONPROFIT WITH 501C3 IRS STATUS (OTHER THAN AN INSTITUTION OF HIGHER EDUCATION),2,NON-AGGREGATE RECORD,,,,,,,,,,,https://www.usaspending.gov/award/ASST_NON_26VITA0115_020/,2026-03-09 12:50:00.524153+00
ASST_NON_26VITA0123_020,26VITA0123,,SAI EXEMPT,,,,,,2026-03-06,2026,72500.00,,0.00,,72500.00,0.00,0.00,2026-03-06,2026,2025-10-01,2026-09-30,020,Department of the Treasury,2050,Internal Revenue Service,2031HS,WAGE AND INVESTMENT,020,Department of the Treasury,2050,Internal Revenue Service,2031HS,WAGE AND INVESTMENT,,,,,R8MXJRCHRVG9,,SAN JUAN COLLEGE,SAN JUAN COLLEGE,,,SAN JUAN COLLEGE,USA,UNITED STATES,4601 COLLEGE BLVD,,25800,FARMINGTON,35045,SAN JUAN,35,NM,NEW MEXICO,87402,4609,NM-03,NM-03,,,,MULTI-STATE,USA,UNITED STATES,00*****,,,,,MULTI-STATE,,,90,,21.009: VOLUNTEER INCOME TAX ASSISTANCE (VITA) MATCHING GRANT PROGRAM,VITA-2026-001,THE VITA GRANT REQUIRES GRANT RECIPIENTS TO SERVE LOW-TO-MODERATE-INCOME TAXPAYERS IN UNDERSERVED POPULATIONS AT NO CHARGE FOR THE TAXPAYER.  ORGANIZATIONS WILL RECRUIT AND TRAIN VOLUNTEERS TO HELP OPERATE THEIR PROGRAM AND PREPARE FEDERAL TAX RETURNS FOR TAXPAYERS.,04,PROJECT GRANT (B),"PURPOSE:  THE VOLUNTEER INCOME TAX ASSISTANCE (VITA) GRANT WAS ESTABLISHED AS A MATCHING GRANT PROGRAM TO PROVIDE FUNDING FOR ORGANIZATIONS WHO SUPPORT COMMUNITY VOLUNTEER INCOME TAX ASSISTANCE.
ACTIVITIES TO BE PERFORMED:  THE VITA GRANT PROGRAM PROVIDES FINANCIAL SUPPORT TO ORGANIZATIONS WHO 1) EXTEND SERVICES TO UNDERSERVED POPULATIONS IN HARDEST TO REACH AREAS BOTH URBAN AND NON-URBAN; 2) INCREASE THE CAPACITY TO FILE RETURNS ELECTRONICALLY; 3) HEIGHTEN QUALITY CONTROL; 4) ENHANCE TRAINING OF VOLUNTEERS; AND 5) SIGNIFICANTLY IMPROVE THE ACCURACY RATE OF RETURNS PREPARED AT VITA SITES.
END GOAL/EXPECTED OUTCOMES: VITA GRANT RECIPIENTS ARE EXPECTED TO 1) FOLLOW EXISTING GUIDANCE GOVERNING VITA SITE OPERATIONS; 2) ENSURE AT LEAST 90% OF RETURNS PREPARED ARE FOR INDIVIDUALS WHOSE INCOME IS EQUAL TO OR LESS THAN THE MAXIMUM EARNED INCOME TAX CREDIT (EITC) THRESHOLDS; 2) FILE ALL ELIGIBLE RETURNS ELECTRONICALLY; 3) ACHIEVE 100% OF THEIR RETURN PRODUCTION GOALS; 4) BECOME MORE EFFICIENT WITH GRANT FUNDS; AND 5) SHOW INCREMENTAL INCREASES IN RETURN PREPARATION EACH YEAR.
INTENDED BENEFICIARIES:  TAXPAYERS WHO ARE LOW TO MODERATE INCOME INDIVIDUALS, PERSONS WITH DISABILITIES, THOSE FOR WHOM ENGLISH IS A SECOND LANGUAGE, NATIVE AMERICANS, INDIVIDUALS LIVING IN RURAL AREAS, MEMBERS OF THE ARMED FORCES AND THEIR FAMILIES, AND THE ELDERLY. 
SUBRECIPIENT ACTIVITIES: SUBRECIPIENTS MAY BE UTILIZED BY GRANT RECIPIENTS TO HELP DELIVER KEY ELEMENTS OF THE PROGRAM AND MUST ADHERE TO GRANT PROGRAM GUIDELINES. BROADBAND: SPECIFIC ACTIVITIES RELATING TO BROADBAND USAGE ARE NOT KNOWN AT THE TIME OF AWARD.",NON,NOT RECOVERY ACT,H,PUBLIC/STATE CONTROLLED INSTITUTION OF HIGHER EDUCATION,2,NON-AGGREGATE RECORD,,,,,,,,,,,https://www.usaspending.gov/award/ASST_NON_26VITA0123_020/,2026-03-09 12:50:00.524153+00
ASST_NON_693JF72444078_069,693JF72444078,,SAI NOT APPLICABLE,,,,,,2026-03-04,2026,3295879.00,,0.00,823970.00,4119849.00,0.00,0.00,2026-03-04,2026,2026-03-04,2028-09-27,069,Department of Transportation,6938,Maritime Administration,69A334,MARITIME ADMINISTRATION,069,Department of Transportation,6938,Maritime Administration,69A334,MARITIME ADMINISTRATION,,,,,NEPJP1KCJZK1,,HICKMAN-FULTON COUNTY RIVERPORT AUTHORITY INC,HICKMAN-FULTON COUNTY RIVERPORT AUTHORITY INC,,,,USA,UNITED STATES,625 CATLETT ST,,36298,HICKMAN,21075,FULTON,21,KY,KENTUCKY,42050,1124,KY-01,KY-01,,,,SINGLE ZIP CODE,USA,UNITED STATES,KY42050,HICKMAN,21075,FULTON,21,KENTUCKY,42050-1124,KY-01,KY-01,,20.823: PORT INFRASTRUCTURE DEVELOPMENT PROGRAM,MA-PID-23-001,ASSIST IN FUNDING ELIGIBLE PROJECTS FOR THE PURPOSE OF IMPROVING THE SAFETY EFFICIENCY OR RELIABILITY OF THE MOVEMENT OF GOODS THROUGH PORTS AND INTERMODAL CONNECTIONS TO PORTS.,04,PROJECT GRANT (B),"AWARD PURPOSE THE PROJECT WILL REPLACE A CONVEYOR SYSTEM AT THE INLAND RIVER PORT. PROJECT ELEMENTS INCLUDE A NEW ROUGHLY 1200 FOOT LONG CONVEYOR SYSTEM, FOUNDATIONS FOR THE CONVEYOR NEW MOORING CELL ELECTRICAL INFRASTRUCTURE AND CONTROL MECHANISMS. THE PROJECT ALSO INCLUDES ENVIRONMENTAL ENGINEERING CONSTRUCTION ADMINISTRATION TESTING AND INSPECTION AND PROCUREMENT SERVICES.  ACTIVITIES TO BE PERFORMED THE PROJECT SCOPE OF WORK INCLUDES ONE COMPONENT WITH THE FOLLOWING ELEMENTS  NEW ROUGHLY 1200 FT CONVEYOR SYSTEM WITH A 48 INCH BELT 100HP DODGE DRIVE PACKAGE  CONVEYOR FOUNDATIONS   NEW 24 FT DIAMETER MOORING CELL  ELECTRICAL INFRASTRUCTURE  REMOTE CONTROL TECHNOLOGY TO INCLUDE WIRELESS MULTI SWITCH CONTROLLER  ENVIRONMENTAL PROFESSIONAL ENGINEERING DESIGN SERVICES CONSTRUCTION ADMINISTRATION AND TESTING AND INSPECTION SERVICES AND PROCUREMENT SERVICES. DELIVERABLES EXPECTED OUTCOMES FROM SCHEDULE G PAGE 10 OF THE GRANT AGREEMENT MEASURE VESSEL CALLS. CATEGORY AND DESCRIPTION MEASURES THE NUMBER OF VESSELS CALLING TO THE PROJECT STUDY AREA. MUST BE REPORTED IN TOTAL AND DISAGGREGATED BY ANY OF THE FOLLOWING WHERE APPLICABLE: VESSEL TYPE E G CONTAINER BULK RO RO LNG FREIGHT CAPACITY VESSEL LENGTH OR OTHER. MEASUREMENT FREQUENCY QUARTERLY. MEASURE CARGO VOLUME CATEGORY AND DESCRIPTION MEASUREMENT CARGO VOLUME MEASURES THE MOVEMENT OF FREIGHT THROUGH THE PROJECT STUDY AREA. WHEN APPLICABLE, REPORT THE TOTAL CARGO VOLUME AND THE VOLUME DISAGGREGATED BY TYPE OF FREIGHT I E CONTAINERS IN TEU AND BULK IN TONS OR TYPE OF INTERMODAL TRANSPORT TRUCK OR RAIL.FREQUENCY QUARTERLY. INTENDED BENEFICIARY HICKMAN-FULTON COUNTY RIVERPORT AUTHORITY INC.SUBRECIPIENT ACTIVITIES NONE.",NON,NOT RECOVERY ACT,Q,FOR-PROFIT ORGANIZATION (OTHER THAN SMALL BUSINESS),2,NON-AGGREGATE RECORD,,,,,,,,,,,https://www.usaspending.gov/award/ASST_NON_693JF72444078_069/,2026-03-09 19:08:26.086365+00
ASST_NON_693JJ32640405_069,693JJ32640405,,,,,,,,2026-03-04,2026,573000.00,,0.00,143250.00,716250.00,0.00,0.00,2026-03-04,2026,2026-03-04,2028-03-04,069,Department of Transportation,6925,Federal Highway Administration,693JJ3,693JJ3 ACQUISITION AND GRANTS MGT,069,Department of Transportation,6925,Federal Highway Administration,693JH9,FHWA OFFICE OF SAFETY,,,,,EFC2AWA1NQC9,,CITY OF LAWRENCE,CITY OF LAWRENCE,EFC2AWA1NQC9,,CITY OF LAWRENCE,USA,UNITED STATES,200 COMMON ST,,34550,LAWRENCE,25009,ESSEX,25,MA,MASSACHUSETTS,01840,1517,MA-03,MA-03,,,,CITY-WIDE,USA,UNITED STATES,MA34550,LAWRENCE,25009,ESSEX,25,MASSACHUSETTS,CITY-WIDE,MA-03,MA-03,,20.939: SAFE STREETS AND ROADS FOR ALL,DOT-SS4A-FY24-01,"THE PURPOSE OF SS4A GRANTS IS TO IMPROVE ROADWAY SAFETY BY SIGNIFICANTLY REDUCING OR ELIMINATING ROADWAY FATALITIES AND SERIOUS INJURIES THROUGH SAFETY ACTION PLAN DEVELOPMENT AND REFINEMENT AND IMPLEMENTATION FOCUSED ON ALL USERS, INCLUDING PEDESTRIANS, BICYCLISTS, PUBLIC TRANSPORTATION USERS, MOTORISTS, PERSONAL CONVEYANCE AND MICROMOBILITY USERS, AND COMMERCIAL VEHICLE OPERATORS. THE PROGRAM PROVIDES FUNDING TO DEVELOP THE TOOLS TO HELP STRENGTHEN A COMMUNITYS APPROACH TO ROADWAY SAFETY AND SAVE LIVES AND IS DESIGNED TO MEET THE NEEDS OF DIVERSE LOCAL, TRIBAL, AND REGIONAL COMMUNITIES THAT DIFFER DRAMATICALLY IN SIZE, LOCATION, AND EXPERIENCE ADMINISTERING FEDERAL FUNDING.",04,PROJECT GRANT (B),"SAFE STREETS AND ROADS FOR ALL PLANNING GRANT FOR CITY OF LAWRENCE, MA",NON,NOT RECOVERY ACT,C,CITY OR TOWNSHIP GOVERNMENT,2,NON-AGGREGATE RECORD,,,,,,,,,,,https://www.usaspending.gov/award/ASST_NON_693JJ32640405_069/,2026-03-09 11:24:38.138268+00
ASST_NON_693JJ32640421_069,693JJ32640421,,,,,,,,2026-03-09,2026,136000.00,,0.00,0.00,136000.00,0.00,0.00,2026-03-09,2026,2026-03-09,2029-03-09,069,Department of Transportation,6925,Federal Highway Administration,693JJ3,693JJ3 ACQUISITION AND GRANTS MGT,069,Department of Transportation,6925,Federal Highway Administration,693JH9,FHWA OFFICE OF SAFETY,,,,,V1ZBPYVXTJQ3,,CITY OF LAKELAND,CITY OF LAKELAND,,,CITY OF LAKELAND,USA,UNITED STATES,228 S MASSACHUSETTS AVE,,38250,LAKELAND,12105,POLK,12,FL,FLORIDA,33801,5012,FL-18,FL-18,,,,CITY-WIDE,USA,UNITED STATES,FL38250,LAKELAND,12105,POLK,12,FLORIDA,CITY-WIDE,FL-18,FL-90,,20.939: SAFE STREETS AND ROADS FOR ALL,DOT-SS4A-FY24-01,"THE PURPOSE OF SS4A GRANTS IS TO IMPROVE ROADWAY SAFETY BY SIGNIFICANTLY REDUCING OR ELIMINATING ROADWAY FATALITIES AND SERIOUS INJURIES THROUGH SAFETY ACTION PLAN DEVELOPMENT AND REFINEMENT AND IMPLEMENTATION FOCUSED ON ALL USERS, INCLUDING PEDESTRIANS, BICYCLISTS, PUBLIC TRANSPORTATION USERS, MOTORISTS, PERSONAL CONVEYANCE AND MICROMOBILITY USERS, AND COMMERCIAL VEHICLE OPERATORS. THE PROGRAM PROVIDES FUNDING TO DEVELOP THE TOOLS TO HELP STRENGTHEN A COMMUNITY'S APPROACH TO ROADWAY SAFETY AND SAVE LIVES AND IS DESIGNED TO MEET THE NEEDS OF DIVERSE LOCAL, TRIBAL, AND REGIONAL COMMUNITIES THAT DIFFER DRAMATICALLY IN SIZE, LOCATION, AND EXPERIENCE ADMINISTERING FEDERAL FUNDING.",04,PROJECT GRANT (B),"SAFE STREETS AND ROADS FOR ALL GRANT FOR THE CITY OF LAKELAND, FL",NON,NOT RECOVERY ACT,C,CITY OR TOWNSHIP GOVERNMENT,2,NON-AGGREGATE RECORD,,,,,,,,,,,https://www.usaspending.gov/award/ASST_NON_693JJ32640421_069/,2026-03-09 17:41:44.964371+00
ASST_NON_CO-2026-005_069,CO-2026-005,CO-2026-005-00-20.507,SAI EXEMPT,,,,,,2026-03-06,2026,2848959.00,,0.00,2189752.00,5038711.00,0.00,0.00,2026-03-06,2026,2026-03-06,2027-03-30,069,Department of Transportation,6955,Federal Transit Administration,6982SY,REGION 8 DOT FTA,069,Department of Transportation,6955,Federal Transit Administration,693JJ8,OFFICE OF BUDGET AND POLICY(TBP),,,,,NJK3BNUDRHJ7,,"CITY OF PUEBLO, COLORADO MUNICIPAL BUILDING CORPORATION",CITY OF PUEBLO COLORADO MUNICIPAL BUILDING CORPORATION,,,CITY OF PUEBLO,USA,UNITED STATES,1 CITY HALL PL,N/A,62000,PUEBLO,08101,PUEBLO,08,CO,COLORADO,81003,4201,CO-03,CO-03,,,,STATE-WIDE,USA,UNITED STATES,CO*****,,,,08,COLORADO,,CO-03,,,20.507: FEDERAL TRANSIT FORMULA GRANTS,NOT APPLICABLE,NOT APPLICABLE,03,FORMULA GRANT (A),APPLICATION PURPOSE: THE PURPOSE OF THIS GRANT AWARD IS TO SUPPORT FIXED ROUTE AND PARATRANSIT OPERATING SECURITY AND PREVENTIVE MAINTENANCE FOR VEHICLES AND FACILITIES.; ACTIVITIES PERFORMED: ACTIVITIES INCLUDE OPERATING FOR FIXED ROUTE AND PARATRANSIT PREVENTIVE MAINTENANCE FOR VEHICLES AND FACILITIES.; EXPECTED OUTCOMES: FUNDING WILL MAINTAIN VEHICLES AND FACILITIES AND FUND TRANSIT OPERATIONS FOR FIXED ROUTE AND PARATRANSIT RIDERS.; INTENDED BENEFICIARIES: TRANSIT RIDERS IN PUEBLO COLORADO; SUBRECIPIENT ACTIVITIES: N/A,NON,NOT RECOVERY ACT,C,CITY OR TOWNSHIP GOVERNMENT,2,NON-AGGREGATE RECORD,,,,,,,,,,,https://www.usaspending.gov/award/ASST_NON_CO-2026-005_069/,2026-03-09 19:36:34.095465+00
ASST_NON_MO-18-X036_069,MO-18-X036,MO-18-X036-02-20.509,SAI EXEMPT,Q: Not Designated Nonemergency/Emergency/Disaster/Wildfire Suppression,,,,,2026-03-03,2026,0.00,344700.00,0.00,0.00,0.00,0.00,0.00,2026-03-03,2026,2015-08-27,2026-12-31,069,Department of Transportation,6955,Federal Transit Administration,696482,REGION 7 DOT FTA,069,Department of Transportation,6955,Federal Transit Administration,693JJ8,OFFICE OF BUDGET AND POLICY(TBP),069-X-8350-000,069-8350,"41.0: Grants, subsidies, and contributions",0001: URBANIZED AREA PROGRAMS,HZLXEB71YNQ7,,MISSOURI DEPARTMENT OF TRANSPORTATION,MISSOURI DEPARTMENT OF TRANSPORTATION,,,,USA,UNITED STATES,105 W CAPITOL AVE,N/A,37000,JEFFERSON CITY,29027,CALLAWAY,29,MO,MISSOURI,65101,0000,MO-03,MO-03,,,,STATE-WIDE,USA,UNITED STATES,MO*****,,,,29,MISSOURI,,MO-90,,,20.509: FORMULA GRANTS FOR RURAL AREAS AND TRIBAL TRANSIT PROGRAM,NOT APPLICABLE,NOT APPLICABLE,03,FORMULA GRANT (A),APPLICATION PURPOSE: TO ASSIST RURAL PROVIDERS WITH OPERATING ASSISTANCE.; ACTIVITIES PERFORMED: ASSISTING RURAL PROVIDERS TO OFFSET OPERATING EXPENSES; EXPECTED OUTCOMES: TO ASSIST RURAL PROVIDERS. ; INTENDED BENEFICIARIES: 5311 RURAL PROVIDERS; SUBRECIPIENT ACTIVITIES: TO ASSIST WITH OPERATING ASSISTANCE.,NON,NOT RECOVERY ACT,A,STATE GOVERNMENT,2,NON-AGGREGATE RECORD,,,,,,,,,,,https://www.usaspending.gov/award/ASST_NON_MO-18-X036_069/,2026-03-09 19:36:34.095465+00
ASST_NON_NE-2026-002_069,NE-2026-002,NE-2026-002-00-20.507,SAI EXEMPT,,,,,,2026-03-03,2026,1720000.00,,0.00,497500.00,2217500.00,0.00,0.00,2026-03-03,2026,2026-03-03,2027-01-31,069,Department of Transportation,6955,Federal Transit Administration,696482,REGION 7 DOT FTA,069,Department of Transportation,6955,Federal Transit Administration,693JJ8,OFFICE OF BUDGET AND POLICY(TBP),,,,,H6DFKBPHK6U6,,LINCOLN CITY OF,LINCOLN CITY OF,,,CITY OF LINCOLN,USA,UNITED STATES,555 S 10TH ST # 301,N/A,28000,LINCOLN,31109,LANCASTER,31,NE,NEBRASKA,68508,2803,NE-01,NE-01,,,,STATE-WIDE,USA,UNITED STATES,NE*****,,,,31,NEBRASKA,,NE-01,,,20.507: FEDERAL TRANSIT FORMULA GRANTS,NOT APPLICABLE,NOT APPLICABLE,03,FORMULA GRANT (A),APPLICATION PURPOSE: ANNUAL GRANT REQUEST FOR CITY OF LINCOLN STARTRAN REIMBURSEMENT FOR FY 25/26 PREVENTATIVE MAINTENANCE ADA REIMBURSEMENT AND JARC PROJECTS WITH FEDERAL FY 2024 SECTION 5307 FORMULA FUNDS OF $1720000 LEAVING $1287590 OF THE FY 2024 FUNDING FOR FUTURE USE.; ACTIVITIES PERFORMED: PROVIDING BUS AND PARATRANSIT SERVICES FOR THE CITY OF LINCOLN FOR FY 25/26 YEAR INCLUDING MAINTENANCE OF VEHICLES SHELTERS AND FACILITIES.; EXPECTED OUTCOMES: CONTINUED QUALITY SERVICE BEING PROVIDED TO THE RESIDENTS STUDENTS AND VISITORS OF THE CITY OF LINCOLN.; INTENDED BENEFICIARIES: RESIDENTS OF THE CITY OF LINCOLN UNIVERSITY OF NEBRASKA AT LINCOLN LINCOLN LITERACY.; SUBRECIPIENT ACTIVITIES: LINCOLN LITERACY: PROVIDE PASSTHROUGH FUNDING FOR THEIR JARC SERVICES THEY PROVIDE TO THE IMMIGRANT COMMUNITY IN LINCOLN NEBRASKA,NON,NOT RECOVERY ACT,C,CITY OR TOWNSHIP GOVERNMENT,2,NON-AGGREGATE RECORD,,,,,,,,,,,https://www.usaspending.gov/award/ASST_NON_NE-2026-002_069/,2026-03-09 19:36:34.095465+00
ASST_NON_DRA26AR10494_517,DRA26AR10494,,,,,,,,2026-03-06,2026,363034.00,,0.00,,363034.00,0.00,0.00,2026-03-06,2026,2026-03-06,2028-03-06,517,Delta Regional Authority,9547,Delta Regional Authority,,,,,,,,,,,,,ZMEWGRBNJR56,,EAST ARKANSAS COMMUNITY COLLEGE,UA-EACC,,,,USA,UNITED STATES,1700 NEW CASTLE RD,,24430,FORREST CITY,05123,ST. FRANCIS,05,AR,ARKANSAS,72335,2204,AR-01,AR-01,,,,SINGLE ZIP CODE,USA,UNITED STATES,AR72335,FORREST CITY,05123,ST. FRANCIS,05,ARKANSAS,72335-2204,AR-01,AR-01,,90.201: DELTA AREA ECONOMIC DEVELOPMENT,,,10,"DIRECT PAYMENT WITH UNRESTRICTED USE (RETIREMENT, PENSION, VETERANS BENEFITS, ETC.) (D)",STRENGTHEN WORKFORCE DEVELOPMENT IN THE REGION BY PURCHASE AN ADVANCED ALIGNMENT MACHINE FOR DIESEL TECH PROGRAM,NON,NOT RECOVERY ACT,A,STATE GOVERNMENT,2,NON-AGGREGATE RECORD,,,,,,,,,,,https://www.usaspending.gov/award/ASST_NON_DRA26AR10494_517/,2026-03-10 20:02:54.839561+00
ASST_NON_DRA26AR10780_517,DRA26AR10780,,,,,,,,2026-03-06,2026,500000.00,,0.00,,500000.00,0.00,0.00,2026-03-06,2026,2026-03-06,2028-03-06,517,Delta Regional Authority,9547,Delta Regional Authority,,,,,,,,,,,,,F2N7B25TUPH9,,CITY OF WYNNE,WYNNE ECONOMIC DEVELOPMENT CORPORATION,,,CITY OF WYNNE,USA,UNITED STATES,206 FALLS BLVD S,,77090,WYNNE,05037,CROSS,05,AR,ARKANSAS,72396,3011,AR-01,AR-01,,,,SINGLE ZIP CODE,USA,UNITED STATES,AR72396,WYNNE,05037,CROSS,05,ARKANSAS,72396-3011,AR-01,AR-01,,90.201: DELTA AREA ECONOMIC DEVELOPMENT,,,10,"DIRECT PAYMENT WITH UNRESTRICTED USE (RETIREMENT, PENSION, VETERANS BENEFITS, ETC.) (D)","EXPAND MANUFACTURING AND DISTRIBUTION FACILTIY IN WYNNE, AR.  EXPANSION WILL FOCUS ON ENHANCING THE COMPANY DISTRIBUTION AND PACKAGING OPERATIONS",NON,NOT RECOVERY ACT,A,STATE GOVERNMENT,2,NON-AGGREGATE RECORD,,,,,,,,,,,https://www.usaspending.gov/award/ASST_NON_DRA26AR10780_517/,2026-03-10 20:02:54.839561+00
ASST_NON_DRA26AR10812_517,DRA26AR10812,,,,,,,,2026-03-06,2026,499380.00,,0.00,,499380.00,0.00,0.00,2026-03-06,2026,2026-03-06,2028-03-06,517,Delta Regional Authority,9547,Delta Regional Authority,,,,,,,,,,,,,LHWYXJLD6D43,,CITY OF PEACH ORCHARD,CITY OF PEACH ORCHARD,,,,USA,UNITED STATES,136 SW ELM ST,,54140,PEACH ORCHARD,05021,CLAY,05,AR,ARKANSAS,72453,8800,AR-01,AR-01,,,,SINGLE ZIP CODE,USA,UNITED STATES,AR72453,PEACH ORCHARD,05021,CLAY,05,ARKANSAS,72453-8800,AR-01,AR-01,,90.201: DELTA AREA ECONOMIC DEVELOPMENT,,,10,"DIRECT PAYMENT WITH UNRESTRICTED USE (RETIREMENT, PENSION, VETERANS BENEFITS, ETC.) (D)",FUNDING TO REPLACE ITS AGING WATER DISTRIBUTION MAINS SERVICE METERS AND VALVES AND COMPLETE CRITICAL SAFETY UPGRADES TO ITS ELEVATED STORAGE TANK,NON,NOT RECOVERY ACT,A,STATE GOVERNMENT,2,NON-AGGREGATE RECORD,,,,,,,,,,,https://www.usaspending.gov/award/ASST_NON_DRA26AR10812_517/,2026-03-10 20:02:54.839561+00
ASST_NON_DRA26IL10191_517,DRA26IL10191,,,,,,,,2026-03-06,2026,342040.00,,0.00,,342040.00,0.00,0.00,2026-03-06,2026,2026-03-06,2028-03-06,517,Delta Regional Authority,9547,Delta Regional Authority,,,,,,,,,,,,,GZXSE9C4H795,,HANDS OF HOPE FOUNDATION,HANDS OF HOPE FOUNDATION,GZXSE9C4H795,,HANDS OF HOPE FOUNDATION,USA,UNITED STATES,5208 MEADOWLAND PKWY,,46916,MARION,17199,WILLIAMSON,17,IL,ILLINOIS,62959,6386,IL-12,IL-12,,,,SINGLE ZIP CODE,USA,UNITED STATES,IL62959,MARION,17199,WILLIAMSON,17,ILLINOIS,62959-6386,IL-12,IL-12,,90.201: DELTA AREA ECONOMIC DEVELOPMENT,,,10,"DIRECT PAYMENT WITH UNRESTRICTED USE (RETIREMENT, PENSION, VETERANS BENEFITS, ETC.) (D)",SUPPORT REDEVELOPMENT OF A FORMER GROCERY STORE IN DUQUOIN IL TRANSFORMING IT INTO A MULTI USE COMMUNITY FACILITY,NON,NOT RECOVERY ACT,A,STATE GOVERNMENT,2,NON-AGGREGATE RECORD,,,,,,,,,,,https://www.usaspending.gov/award/ASST_NON_DRA26IL10191_517/,2026-03-10 20:02:54.839561+00
ASST_NON_DRA26KY10528_517,DRA26KY10528,,,,,,,,2026-03-06,2026,500000.00,,0.00,,500000.00,0.00,0.00,2026-03-06,2026,2026-03-06,2028-03-06,517,Delta Regional Authority,9547,Delta Regional Authority,,,,,,,,,,,,,CF4BAVV68CH9,,PADUCAH MCCRACKEN JOINT SEWER AGENCY,PADUCAH MCCRACKEN JOINT SEWER AUTHORITY,,,,USA,UNITED STATES,621 NORTHVIEW ST,,58836,PADUCAH,21145,MCCRACKEN,21,KY,KENTUCKY,42001,7453,KY-01,KY-01,,,,SINGLE ZIP CODE,USA,UNITED STATES,KY42001,PADUCAH,21145,MCCRACKEN,21,KENTUCKY,42001-7453,KY-01,KY-01,,90.201: DELTA AREA ECONOMIC DEVELOPMENT,,,10,"DIRECT PAYMENT WITH UNRESTRICTED USE (RETIREMENT, PENSION, VETERANS BENEFITS, ETC.) (D)",LEAD THE IMPLEMENTATION OF THE ARMORY PUMP STATION ENHANCEMENT PROJECT THAT ADDRESSES CRITICAL INFRASTRUCTURE IN MCCRACKEN COUNTY KY AND THE BROADER PURCHASE AREA REGION,NON,NOT RECOVERY ACT,A,STATE GOVERNMENT,2,NON-AGGREGATE RECORD,,,,,,,,,,,https://www.usaspending.gov/award/ASST_NON_DRA26KY10528_517/,2026-03-10 20:02:54.839561+00
ASST_NON_DRA26KY10705_517,DRA26KY10705,,,,,,,,2026-03-06,2026,500000.00,,0.00,,500000.00,0.00,0.00,2026-03-06,2026,2026-03-06,2028-03-06,517,Delta Regional Authority,9547,Delta Regional Authority,,,,,,,,,,,,,KSPJBCH68M95,,"WEST KENTUCKY WORKFORCE DEVELOPMENT BOARD, INC.",WEST KENTUCKY WORKFORCE DEVELOPMENT BOARD,KSPJBCH68M95,,"WEST KENTUCKY WORKFORCE DEVELOPMENT BOARD, INC.",USA,UNITED STATES,300 HAMMOND DR,,37918,HOPKINSVILLE,21047,CHRISTIAN,21,KY,KENTUCKY,42240,7952,KY-01,KY-01,,,,SINGLE ZIP CODE,USA,UNITED STATES,KY42240,HOPKINSVILLE,21047,CHRISTIAN,21,KENTUCKY,42240-7952,KY-01,KY-01,,90.201: DELTA AREA ECONOMIC DEVELOPMENT,,,10,"DIRECT PAYMENT WITH UNRESTRICTED USE (RETIREMENT, PENSION, VETERANS BENEFITS, ETC.) (D)",WKWB SEEKS FUNDS TO EXPAND HIGH DEMAND WORKFORCE TRAINING PRIORITIES FROM ITS RECENTLY UPDATED 2025-2029 LOCAL PLAN AND BUILD ON LOCAL PLAN STRATEGIES.  THE PROGRAM WILL DELIVER CREDENTIALING AND WORK BASED LEARNING,NON,NOT RECOVERY ACT,A,STATE GOVERNMENT,2,NON-AGGREGATE RECORD,,,,,,,,,,,https://www.usaspending.gov/award/ASST_NON_DRA26KY10705_517/,2026-03-10 20:02:54.839561+00
ASST_NON_DRA26LA10181_517,DRA26LA10181,,,,,,,,2026-03-06,2026,382865.00,,0.00,,382865.00,0.00,0.00,2026-03-06,2026,2026-03-06,2028-03-06,517,Delta Regional Authority,9547,Delta Regional Authority,,,,,,,,,,,,,SLHHFVJK31R5,,THE VILLAGE OF FOREST,VILLAGE OF FOREST,,,,USA,UNITED STATES,137 WALNUT ST,,26350,FOREST,22123,WEST CARROLL,22,LA,LOUISIANA,71242,0210,LA-05,LA-05,,,,SINGLE ZIP CODE,USA,UNITED STATES,LA71242,FOREST,22123,WEST CARROLL,22,LOUISIANA,71242-0210,LA-05,LA-05,,90.201: DELTA AREA ECONOMIC DEVELOPMENT,,,10,"DIRECT PAYMENT WITH UNRESTRICTED USE (RETIREMENT, PENSION, VETERANS BENEFITS, ETC.) (D)",PROJECT WILL REPLACE 9580 LF OF EXISTING 2IN EXPOSED WATER MAIN WITH NEW 3IN PVC WATER MAINS THAT RUN ALONG CHAMBLESS RD ABANDONING THE OLD IN PLACE,NON,NOT RECOVERY ACT,A,STATE GOVERNMENT,2,NON-AGGREGATE RECORD,,,,,,,,,,,https://www.usaspending.gov/award/ASST_NON_DRA26LA10181_517/,2026-03-10 20:02:54.839561+00
ASST_NON_DRA26LA10505_517,DRA26LA10505,,,,,,,,2026-03-06,2026,500000.00,,0.00,,500000.00,0.00,0.00,2026-03-06,2026,2026-03-06,2028-03-06,517,Delta Regional Authority,9547,Delta Regional Authority,,,,,,,,,,,,,FCAENMDDL599,,CITY OF WINNSBORO,TOWN OF WINNSBORO,,,,USA,UNITED STATES,207 N CONGRESS ST,,78460,WINNSBORO,45039,FAIRFIELD,45,SC,SOUTH CAROLINA,29180,1120,SC-05,SC-05,,,,SINGLE ZIP CODE,USA,UNITED STATES,SC29180,WINNSBORO,45039,FAIRFIELD,45,SOUTH CAROLINA,29180-1120,SC-05,SC-05,,90.201: DELTA AREA ECONOMIC DEVELOPMENT,,,10,"DIRECT PAYMENT WITH UNRESTRICTED USE (RETIREMENT, PENSION, VETERANS BENEFITS, ETC.) (D)",REPLACEMENT OF THE AIRFIELD CABLE ISOLATED TRANSFORMERS CONNECTORS PRECISION APPROACH PATH INDICATORS AND INCLUDE A CERTIFICATION FLIGHT FOR THE PAPIS AND REPLACEMENT OF THE INCADECENT LIGHT FIXTURES WITH LED LIGHTS,NON,NOT RECOVERY ACT,A,STATE GOVERNMENT,2,NON-AGGREGATE RECORD,,,,,,,,,,,https://www.usaspending.gov/award/ASST_NON_DRA26LA10505_517/,2026-03-10 20:02:54.839561+00
ASST_NON_DRA26LA10715_517,DRA26LA10715,,,,,,,,2026-03-06,2026,269270.00,,0.00,,269270.00,0.00,0.00,2026-03-06,2026,2026-03-06,2028-03-06,517,Delta Regional Authority,9547,Delta Regional Authority,,,,,,,,,,,,,TWGHPR5SAPJ3,,GILBERT CITY HALL,VILLAGE OF GILBERT,,,,USA,UNITED STATES,7564 GILBERT ST,,28940,GILBERT,22041,FRANKLIN,22,LA,LOUISIANA,71336,3501,LA-05,LA-05,,,,SINGLE ZIP CODE,USA,UNITED STATES,LA71336,GILBERT,22041,FRANKLIN,22,LOUISIANA,71336-3501,LA-05,LA-05,,90.201: DELTA AREA ECONOMIC DEVELOPMENT,,,10,"DIRECT PAYMENT WITH UNRESTRICTED USE (RETIREMENT, PENSION, VETERANS BENEFITS, ETC.) (D)",PROJECT WILL EXTEND AN 8IN WATER MAIN ALONG LA 15 US 425 TO PROVIDE POTABLE WATER SERVICE AND FIRE PROTECTION TO A NEW SUBDIVISION THAT INCLUDES 40 NEW HOUSES ON THE NORTH SIDE OF GILBERT,NON,NOT RECOVERY ACT,A,STATE GOVERNMENT,2,NON-AGGREGATE RECORD,,,,,,,,,,,https://www.usaspending.gov/award/ASST_NON_DRA26LA10715_517/,2026-03-10 20:02:54.839561+00
ASST_NON_DRA26LA10813_517,DRA26LA10813,,,,,,,,2026-03-06,2026,308860.00,,0.00,,308860.00,0.00,0.00,2026-03-06,2026,2025-03-06,2026-03-06,517,Delta Regional Authority,9547,Delta Regional Authority,,,,,,,,,,,,,DZJ6WFQ5HWK4,,"LOUISIANA CHAMBER OF COMMERCE FOUNDATION, INC",LOUISIANA CHAMBER OF COMMERCE FOUNDATION,,,,USA,UNITED STATES,2020 SAINT CHARLES AVE STE 300 FL 5,,55000,NEW ORLEANS,22071,ORLEANS,22,LA,LOUISIANA,70130,5319,LA-02,LA-02,,,,SINGLE ZIP CODE,USA,UNITED STATES,LA70130,NEW ORLEANS,22071,ORLEANS,22,LOUISIANA,70130-5319,LA-02,LA-02,,90.201: DELTA AREA ECONOMIC DEVELOPMENT,,,10,"DIRECT PAYMENT WITH UNRESTRICTED USE (RETIREMENT, PENSION, VETERANS BENEFITS, ETC.) (D)",LCCF SMALL BUSINESS INNOVATION PROGRAM WILL PROVIDE 60 SMALL BUSINESSES IN THE CITY OF MONROE AND SURROUNDING PARISHES WITH COACHING TECH SUPPORT AND ONLINE ENTREPRENEURIAL TRAINING TO HELP STRENGTHEN INTERNAL PROCESSES,NON,NOT RECOVERY ACT,A,STATE GOVERNMENT,2,NON-AGGREGATE RECORD,,,,,,,,,,,https://www.usaspending.gov/award/ASST_NON_DRA26LA10813_517/,2026-03-10 20:02:54.839561+00
ASST_NON_DRA26MO10266_517,DRA26MO10266,,,,,,,,2026-03-06,2026,500000.00,,0.00,,500000.00,0.00,0.00,2026-03-06,2026,2026-03-06,2028-03-06,517,Delta Regional Authority,9547,Delta Regional Authority,,,,,,,,,,,,,HDN7ATPULJ73,,"BOYS AND GIRLS CLUB OF POPLAR BLUFF, THE",BOYS & GIRLS CLUD OF POPLAR BLUFF,,,,USA,UNITED STATES,1306 VICTORY LN,,59096,POPLAR BLUFF,29023,BUTLER,29,MO,MISSOURI,63901,3300,MO-08,MO-08,,,,SINGLE ZIP CODE,USA,UNITED STATES,MO63901,POPLAR BLUFF,29023,BUTLER,29,MISSOURI,63901-3300,MO-08,MO-08,,90.201: DELTA AREA ECONOMIC DEVELOPMENT,,,10,"DIRECT PAYMENT WITH UNRESTRICTED USE (RETIREMENT, PENSION, VETERANS BENEFITS, ETC.) (D)",ADDRESS GROWING DEMAND AND OVERCOME FACILITY LIMITATIONS THE BOYS AND GIRLS CLUB OF HEARTLAND IS CONSTRUCTION A 31000 SQ FT REGIONAL WORKFORCE DEV TEEN CENTER,NON,NOT RECOVERY ACT,A,STATE GOVERNMENT,2,NON-AGGREGATE RECORD,,,,,,,,,,,https://www.usaspending.gov/award/ASST_NON_DRA26MO10266_517/,2026-03-10 20:02:54.839561+00
ASST_NON_DRA26MS10603_517,DRA26MS10603,,,,,,,,2026-03-06,2026,320000.00,,0.00,,320000.00,0.00,0.00,2026-03-06,2026,2026-03-06,2028-03-06,517,Delta Regional Authority,9547,Delta Regional Authority,,,,,,,,,,,,,CFDMEEEYMWC1,,TOWN OF RALEIGH,TOWN OF RALEIGH,,,,USA,UNITED STATES,150 MAIN ST,,60840,RALEIGH,28129,SMITH,28,MS,MISSISSIPPI,39153,2202,MS-03,MS-03,,,,SINGLE ZIP CODE,USA,UNITED STATES,MS39153,RALEIGH,28129,SMITH,28,MISSISSIPPI,39153-2202,MS-03,MS-03,,90.201: DELTA AREA ECONOMIC DEVELOPMENT,,,10,"DIRECT PAYMENT WITH UNRESTRICTED USE (RETIREMENT, PENSION, VETERANS BENEFITS, ETC.) (D)",TOWN OF RALEIGH WILL REPLACE 2500 LF OF 6IN CLASS RATED PVC WATER MAINS WITH NEW 8IN PVC C900 WATER MAINS AND APPURTENANT ITEMS,NON,NOT RECOVERY ACT,A,STATE GOVERNMENT,2,NON-AGGREGATE RECORD,,,,,,,,,,,https://www.usaspending.gov/award/ASST_NON_DRA26MS10603_517/,2026-03-10 20:05:03.054118+00
ASST_NON_DRA26MS10740BIL_517,DRA26MS10740BIL,,,,,,,,2026-03-06,2026,351152.36,,0.00,,351152.36,0.00,0.00,2026-03-06,2026,2026-03-06,2028-03-06,517,Delta Regional Authority,9547,Delta Regional Authority,,,,,,,,,,,,,JALLFRLKMKY7,,TOWN OF SLEDGE,TOWN OF SLEDGE,,,,USA,UNITED STATES,400 N MAIN ST,,68400,SLEDGE,28143,TUNICA,28,MS,MISSISSIPPI,38670,0276,MS-02,MS-02,,,,SINGLE ZIP CODE,USA,UNITED STATES,MS38670,SLEDGE,28143,TUNICA,28,MISSISSIPPI,38670-0276,MS-02,MS-02,,90.201: DELTA AREA ECONOMIC DEVELOPMENT,,,10,"DIRECT PAYMENT WITH UNRESTRICTED USE (RETIREMENT, PENSION, VETERANS BENEFITS, ETC.) (D)",UNDERTAKING A CRITICAL INFRASTRUCTURE PROJECT TO REHABILITATE ITS AGING WATER AND SEWER SYSTEMS SERVING APPROX 368 RESIDENTS,NON,NOT RECOVERY ACT,A,STATE GOVERNMENT,2,NON-AGGREGATE RECORD,,,,,,,,,,,https://www.usaspending.gov/award/ASST_NON_DRA26MS10740BIL_517/,2026-03-10 20:05:03.054118+00
ASST_NON_DRA26TN10150_517,DRA26TN10150,,,,,,,,2026-03-06,2026,1000000.00,,0.00,,1000000.00,0.00,0.00,2026-03-06,2026,2026-03-06,2028-03-06,517,Delta Regional Authority,9547,Delta Regional Authority,,,,,,,,,,,,,KJ9EMU6H7261,,"SAVANNAH INDUSTRIAL DEVELOPMENT CORP OF THE CITY OF SAVANNAH, TENNESSEE",SAVANNAH INDUSTRIAL DEV CORP OF THE CITY OF SAVANNAH TN,KJ9EMU6H7261,,"SAVANNAH INDUSTRIAL DEVELOPMENT CORP OF THE CITY OF SAVANNAH, TENNESSEE",USA,UNITED STATES,495 MAIN ST,,66720,SAVANNAH,47071,HARDIN,47,TN,TENNESSEE,38372,2062,TN-08,TN-08,,,,SINGLE ZIP CODE,USA,UNITED STATES,TN38372,SAVANNAH,47071,HARDIN,47,TENNESSEE,38372-2062,TN-08,TN-08,,90.201: DELTA AREA ECONOMIC DEVELOPMENT,,,10,"DIRECT PAYMENT WITH UNRESTRICTED USE (RETIREMENT, PENSION, VETERANS BENEFITS, ETC.) (D)",AID IN THE PURCHASE OF AN EXISTING MANUFACTURING FACILITY FOR TWO LOCALLY OWNED COMPANIES OWNED BY THE SAME MAN NEEDING TO RELOCATE OPERATIONS INTO A LARGER FACILITY,NON,NOT RECOVERY ACT,A,STATE GOVERNMENT,2,NON-AGGREGATE RECORD,,,,,,,,,,,https://www.usaspending.gov/award/ASST_NON_DRA26TN10150_517/,2026-03-10 20:05:03.054118+00
ASST_NON_DRA26TN10477_517,DRA26TN10477,,,,,,,,2026-03-06,2026,1120000.00,,0.00,,1120000.00,0.00,0.00,2026-03-06,2026,2026-03-06,2028-03-06,517,Delta Regional Authority,9547,Delta Regional Authority,,,,,,,,,,,,,NS3AKBMJNCD5,,JACKSON MADISON COUNTY AIRPORT AUTHORITY,JACKSON MADISON COUNTY AIRPORT AUTHORITY,,,,USA,UNITED STATES,308 GRADY MONTGOMERY DR,,37640,JACKSON,47113,MADISON,47,TN,TENNESSEE,38301,9720,TN-08,TN-08,,,,SINGLE ZIP CODE,USA,UNITED STATES,TN38301,JACKSON,47113,MADISON,47,TENNESSEE,38301-9720,TN-08,TN-08,,90.201: DELTA AREA ECONOMIC DEVELOPMENT,,,10,"DIRECT PAYMENT WITH UNRESTRICTED USE (RETIREMENT, PENSION, VETERANS BENEFITS, ETC.) (D)",DEMOLISH AN OUTDATED UNDERUTILIZED AIRCRAFT HANGAR WITH AUTHORITY OFFICES TO ALLOW FOR THE CONSTRUCTION OF A NEW PASSENGER TERMINAL,NON,NOT RECOVERY ACT,A,STATE GOVERNMENT,2,NON-AGGREGATE RECORD,,,,,,,,,,,https://www.usaspending.gov/award/ASST_NON_DRA26TN10477_517/,2026-03-10 20:05:03.054118+00
ASST_NON_DRA26TN10648_517,DRA26TN10648,,,,,,,,2026-03-06,2026,348950.00,,0.00,,348950.00,0.00,0.00,2026-03-06,2026,2026-03-06,2028-03-06,517,Delta Regional Authority,9547,Delta Regional Authority,,,,,,,,,,,,,NMYML1LN6L71,,CODECREW,CODECREW,NMYML1LN6L71,,CODECREW,USA,UNITED STATES,460 S HIGHLAND ST,,48000,MEMPHIS,47157,SHELBY,47,TN,TENNESSEE,38111,4302,TN-09,TN-09,,,,SINGLE ZIP CODE,USA,UNITED STATES,TN38111,MEMPHIS,47157,SHELBY,47,TENNESSEE,38111-4302,TN-09,TN-09,,90.201: DELTA AREA ECONOMIC DEVELOPMENT,,,10,"DIRECT PAYMENT WITH UNRESTRICTED USE (RETIREMENT, PENSION, VETERANS BENEFITS, ETC.) (D)",CODECREW WILL CREATE AN AI WORKFORCE COMPUTER LAB IN NORTH MEMPHIS WITHIN CENSUS TRACT 12,NON,NOT RECOVERY ACT,A,STATE GOVERNMENT,2,NON-AGGREGATE RECORD,,,,,,,,,,,https://www.usaspending.gov/award/ASST_NON_DRA26TN10648_517/,2026-03-10 20:05:03.054118+00
ASST_NON_DRA26TN10708BIL_517,DRA26TN10708BIL,,,,,,,,2026-03-06,2026,412852.46,,0.00,,412852.46,0.00,0.00,2026-03-06,2026,2026-03-06,2028-03-06,517,Delta Regional Authority,9547,Delta Regional Authority,,,,,,,,,,,,,LBDFALL55CB8,,THE INDUSTRIAL DEV BOARD OF THE TOWN OF COVINGTON,THE INDUSTRIAL DEV BOARD OF THE TOWN OF COVINGTON,LBDFALL55CB8,,THE INDUSTRIAL DEV BOARD OF THE TOWN OF COVINGTON,USA,UNITED STATES,106 W LIBERTY AVE,,17680,COVINGTON,47167,TIPTON,47,TN,TENNESSEE,38019,1805,TN-08,TN-08,,,,SINGLE ZIP CODE,USA,UNITED STATES,TN38019,COVINGTON,47167,TIPTON,47,TENNESSEE,38019-1805,TN-08,TN-08,,90.201: DELTA AREA ECONOMIC DEVELOPMENT,,,10,"DIRECT PAYMENT WITH UNRESTRICTED USE (RETIREMENT, PENSION, VETERANS BENEFITS, ETC.) (D)",COMPLETE CRITICAL SOIL STABILIZATION FOR APPROX $100M MANUFACTURING EXPANSION ALONG THE HOPE ST INDUSTRIAL CORRIDOR,NON,NOT RECOVERY ACT,A,STATE GOVERNMENT,2,NON-AGGREGATE RECORD,,,,,,,,,,,https://www.usaspending.gov/award/ASST_NON_DRA26TN10708BIL_517/,2026-03-10 20:05:03.054118+00
ASST_NON_DRA26TN10708_517,DRA26TN10708,,,,,,,,2026-03-06,2026,87147.54,,0.00,,87147.54,0.00,0.00,2026-03-06,2026,2026-03-06,2028-03-06,517,Delta Regional Authority,9547,Delta Regional Authority,,,,,,,,,,,,,LBDFALL55CB8,,THE INDUSTRIAL DEV BOARD OF THE TOWN OF COVINGTON,THE INDUSTRIAL DEV BOARD OF THE TOWN OF COVINGTON,LBDFALL55CB8,,THE INDUSTRIAL DEV BOARD OF THE TOWN OF COVINGTON,USA,UNITED STATES,106 W LIBERTY AVE,,17680,COVINGTON,47167,TIPTON,47,TN,TENNESSEE,38019,1805,TN-08,TN-08,,,,SINGLE ZIP CODE,USA,UNITED STATES,TN38019,COVINGTON,47167,TIPTON,47,TENNESSEE,38019-1805,TN-08,TN-08,,90.201: DELTA AREA ECONOMIC DEVELOPMENT,,,10,"DIRECT PAYMENT WITH UNRESTRICTED USE (RETIREMENT, PENSION, VETERANS BENEFITS, ETC.) (D)",COMPLETE CRITICAL SOIL STABILIZATION FOR APPROX $100M MANUFACTURING EXPANSION ALONG THE HOPE ST INDUSTRIAL CORRIDOR,NON,NOT RECOVERY ACT,A,STATE GOVERNMENT,2,NON-AGGREGATE RECORD,,,,,,,,,,,https://www.usaspending.gov/award/ASST_NON_DRA26TN10708_517/,2026-03-10 20:05:03.054118+00
ASST_NON_30601840342026_069,30601840342026,,SAI NOT AVAILABLE,,,,,,2026-03-05,2026,282587.00,,0.00,14873.00,297460.00,0.00,0.00,2026-03-05,2026,2026-03-05,2030-03-04,069,Department of Transportation,6920,Federal Aviation Administration,69A325,SAN FRANCISCO AIRPORTS DIVISION OFF,069,Department of Transportation,6920,Federal Aviation Administration,69A325,SAN FRANCISCO AIRPORTS DIVISION OFF,,,,,DSFLC4FNTE23,,PASO ROBLES MUNICIPAL AIRPORT,CITYELPASODEROBLES,,,,USA,UNITED STATES,4912 WING WAY,,56056,PASO ROBLES,06079,SAN LUIS OBISPO,06,CA,CALIFORNIA,93446,8522,CA-19,CA-19,,,,SINGLE ZIP CODE,USA,UNITED STATES,CA92410,PASO ROBLES,06079,SAN LUIS OBISPO,06,CALIFORNIA,93446,CA-19,CA-19,,20.117: AIRPORT INFRASTRUCTURE GRANTS,NOT APPLICABLE,NOT APPLICABLE,04,PROJECT GRANT (B),"PURPOSE: REHABILITATE TAXIWAY.  ACTIVITIES TO BE PERFORMED/EXPECTED OUTCOMES: THIS PROJECT REHABILITATES 1,900 FEET OF EXISTING PAVED TAXIWAY A TO MAINTAIN THE STRUCTURAL INTEGRITY OF THE PAVEMENT AND TO MINIMIZE FOREIGN OBJECT DEBRIS TO EXTEND ITS USEFUL LIFE. THIS GRANT FUNDS PHASE 1, WHICH CONSISTS OF DESIGN.  INTENDED BENEFICIARY: THIS GRANT WILL PROVIDE FEDERAL FUNDING FOR AIRPORTS ASSOCIATED WITH PASO ROBLES, CALIFORNIA.",NON,NOT RECOVERY ACT,C,CITY OR TOWNSHIP GOVERNMENT,2,NON-AGGREGATE RECORD,,,,,,,,,,,https://www.usaspending.gov/award/ASST_NON_30601840342026_069/,2026-03-11 11:48:54.057174+00
ASST_NON_32800150332026_069,32800150332026,,SAI NOT AVAILABLE,,,,,,2026-03-03,2026,36938.00,,0.00,1944.11,38882.11,0.00,0.00,2026-03-03,2026,2026-03-03,2030-03-02,069,Department of Transportation,6920,Federal Aviation Administration,69A280,JACKSON AIRPORTS DIVISION OFFICE,069,Department of Transportation,6920,Federal Aviation Administration,69A280,JACKSON AIRPORTS DIVISION OFFICE,,,,,QFNAKQ3GBCY5,,CITY OF CLEVELAND,CITY OF CLEVELAND,,,CITY OF CLEVELAND,USA,UNITED STATES,PO BOX 1439,,14270,CLEVELAND,28011,BOLIVAR,28,MS,MISSISSIPPI,38732,3353,MS-02,MS-02,,,,SINGLE ZIP CODE,USA,UNITED STATES,MS14260,CLEVELAND,28011,BOLIVAR,28,MISSISSIPPI,38732,MS-02,MS-02,,20.117: AIRPORT INFRASTRUCTURE GRANTS,NOT APPLICABLE,NOT APPLICABLE,04,PROJECT GRANT (B),"PURPOSE: CONSTRUCT/EXPAND HANGAR.  ACTIVITIES TO BE PERFORMED/EXPECTED OUTCOMES: THIS PROJECT CONSTRUCTS A NEW 12,000 SQUARE FOOT SPONSOR-OWNED HANGAR FOR AIRCRAFT STORAGE/MAINTENANCE TO ASSIST THE AIRPORT TO BE AS SELF-SUSTAINING AS POSSIBLE BY GENERATING REVENUE. THIS PROJECT IS ALLOWABLE UNDER THE INFRASTRUCTURE INVESTMENT AND JOBS ACT'S EXPANDED ELIGIBILITY. THIS GRANT FUNDS THE FINAL PHASE WHICH CONSISTS OF APPROXIMATELY 525 SQUARE FEET OF CONSTRUCTION. THIS GRANT FUNDS THE FINAL REIMBURSEMENT OF THIS PROJECT COMPLETED IN JUNE 2024.  INTENDED BENEFICIARY: THIS GRANT WILL PROVIDE FEDERAL FUNDING FOR AIRPORTS ASSOCIATED WITH CLEVELAND, MISSISSIPPI.",NON,NOT RECOVERY ACT,C,CITY OR TOWNSHIP GOVERNMENT,2,NON-AGGREGATE RECORD,,,,,,,,,,,https://www.usaspending.gov/award/ASST_NON_32800150332026_069/,2026-03-11 11:48:54.057174+00
ASST_NON_33800510232026_069,33800510232026,,SAI NOT AVAILABLE,,,,,,2026-03-02,2026,90581.00,,0.00,4767.42,95348.42,0.00,0.00,2026-03-02,2026,2026-03-02,2030-03-01,069,Department of Transportation,6920,Federal Aviation Administration,69A245,"DAKOTA-MINN AIRPORT DIV, MINN. OFC",069,Department of Transportation,6920,Federal Aviation Administration,69A245,"DAKOTA-MINN AIRPORT DIV, MINN. OFC",,,,,U9J8TLRACB17,,TIOGA MUNICIPAL AIRPORT AUTHORITY,TIOGA MUNI ARPT AUTH,G3JYBKE48YP1,,,USA,UNITED STATES,PO BOX 428,,78940,TIOGA,38105,WILLIAMS,38,ND,NORTH DAKOTA,58852,0428,ND-00,ND-00,,,,COUNTY-WIDE,USA,UNITED STATES,ND**105,,38105,WILLIAMS,38,NORTH DAKOTA,,ND-00,ND-00,,20.117: AIRPORT INFRASTRUCTURE GRANTS,NOT APPLICABLE,NOT APPLICABLE,04,PROJECT GRANT (B),"PURPOSE: UPDATE AIRPORT MASTER PLAN.  ACTIVITIES TO BE PERFORMED/EXPECTED OUTCOMES: THIS PROJECT UPDATES THE EXISTING AIRPORT LAYOUT PLAN WITH MASTER PLAN NARRATIVE. THIS GRANT FUNDS PHASE 1, WHICH CONSISTS OF THE AIRPORT LAYOUT PLAN AND NARRATIVE REPORT.  INTENDED BENEFICIARY: THIS GRANT WILL PROVIDE FEDERAL FUNDING FOR AIRPORTS ASSOCIATED WITH TIOGA, NORTH DAKOTA.",NON,NOT RECOVERY ACT,D,SPECIAL DISTRICT GOVERNMENT,2,NON-AGGREGATE RECORD,,,,,,,,,,,https://www.usaspending.gov/award/ASST_NON_33800510232026_069/,2026-03-11 11:48:54.057174+00
ASST_NON_35600140892026_069,35600140892026,,SAI NOT AVAILABLE,,,,,,2026-03-06,2026,3678235.00,,0.00,245215.67,3923450.67,0.00,0.00,2026-03-06,2026,2026-03-06,2030-03-05,069,Department of Transportation,6920,Federal Aviation Administration,69A260,DENVER AIRPORTS DIVISION OFFICE,069,Department of Transportation,6920,Federal Aviation Administration,69A260,DENVER AIRPORTS DIVISION OFFICE,,,,,KELEZHCKXHL6,,JACKSON HOLE AIRPORT BOARD,JACKSON HOLE ARPT BD,,,,USA,UNITED STATES,P.O. BOX 159,,40120,JACKSON,56039,TETON,56,WY,WYOMING,83001,8603,WY-00,WY-00,,,,SINGLE ZIP CODE,USA,UNITED STATES,WY40120,JACKSON,56039,TETON,56,WYOMING,83001,WY-00,WY-00,,20.117: AIRPORT INFRASTRUCTURE GRANTS,NOT APPLICABLE,NOT APPLICABLE,04,PROJECT GRANT (B),"PURPOSE: CONSTRUCT DEICING PAD AND CONTAINMENT FACILITY.  ACTIVITIES TO BE PERFORMED/EXPECTED OUTCOMES: THIS PROJECT CONSTRUCTS A NEW 94,000 SQUARE FOOT PUBLIC USE DEICING PAD INCLUDING CONTAINMENT FACILITY AND ASSOCIATED EQUIPMENT. THIS GRANT FUNDS THE FINAL PHASE, WHICH INCLUDES PAVING AND INSTALLATION OF DRAINAGE STRUCTURES.  INTENDED BENEFICIARY: THIS GRANT WILL PROVIDE FEDERAL FUNDING FOR AIRPORTS ASSOCIATED WITH JACKSON, WYOMING.",NON,NOT RECOVERY ACT,D,SPECIAL DISTRICT GOVERNMENT,2,NON-AGGREGATE RECORD,,,,,,,,,,,https://www.usaspending.gov/award/ASST_NON_35600140892026_069/,2026-03-11 11:48:54.057174+00
ASST_NON_693JJ32640375_069,693JJ32640375,,,,,,,,2026-03-10,2026,1443528.00,,0.00,0.00,1443528.00,0.00,0.00,2026-03-10,2026,2026-03-10,2033-09-30,069,Department of Transportation,6925,Federal Highway Administration,693JJ3,693JJ3 ACQUISITION AND GRANTS MGT,069,Department of Transportation,6925,Federal Highway Administration,693JH6,FHWA OFFICE OF OPERATIONS,,,,,U5W1BFU54PJ3,,CITY OF INDEPENDENCE,CITY OF INDEPENDENCE,,,CITY OF INDEPENDENCE,USA,UNITED STATES,111 E MAPLE AVE,,35000,INDEPENDENCE,29095,JACKSON,29,MO,MISSOURI,64050,,MO-05,MO-05,,,,CITY-WIDE,USA,UNITED STATES,MO35000,INDEPENDENCE,29095,JACKSON,29,MISSOURI,CITY-WIDE,MO-05,MO-05,,20.933: NATIONAL INFRASTRUCTURE INVESTMENTS,DTOS59-24-RA-RAISE,RAISE GRANTS ARE FOR CAPITAL INVESTMENTS IN SURFACE TRANSPORTATION THAT WILL HAVE A SIGNIFICANT LOCAL OR REGIONAL IMPACT.,04,PROJECT GRANT (B),"CITY OF INDEPENDENCE, MO. ENGLEWOOD ROUNDABOUT AND WINNER ROAD UPGRADES UNDER THE REBUILDING AMERICAN INFRASTRUCTURE WITH SUSTAINABILITY AND EQUITY PROGRAM",NON,NOT RECOVERY ACT,C,CITY OR TOWNSHIP GOVERNMENT,2,NON-AGGREGATE RECORD,,,,,,,,,,,https://www.usaspending.gov/award/ASST_NON_693JJ32640375_069/,2026-03-11 11:53:19.605189+00
ASST_NON_693JJ32640441_069,693JJ32640441,,,,,,,,2026-03-11,2026,81120.00,,0.00,0.00,81120.00,0.00,0.00,2026-03-11,2026,2026-03-11,2028-03-11,069,Department of Transportation,6925,Federal Highway Administration,693JJ3,693JJ3 ACQUISITION AND GRANTS MGT,069,Department of Transportation,6925,Federal Highway Administration,693JH9,FHWA OFFICE OF SAFETY,,,,,NBMUNJPNYFB4,,HOH INDIAN TRIBE,HOH INDIAN TRIBE,,,HOH INDIAN TRIBE,USA,UNITED STATES,2464 LOWER HOH RD,,24810,FORKS,53031,JEFFERSON,53,WA,WASHINGTON,98331,9495,WA-06,WA-06,,,,SINGLE ZIP CODE,USA,UNITED STATES,WA2481R,FORKS,53009,CLALLAM,53,WASHINGTON,98331-2196,WA-06,WA-06,,20.939: SAFE STREETS AND ROADS FOR ALL,DOT-SS4A-FY24-01,"THE PURPOSE OF SS4A GRANTS IS TO IMPROVE ROADWAY SAFETY BY SIGNIFICANTLY REDUCING OR ELIMINATING ROADWAY FATALITIES AND SERIOUS INJURIES THROUGH SAFETY ACTION PLAN DEVELOPMENT AND REFINEMENT AND IMPLEMENTATION FOCUSED ON ALL USERS, INCLUDING PEDESTRIANS, BICYCLISTS, PUBLIC TRANSPORTATION USERS, MOTORISTS, PERSONAL CONVEYANCE AND MICROMOBILITY USERS, AND COMMERCIAL VEHICLE OPERATORS. THE PROGRAM PROVIDES FUNDING TO DEVELOP THE TOOLS TO HELP STRENGTHEN A COMMUNITY'S APPROACH TO ROADWAY SAFETY AND SAVE LIVES AND IS DESIGNED TO MEET THE NEEDS OF DIVERSE LOCAL, TRIBAL, AND REGIONAL COMMUNITIES THAT DIFFER DRAMATICALLY IN SIZE, LOCATION, AND EXPERIENCE ADMINISTERING FEDERAL FUNDING.",04,PROJECT GRANT (B),"HOH INDIAN TRIBE, WA FOR THE PROJECT 'HOH TRIBE SAFETY ACTION PLAN",NON,NOT RECOVERY ACT,I,INDIAN/NATIVE AMERICAN TRIBAL GOVERNMENT (FEDERALLY-RECOGNIZED),2,NON-AGGREGATE RECORD,,,,,,,,,,,https://www.usaspending.gov/award/ASST_NON_693JJ32640441_069/,2026-03-11 19:46:22.133517+00
ASST_NON_693JJ92640007_069,693JJ92640007,,SAI NOT APPLICABLE,,,,,,2026-03-10,2026,7483382.00,,0.00,,7483382.00,0.00,0.00,2026-03-10,2026,2026-03-10,2031-03-09,069,Department of Transportation,6940,National Highway Traffic Safety Administration,693JJ9,693JJ9 NHTSA OFFICE OF ACQUISTION,069,Department of Transportation,6940,National Highway Traffic Safety Administration,693JJ9,693JJ9 NHTSA OFFICE OF ACQUISTION,,,,,ED44Y3W6P7B9,,UNIVERSITY OF ARIZONA,UNIVERSITY OF ARIZONA,NKJGJQYQJKR3,,ARIZONA BOARD OF REGENTS,USA,UNITED STATES,845 N PARK AVE RM 538,,77000,TUCSON,04019,PIMA,04,AZ,ARIZONA,85721,0158,AZ-07,AZ-07,,,,CITY-WIDE,USA,UNITED STATES,AZ77000,TUCSON,04019,PIMA,04,ARIZONA,CITY-WIDE,AZ-07,AZ-90,,20.614: NATIONAL HIGHWAY TRAFFIC SAFETY ADMINISTRATION (NHTSA) DISCRETIONARY SAFETY GRANTS AND COOPERATIVE AGREEMENTS,693JJ926RQ000099,"""""PHYSICIAN 1: TRAUMA CARE ON THE ROADSIDE (PARSID-880) SAFE STREETS & ROADS FOR ALL (SS4A) DISCRETIONARY GRANT AWARD FOR 2024 SUCCESSFUL APPLICANT.",04,PROJECT GRANT (B),"THE PHYSICIAN ONE DEMONSTRATION PROJECT WILL IMPLEMENT AND EVALUATE 
THE EFFECTIVENESS OF PHYSICIAN LEVEL FIELD CARE IN SOUTHERN ARIZONA. 
EMS PHYSICIANS WILL AUGMENT 911 RESPONSES TO MAJOR ROAD-WAY TRAUMA. THE PROGRAM AIMS TO 
ACCIDENTS WITH THE AIM OF REDUCING DEATHS FROM THOSE INCIDENTS.",NON,NOT RECOVERY ACT,H,PUBLIC/STATE CONTROLLED INSTITUTION OF HIGHER EDUCATION,2,NON-AGGREGATE RECORD,,,,,,,,,,,https://www.usaspending.gov/award/ASST_NON_693JJ92640007_069/,2026-03-11 16:01:19.795695+00
ASST_NON_DRA26IL10619_517,DRA26IL10619,,,,,,,,2026-03-02,2026,8413.79,,0.00,,8413.79,0.00,0.00,2026-03-02,2026,2026-03-02,2028-03-02,517,Delta Regional Authority,9547,Delta Regional Authority,,,,,,,,,,,,,S12CNMNPMP35,,GREATER WABASH REGIONAL PLANNING COMMISS,GREATER WABASH REGIONAL PLANNING COMMISSION,,,,USA,UNITED STATES,10 W MAIN STREET,,00568,ALBION,17047,EDWARDS,17,IL,ILLINOIS,62806,1031,IL-12,IL-12,,,,SINGLE ZIP CODE,USA,UNITED STATES,IL62806,ALBION,17047,EDWARDS,17,ILLINOIS,62806-1031,IL-12,IL-12,,90.201: DELTA AREA ECONOMIC DEVELOPMENT,,,10,"DIRECT PAYMENT WITH UNRESTRICTED USE (RETIREMENT, PENSION, VETERANS BENEFITS, ETC.) (D)",PROJECT WILL SUPPORT MANPOWER TO INCREASE ACCESSIBILITY TO FUNDING FOR UNDERSERVED COMMUNITIES,NON,NOT RECOVERY ACT,A,STATE GOVERNMENT,2,NON-AGGREGATE RECORD,,,,,,,,,,,https://www.usaspending.gov/award/ASST_NON_DRA26IL10619_517/,2026-02-05 18:21:03.391138+00
ASST_NON_DRA26KY10689_517,DRA26KY10689,,,,,,,,2026-03-02,2026,42068.94,,0.00,,42068.94,0.00,0.00,2026-03-02,2026,2026-03-02,2028-03-02,517,Delta Regional Authority,9547,Delta Regional Authority,,,,,,,,,,,,,E3YPS58G95Q4,,GREEN RIVER AREA DEVELOPMENT DISTRICT INC,GREEN RIVER AREA DEVELOPMENT DISTRICT,,,,USA,UNITED STATES,300 GRADD WAY,,58620,OWENSBORO,21059,DAVIESS,21,KY,KENTUCKY,42301,0200,KY-02,KY-02,,,,SINGLE ZIP CODE,USA,UNITED STATES,KY42301,OWENSBORO,21059,DAVIESS,21,KENTUCKY,42301-0200,KY-02,KY-02,,90.201: DELTA AREA ECONOMIC DEVELOPMENT,,,10,"DIRECT PAYMENT WITH UNRESTRICTED USE (RETIREMENT, PENSION, VETERANS BENEFITS, ETC.) (D)",FUNDS WILL ALLOW SUPPORT TO CONTINUE IN REGARD TO STAFF BEING ABLE TO GREATLY INCREASE THE NUMBER AND QUALITY OF APPLICANTS SUBMITTED ON BEHALF OF ECONOMICALLY DISTRESSED COMMUNITIES,NON,NOT RECOVERY ACT,A,STATE GOVERNMENT,2,NON-AGGREGATE RECORD,,,,,,,,,,,https://www.usaspending.gov/award/ASST_NON_DRA26KY10689_517/,2026-02-05 18:21:03.391138+00
ASST_NON_DRA26KY10926_517,DRA26KY10926,,,,,,,,2026-03-02,2026,59527.55,,0.00,,59527.55,0.00,0.00,2026-03-02,2026,2026-03-02,2028-03-02,517,Delta Regional Authority,9547,Delta Regional Authority,,,,,,,,,,,,,DES9WE9LLRM7,,"PURCHASE AREA DEVELOPMENT DISTRICT, INC.",PURCHASE AREA DEVELOPMENT DISTRICT,,,,USA,UNITED STATES,1002 MEDICAL DRIVE,,50898,MAYFIELD,21083,GRAVES,21,KY,KENTUCKY,42066,0001,KY-01,KY-01,,,,SINGLE ZIP CODE,USA,UNITED STATES,KY42066,MAYFIELD,21083,GRAVES,21,KENTUCKY,42066-0001,KY-01,KY-01,,90.201: DELTA AREA ECONOMIC DEVELOPMENT,,,10,"DIRECT PAYMENT WITH UNRESTRICTED USE (RETIREMENT, PENSION, VETERANS BENEFITS, ETC.) (D)",PADD WILL PROVIDE TARGETED TECHNICAL ASSISTANCE GRANT WRITING PROJECT DEVELOPMENT AND PROJECT MANAGEMENT TO DISTRESSED COUNTIES,NON,NOT RECOVERY ACT,A,STATE GOVERNMENT,2,NON-AGGREGATE RECORD,,,,,,,,,,,https://www.usaspending.gov/award/ASST_NON_DRA26KY10926_517/,2026-02-05 18:21:03.391138+00
ASST_NON_DRA26LA10589_517,DRA26LA10589,,,,,,,,2026-03-02,2026,115689.58,,0.00,,115689.58,0.00,0.00,2026-03-02,2026,2026-03-02,2028-03-02,517,Delta Regional Authority,9547,Delta Regional Authority,,,,,,,,,,,,,M5TBT8C7WKX4,,NORTH DELTA REGIONAL PLANNING & DEVELOPMENT DISTRICT INC,NORTH DELTA REGIONAL PLANNING AND DEVELOPMENT DISTRICT,M5TBT8C7WKX4,,NORTH DELTA REGIONAL PLANNING & DEVELOPMENT DISTRICT INC,USA,UNITED STATES,3000 KILPATRICK BLVD,,51410,MONROE,22073,OUACHITA,22,LA,LOUISIANA,71201,1000,LA-05,LA-05,,,,SINGLE ZIP CODE,USA,UNITED STATES,LA71201,MONROE,22073,OUACHITA,22,LOUISIANA,71201-1000,LA-05,LA-05,,90.201: DELTA AREA ECONOMIC DEVELOPMENT,,,10,"DIRECT PAYMENT WITH UNRESTRICTED USE (RETIREMENT, PENSION, VETERANS BENEFITS, ETC.) (D)",TRAINING LOCAL LEADERSHIP TO IDENTIFY FUNDING SOURCES AND EFFECTIVELY PREPARE APPLICATIONS FOR GRANT FUNDING OPPORTUNITIES OUTSIDE OF THE COMMUNITY,NON,NOT RECOVERY ACT,A,STATE GOVERNMENT,2,NON-AGGREGATE RECORD,,,,,,,,,,,https://www.usaspending.gov/award/ASST_NON_DRA26LA10589_517/,2026-02-05 18:21:03.391138+00
ASST_NON_DRA26LA10946_517,DRA26LA10946,,,,,,,,2026-03-02,2026,40491.35,,0.00,,40491.35,0.00,0.00,2026-03-02,2026,2026-03-02,2028-03-02,517,Delta Regional Authority,9547,Delta Regional Authority,,,,,,,,,,,,,JURKM9UAGNV7,,"SOUTH CENTRAL PLANNING AND DEVELOPMENT COMMISSION, INC.",SOUTH CENTRAL PLANNING AND DEVELOPMENT COMMISSION,,,,USA,UNITED STATES,5058 W MAIN STREET,,36255,HOUMA,22109,TERREBONNE,22,LA,LOUISIANA,70360,4900,LA-03,LA-03,,,,SINGLE ZIP CODE,USA,UNITED STATES,LA70360,HOUMA,22109,TERREBONNE,22,LOUISIANA,70360-4900,LA-03,LA-03,,90.201: DELTA AREA ECONOMIC DEVELOPMENT,,,10,"DIRECT PAYMENT WITH UNRESTRICTED USE (RETIREMENT, PENSION, VETERANS BENEFITS, ETC.) (D)",PROJECT AIMS TO ADDRESS LACK OF LOCAL CAPACITY BY PROVIDING TECHNICAL ASSISTANCE,NON,NOT RECOVERY ACT,A,STATE GOVERNMENT,2,NON-AGGREGATE RECORD,,,,,,,,,,,https://www.usaspending.gov/award/ASST_NON_DRA26LA10946_517/,2026-02-05 18:21:03.391138+00
ASST_NON_DRA26MS10669_517,DRA26MS10669,,,,,,,,2026-03-02,2026,60999.96,,0.00,,60999.96,0.00,0.00,2026-03-02,2026,2026-03-02,2028-03-02,517,Delta Regional Authority,9547,Delta Regional Authority,,,,,,,,,,,,,UNTLGFAJJ315,,CENTRAL MS PLANNING & DEV,CENTRAL MISSISSIPPI PLANNING AND DEVELOPMENT DISTRICT,WL2XX9KV6343,,,USA,UNITED STATES,1020 CENTRE POINTE BLVD,,55800,PEARL,28121,RANKIN,28,MS,MISSISSIPPI,39208,4280,MS-03,MS-03,,,,SINGLE ZIP CODE,USA,UNITED STATES,MS39208,PEARL,28121,RANKIN,28,MISSISSIPPI,39208-4280,MS-03,MS-03,,90.201: DELTA AREA ECONOMIC DEVELOPMENT,,,10,"DIRECT PAYMENT WITH UNRESTRICTED USE (RETIREMENT, PENSION, VETERANS BENEFITS, ETC.) (D)",CMPDD WILL USE THIS PROGRAM TO HELP COMMUNITIES OVERCOME CHALLENGES THAT LIMIT THEIR ABILITY TO ACCESS FUNDING AND STRENGTHEN LONG TERM CAPACITY,NON,NOT RECOVERY ACT,A,STATE GOVERNMENT,2,NON-AGGREGATE RECORD,,,,,,,,,,,https://www.usaspending.gov/award/ASST_NON_DRA26MS10669_517/,2026-02-05 18:21:03.391138+00
ASST_NON_26VITA0093_020,26VITA0093,,SAI EXEMPT,,,,,,2026-03-03,2026,25000.00,,0.00,,25000.00,0.00,0.00,2026-03-03,2026,2025-10-01,2026-09-30,020,Department of the Treasury,2050,Internal Revenue Service,2031HS,WAGE AND INVESTMENT,020,Department of the Treasury,2050,Internal Revenue Service,2031HS,WAGE AND INVESTMENT,,,,,N6GBL9X1FVJ7,,"CATERPILLAR 2 BUTTERFLY OUTREACH CENTER, INC.",CATERPILLAR 2 BUTTERFLY OUTREACH CENTER INC,,,,USA,UNITED STATES,248 HOLLYWOOD BLVD SE,,24475,FORT WALTON BEACH,12091,OKALOOSA,12,FL,FLORIDA,32548,5767,FL-01,FL-01,,,,COUNTY-WIDE,USA,UNITED STATES,FL**091,,12091,OKALOOSA,12,FLORIDA,,FL-01,FL-01,,21.009: VOLUNTEER INCOME TAX ASSISTANCE (VITA) MATCHING GRANT PROGRAM,VITA-2026-001,THE VITA GRANT REQUIRES GRANT RECIPIENTS TO SERVE LOW-TO-MODERATE-INCOME TAXPAYERS IN UNDERSERVED POPULATIONS AT NO CHARGE FOR THE TAXPAYER.  ORGANIZATIONS WILL RECRUIT AND TRAIN VOLUNTEERS TO HELP OPERATE THEIR PROGRAM AND PREPARE FEDERAL TAX RETURNS FOR TAXPAYERS.,04,PROJECT GRANT (B),"PURPOSE:  THE VOLUNTEER INCOME TAX ASSISTANCE (VITA) GRANT WAS ESTABLISHED AS A MATCHING GRANT PROGRAM TO PROVIDE FUNDING FOR ORGANIZATIONS WHO SUPPORT COMMUNITY VOLUNTEER INCOME TAX ASSISTANCE.
ACTIVITIES TO BE PERFORMED:  THE VITA GRANT PROGRAM PROVIDES FINANCIAL SUPPORT TO ORGANIZATIONS WHO 1) EXTEND SERVICES TO UNDERSERVED POPULATIONS IN HARDEST TO REACH AREAS BOTH URBAN AND NON-URBAN; 2) INCREASE THE CAPACITY TO FILE RETURNS ELECTRONICALLY; 3) HEIGHTEN QUALITY CONTROL; 4) ENHANCE TRAINING OF VOLUNTEERS; AND 5) SIGNIFICANTLY IMPROVE THE ACCURACY RATE OF RETURNS PREPARED AT VITA SITES.
END GOAL/EXPECTED OUTCOMES: VITA GRANT RECIPIENTS ARE EXPECTED TO 1) FOLLOW EXISTING GUIDANCE GOVERNING VITA SITE OPERATIONS; 2) ENSURE AT LEAST 90% OF RETURNS PREPARED ARE FOR INDIVIDUALS WHOSE INCOME IS EQUAL TO OR LESS THAN THE MAXIMUM EARNED INCOME TAX CREDIT (EITC) THRESHOLDS; 2) FILE ALL ELIGIBLE RETURNS ELECTRONICALLY; 3) ACHIEVE 100% OF THEIR RETURN PRODUCTION GOALS; 4) BECOME MORE EFFICIENT WITH GRANT FUNDS; AND 5) SHOW INCREMENTAL INCREASES IN RETURN PREPARATION EACH YEAR.
INTENDED BENEFICIARIES:  TAXPAYERS WHO ARE LOW TO MODERATE INCOME INDIVIDUALS, PERSONS WITH DISABILITIES, THOSE FOR WHOM ENGLISH IS A SECOND LANGUAGE, NATIVE AMERICANS, INDIVIDUALS LIVING IN RURAL AREAS, MEMBERS OF THE ARMED FORCES AND THEIR FAMILIES, AND THE ELDERLY. 
SUBRECIPIENT ACTIVITIES: SUBRECIPIENTS MAY BE UTILIZED BY GRANT RECIPIENTS TO HELP DELIVER KEY ELEMENTS OF THE PROGRAM AND MUST ADHERE TO GRANT PROGRAM GUIDELINES. BROADBAND: SPECIFIC ACTIVITIES RELATING TO BROADBAND USAGE ARE NOT KNOWN AT THE TIME OF AWARD.",NON,NOT RECOVERY ACT,M,NONPROFIT WITH 501C3 IRS STATUS (OTHER THAN AN INSTITUTION OF HIGHER EDUCATION),2,NON-AGGREGATE RECORD,,,,,,,,,,,https://www.usaspending.gov/award/ASST_NON_26VITA0093_020/,2026-03-04 19:00:25.246035+00
ASST_NON_26VITA0120_020,26VITA0120,,SAI EXEMPT,,,,,,2026-03-03,2026,88496.00,,0.00,,88496.00,0.00,0.00,2026-03-03,2026,2025-10-01,2026-09-30,020,Department of the Treasury,2050,Internal Revenue Service,2031HS,WAGE AND INVESTMENT,020,Department of the Treasury,2050,Internal Revenue Service,2031HS,WAGE AND INVESTMENT,,,,,MG6CCPAKCF65,,HAWAII TAX HELP & FINANCIAL EMPOWERMENT SOLUTIONS INC,HAWAII TAX HELP & FINANCIAL EMPOWERMENT SOLUTIONS INC,,,,USA,UNITED STATES,1422 HEULU ST; APT A101,,17000,HONOLULU,15003,HONOLULU,15,HI,HAWAII,96822,4372,HI-01,HI-01,,,,STATE-WIDE,USA,UNITED STATES,HI*****,,,,15,HAWAII,,HI-90,,,21.009: VOLUNTEER INCOME TAX ASSISTANCE (VITA) MATCHING GRANT PROGRAM,VITA-2026-001,THE VITA GRANT REQUIRES GRANT RECIPIENTS TO SERVE LOW-TO-MODERATE-INCOME TAXPAYERS IN UNDERSERVED POPULATIONS AT NO CHARGE FOR THE TAXPAYER.  ORGANIZATIONS WILL RECRUIT AND TRAIN VOLUNTEERS TO HELP OPERATE THEIR PROGRAM AND PREPARE FEDERAL TAX RETURNS FOR TAXPAYERS.,04,PROJECT GRANT (B),"PURPOSE:  THE VOLUNTEER INCOME TAX ASSISTANCE (VITA) GRANT WAS ESTABLISHED AS A MATCHING GRANT PROGRAM TO PROVIDE FUNDING FOR ORGANIZATIONS WHO SUPPORT COMMUNITY VOLUNTEER INCOME TAX ASSISTANCE.
ACTIVITIES TO BE PERFORMED:  THE VITA GRANT PROGRAM PROVIDES FINANCIAL SUPPORT TO ORGANIZATIONS WHO 1) EXTEND SERVICES TO UNDERSERVED POPULATIONS IN HARDEST TO REACH AREAS BOTH URBAN AND NON-URBAN; 2) INCREASE THE CAPACITY TO FILE RETURNS ELECTRONICALLY; 3) HEIGHTEN QUALITY CONTROL; 4) ENHANCE TRAINING OF VOLUNTEERS; AND 5) SIGNIFICANTLY IMPROVE THE ACCURACY RATE OF RETURNS PREPARED AT VITA SITES.
END GOAL/EXPECTED OUTCOMES: VITA GRANT RECIPIENTS ARE EXPECTED TO 1) FOLLOW EXISTING GUIDANCE GOVERNING VITA SITE OPERATIONS; 2) ENSURE AT LEAST 90% OF RETURNS PREPARED ARE FOR INDIVIDUALS WHOSE INCOME IS EQUAL TO OR LESS THAN THE MAXIMUM EARNED INCOME TAX CREDIT (EITC) THRESHOLDS; 2) FILE ALL ELIGIBLE RETURNS ELECTRONICALLY; 3) ACHIEVE 100% OF THEIR RETURN PRODUCTION GOALS; 4) BECOME MORE EFFICIENT WITH GRANT FUNDS; AND 5) SHOW INCREMENTAL INCREASES IN RETURN PREPARATION EACH YEAR.
INTENDED BENEFICIARIES:  TAXPAYERS WHO ARE LOW TO MODERATE INCOME INDIVIDUALS, PERSONS WITH DISABILITIES, THOSE FOR WHOM ENGLISH IS A SECOND LANGUAGE, NATIVE AMERICANS, INDIVIDUALS LIVING IN RURAL AREAS, MEMBERS OF THE ARMED FORCES AND THEIR FAMILIES, AND THE ELDERLY. 
SUBRECIPIENT ACTIVITIES: SUBRECIPIENTS MAY BE UTILIZED BY GRANT RECIPIENTS TO HELP DELIVER KEY ELEMENTS OF THE PROGRAM AND MUST ADHERE TO GRANT PROGRAM GUIDELINES. BROADBAND: SPECIFIC ACTIVITIES RELATING TO BROADBAND USAGE ARE NOT KNOWN AT THE TIME OF AWARD.",NON,NOT RECOVERY ACT,M,NONPROFIT WITH 501C3 IRS STATUS (OTHER THAN AN INSTITUTION OF HIGHER EDUCATION),2,NON-AGGREGATE RECORD,,,,,,,,,,,https://www.usaspending.gov/award/ASST_NON_26VITA0120_020/,2026-03-04 19:00:25.246035+00
ASST_NON_26VITA0124_020,26VITA0124,,SAI EXEMPT,,,,,,2026-03-03,2026,190000.00,,0.00,,190000.00,0.00,0.00,2026-03-03,2026,2025-10-01,2026-09-30,020,Department of the Treasury,2050,Internal Revenue Service,2031HS,WAGE AND INVESTMENT,020,Department of the Treasury,2050,Internal Revenue Service,2031HS,WAGE AND INVESTMENT,,,,,LDG5LELMNPA5,,UNITED WAY OF CENTRAL NEW MEXICO,UNITED WAY OF CENTRAL NEW MEXICO,,,,USA,UNITED STATES,2340 ALAMO AVE SE,,02000,ALBUQUERQUE,35001,BERNALILLO,35,NM,NEW MEXICO,87106,3820,NM-01,NM-01,,,,STATE-WIDE,USA,UNITED STATES,NM*****,,,,35,NEW MEXICO,,NM-90,,,21.009: VOLUNTEER INCOME TAX ASSISTANCE (VITA) MATCHING GRANT PROGRAM,VITA-2026-001,THE VITA GRANT REQUIRES GRANT RECIPIENTS TO SERVE LOW-TO-MODERATE-INCOME TAXPAYERS IN UNDERSERVED POPULATIONS AT NO CHARGE FOR THE TAXPAYER.  ORGANIZATIONS WILL RECRUIT AND TRAIN VOLUNTEERS TO HELP OPERATE THEIR PROGRAM AND PREPARE FEDERAL TAX RETURNS FOR TAXPAYERS.,04,PROJECT GRANT (B),"PURPOSE:  THE VOLUNTEER INCOME TAX ASSISTANCE (VITA) GRANT WAS ESTABLISHED AS A MATCHING GRANT PROGRAM TO PROVIDE FUNDING FOR ORGANIZATIONS WHO SUPPORT COMMUNITY VOLUNTEER INCOME TAX ASSISTANCE.
ACTIVITIES TO BE PERFORMED:  THE VITA GRANT PROGRAM PROVIDES FINANCIAL SUPPORT TO ORGANIZATIONS WHO 1) EXTEND SERVICES TO UNDERSERVED POPULATIONS IN HARDEST TO REACH AREAS BOTH URBAN AND NON-URBAN; 2) INCREASE THE CAPACITY TO FILE RETURNS ELECTRONICALLY; 3) HEIGHTEN QUALITY CONTROL; 4) ENHANCE TRAINING OF VOLUNTEERS; AND 5) SIGNIFICANTLY IMPROVE THE ACCURACY RATE OF RETURNS PREPARED AT VITA SITES.
END GOAL/EXPECTED OUTCOMES: VITA GRANT RECIPIENTS ARE EXPECTED TO 1) FOLLOW EXISTING GUIDANCE GOVERNING VITA SITE OPERATIONS; 2) ENSURE AT LEAST 90% OF RETURNS PREPARED ARE FOR INDIVIDUALS WHOSE INCOME IS EQUAL TO OR LESS THAN THE MAXIMUM EARNED INCOME TAX CREDIT (EITC) THRESHOLDS; 2) FILE ALL ELIGIBLE RETURNS ELECTRONICALLY; 3) ACHIEVE 100% OF THEIR RETURN PRODUCTION GOALS; 4) BECOME MORE EFFICIENT WITH GRANT FUNDS; AND 5) SHOW INCREMENTAL INCREASES IN RETURN PREPARATION EACH YEAR.
INTENDED BENEFICIARIES:  TAXPAYERS WHO ARE LOW TO MODERATE INCOME INDIVIDUALS, PERSONS WITH DISABILITIES, THOSE FOR WHOM ENGLISH IS A SECOND LANGUAGE, NATIVE AMERICANS, INDIVIDUALS LIVING IN RURAL AREAS, MEMBERS OF THE ARMED FORCES AND THEIR FAMILIES, AND THE ELDERLY. 
SUBRECIPIENT ACTIVITIES: SUBRECIPIENTS MAY BE UTILIZED BY GRANT RECIPIENTS TO HELP DELIVER KEY ELEMENTS OF THE PROGRAM AND MUST ADHERE TO GRANT PROGRAM GUIDELINES. BROADBAND: SPECIFIC ACTIVITIES RELATING TO BROADBAND USAGE ARE NOT KNOWN AT THE TIME OF AWARD.",NON,NOT RECOVERY ACT,M,NONPROFIT WITH 501C3 IRS STATUS (OTHER THAN AN INSTITUTION OF HIGHER EDUCATION),2,NON-AGGREGATE RECORD,,,,,,,,,,,https://www.usaspending.gov/award/ASST_NON_26VITA0124_020/,2026-03-04 19:00:25.246035+00
ASST_NON_26VITA0127_020,26VITA0127,,SAI EXEMPT,,,,,,2026-03-03,2026,13500.00,,2025.00,,13500.00,0.00,0.00,2026-03-03,2026,2025-10-01,2026-09-30,020,Department of the Treasury,2050,Internal Revenue Service,2031HS,WAGE AND INVESTMENT,020,Department of the Treasury,2050,Internal Revenue Service,2031HS,WAGE AND INVESTMENT,,,,,PEV6GV68AF35,,LIFE FINANCIAL ASSISTANCE ORGANIZATION INC,LIFE FINANCIAL ASSISTANCE ORGANIZATION INC,,,,USA,UNITED STATES,522 S INDEPENDENCE BLVD; STE 202B,,82000,VIRGINIA BEACH,51810,VIRGINIA BEACH (CITY),51,VA,VIRGINIA,23452,1163,VA-02,VA-02,,,,STATE-WIDE,USA,UNITED STATES,VA*****,,,,51,VIRGINIA,,VA-90,,,21.009: VOLUNTEER INCOME TAX ASSISTANCE (VITA) MATCHING GRANT PROGRAM,VITA-2026-001,THE VITA GRANT REQUIRES GRANT RECIPIENTS TO SERVE LOW-TO-MODERATE-INCOME TAXPAYERS IN UNDERSERVED POPULATIONS AT NO CHARGE FOR THE TAXPAYER.  ORGANIZATIONS WILL RECRUIT AND TRAIN VOLUNTEERS TO HELP OPERATE THEIR PROGRAM AND PREPARE FEDERAL TAX RETURNS FOR TAXPAYERS.,04,PROJECT GRANT (B),"PURPOSE:  THE VOLUNTEER INCOME TAX ASSISTANCE (VITA) GRANT WAS ESTABLISHED AS A MATCHING GRANT PROGRAM TO PROVIDE FUNDING FOR ORGANIZATIONS WHO SUPPORT COMMUNITY VOLUNTEER INCOME TAX ASSISTANCE.
ACTIVITIES TO BE PERFORMED:  THE VITA GRANT PROGRAM PROVIDES FINANCIAL SUPPORT TO ORGANIZATIONS WHO 1) EXTEND SERVICES TO UNDERSERVED POPULATIONS IN HARDEST TO REACH AREAS BOTH URBAN AND NON-URBAN; 2) INCREASE THE CAPACITY TO FILE RETURNS ELECTRONICALLY; 3) HEIGHTEN QUALITY CONTROL; 4) ENHANCE TRAINING OF VOLUNTEERS; AND 5) SIGNIFICANTLY IMPROVE THE ACCURACY RATE OF RETURNS PREPARED AT VITA SITES.
END GOAL/EXPECTED OUTCOMES: VITA GRANT RECIPIENTS ARE EXPECTED TO 1) FOLLOW EXISTING GUIDANCE GOVERNING VITA SITE OPERATIONS; 2) ENSURE AT LEAST 90% OF RETURNS PREPARED ARE FOR INDIVIDUALS WHOSE INCOME IS EQUAL TO OR LESS THAN THE MAXIMUM EARNED INCOME TAX CREDIT (EITC) THRESHOLDS; 2) FILE ALL ELIGIBLE RETURNS ELECTRONICALLY; 3) ACHIEVE 100% OF THEIR RETURN PRODUCTION GOALS; 4) BECOME MORE EFFICIENT WITH GRANT FUNDS; AND 5) SHOW INCREMENTAL INCREASES IN RETURN PREPARATION EACH YEAR.
INTENDED BENEFICIARIES:  TAXPAYERS WHO ARE LOW TO MODERATE INCOME INDIVIDUALS, PERSONS WITH DISABILITIES, THOSE FOR WHOM ENGLISH IS A SECOND LANGUAGE, NATIVE AMERICANS, INDIVIDUALS LIVING IN RURAL AREAS, MEMBERS OF THE ARMED FORCES AND THEIR FAMILIES, AND THE ELDERLY. 
SUBRECIPIENT ACTIVITIES: SUBRECIPIENTS MAY BE UTILIZED BY GRANT RECIPIENTS TO HELP DELIVER KEY ELEMENTS OF THE PROGRAM AND MUST ADHERE TO GRANT PROGRAM GUIDELINES. BROADBAND: SPECIFIC ACTIVITIES RELATING TO BROADBAND USAGE ARE NOT KNOWN AT THE TIME OF AWARD.",NON,NOT RECOVERY ACT,M,NONPROFIT WITH 501C3 IRS STATUS (OTHER THAN AN INSTITUTION OF HIGHER EDUCATION),2,NON-AGGREGATE RECORD,,,,,,,,,,,https://www.usaspending.gov/award/ASST_NON_26VITA0127_020/,2026-03-04 19:00:25.246035+00
ASST_NON_693JF72660017SIP0MI_069,693JF72660017SIP0MI,,,,,,,,2026-03-04,2026,64000.00,,,,64000.00,0.00,0.00,2026-03-04,2026,2026-03-04,2030-03-04,069,Department of Transportation,6938,Maritime Administration,69A334,MARITIME ADMINISTRATION,069,Department of Transportation,6938,Maritime Administration,69A334,MARITIME ADMINISTRATION,,,,,,,REDACTED DUE TO PII,REDACTED DUE TO PII,,,,USA,UNITED STATES,,,34640,GRAYLING,26039,CRAWFORD,26,MI,MICHIGAN,49738,,MI-01,MI-01,,,,SINGLE ZIP CODE,USA,UNITED STATES,MI34640,GRAYLING,26039,CRAWFORD,26,MICHIGAN,49738,MI-01,MI-01,,20.806: STATE MARITIME SCHOOLS,,,06,"DIRECT PAYMENT FOR SPECIFIED USE, AS A SUBSIDY OR OTHER NON-REIMBURSABLE DIRECT FINANCIAL AID (C)","MARAD STUDENT INCENTIVE PAYMENTS PROGRAM PROVIDDES PAYMENTS TO STUDENTS UP TO $16,000 PER YEAR FOR 4 YEARS SUPPORT TO CADETS ENROLLED IN THE STRATEGIC SEALIFT MIDSHIPMEN PROGRAM (SSMP) AT ONE OF SIX STATE MARITIME ACADEMIES (SMAS) BECOMING LICENSED OFFICERS IN THE U.S MERCHANT MARINE.",NON,NOT RECOVERY ACT,P,INDIVIDUAL,3,NON-AGGREGATE RECORD TO AN INDIVIDUAL RECIPIENT (PII-REDACTED),,,,,,,,,,,https://www.usaspending.gov/award/ASST_NON_693JF72660017SIP0MI_069/,2026-03-04 16:17:59.969984+00
ASST_NON_693JJ32640307_069,693JJ32640307,,,,,,,,2026-03-05,2026,18572895.00,,0.00,0.00,18572895.00,0.00,0.00,2026-03-05,2026,2026-03-05,2029-12-30,069,Department of Transportation,6925,Federal Highway Administration,693JJ3,693JJ3 ACQUISITION AND GRANTS MGT,069,Department of Transportation,6925,Federal Highway Administration,693JH6,FHWA OFFICE OF OPERATIONS,,,,,WM1NHUZASLP6,,STANDING ROCK SIOUX TRIBE,STANDING ROCK SIOUX TRIBE,,,,USA,UNITED STATES,BUILDING 1 N STANDING ROCK AVE,BUILDING 1,27860,FORT YATES,38085,SIOUX,38,ND,NORTH DAKOTA,58538,0000,ND-00,ND-00,,,,SINGLE ZIP CODE,USA,UNITED STATES,ND58538,FORT YATES,38085,SIOUX,38,NORTH DAKOTA,585380000,ND-00,ND-00,,20.933: NATIONAL INFRASTRUCTURE INVESTMENTS,DTOS59-23-RA-RAISE,"FUNDS FOR THE FY 2023 RAISE GRANT PROGRAM. WILL BE AWARDED ON A COMPETITIVE BASIS, PER STATUTE, FOR SURFACE TRANSPORTATION INFRASTRUCTURE PROJECTS THAT WILL IMPROVE: SAFETY; ENVIRONMENTAL SUSTAINABILITY; QUALITY OF LIFE; MOBILITY AND COMMUNITY CONNECTIVITY; ECONOMIC COMPETITIVENESS AND OPPORTUNITY INCLUDING TOURISM; STATE OF GOOD REPAIR; PARTNERSHIP AND COLLABORATION; AND INNOVATION",04,PROJECT GRANT (B),ROUTE 6 RECONSTRUCTION AND PRESERVATION UNDER THE REBUILDING AMERICAN INFRASTRUCTURE WITH SUSTAINABILITY AND EQUITY PROGRAM - RAISE23,NON,NOT RECOVERY ACT,I,INDIAN/NATIVE AMERICAN TRIBAL GOVERNMENT (FEDERALLY-RECOGNIZED),2,NON-AGGREGATE RECORD,,,,,,,,,,,https://www.usaspending.gov/award/ASST_NON_693JJ32640307_069/,2026-03-05 17:26:34.601411+00
ASST_NON_K23AG093167_075,K23AG093167,K23AG093167-1975281655,SAI UNAVAILABLE,,,,,,2026-03-02,2026,196020.00,,14520.00,0.00,196020.00,0.00,0.00,2026-03-02,2026,2026-03-01,2031-02-28,075,Department of Health and Human Services,7529,National Institutes of Health,75NN00,NIH National Insitute on Aging,075,Department of Health and Human Services,7529,National Institutes of Health,75NN00,NIH National Insitute on Aging,,,,,GM1XX56LEP58,,"TRUSTEES OF THE UNIVERSITY OF PENNSYLVANIA, THE","TRUSTEES OF THE UNIVERSITY OF PENNSYLVANIA, THE",GM1XX56LEP58,,"TRUSTEES OF THE UNIVERSITY OF PENNSYLVANIA, THE",USA,UNITED STATES,3451 WALNUT STREET,,60000,PHILADELPHIA,42101,PHILADELPHIA,42,PA,PENNSYLVANIA,19104,6205,PA-03,PA-03,,,,SINGLE ZIP CODE,USA,UNITED STATES,PA60000,PHILADELPHIA,42101,PHILADELPHIA,42,PENNSYLVANIA,191044229,PA-03,PA-03,,93.866: AGING RESEARCH,PA-24-185,"TO ENCOURAGE BIOMEDICAL, SOCIAL, AND BEHAVIORAL RESEARCH AND RESEARCH TRAINING DIRECTED TOWARD GREATER UNDERSTANDING OF THE AGING PROCESS AND THE DISEASES, SPECIAL PROBLEMS, AND NEEDS OF PEOPLE AS THEY AGE. THE NATIONAL INSTITUTE ON AGING HAS ESTABLISHED PROGRAMS TO PURSUE THESE GOALS.  THE DIVISION OF AGING BIOLOGY EMPHASIZES UNDERSTANDING THE BASIC BIOLOGICAL PROCESSES OF AGING.  THE DIVISION OF GERIATRICS AND CLINICAL GERONTOLOGY SUPPORTS RESEARCH TO IMPROVE THE ABILITIES OF HEALTH CARE PRACTITIONERS TO RESPOND TO THE DISEASES AND OTHER CLINICAL PROBLEMS OF OLDER PEOPLE.  THE DIVISION OF BEHAVIORAL AND SOCIAL RESEARCH SUPPORTS RESEARCH THAT WILL LEAD TO GREATER UNDERSTANDING OF THE SOCIAL, CULTURAL, ECONOMIC AND PSYCHOLOGICAL FACTORS THAT AFFECT BOTH THE PROCESS OF GROWING OLD AND THE PLACE OF OLDER PEOPLE IN SOCIETY. THE DIVISION OF NEUROSCIENCE FOSTERS RESEARCH CONCERNED WITH THE AGE-RELATED CHANGES IN THE NERVOUS SYSTEM AS WELL AS THE RELATED SENSORY, PERCEPTUAL, AND COGNITIVE PROCESSES ASSOCIATED WITH AGING AND HAS A SPECIAL EMPHASIS ON ALZHEIMER'S DISEASE. SMALL BUSINESS INNOVATION RESEARCH (SBIR) PROGRAM: TO EXPAND AND IMPROVE THE SBIR PROGRAM, TO INCREASE PRIVATE SECTOR COMMERCIALIZATION OF INNOVATIONS DERIVED FROM FEDERAL RESEARCH AND DEVELOPMENT, TO INCREASE SMALL BUSINESS PARTICIPATION IN FEDERAL RESEARCH AND DEVELOPMENT, AND TO FOSTER AND ENCOURAGE PARTICIPATION OF SOCIALLY AND ECONOMICALLY DISADVANTAGED SMALL BUSINESS CONCERNS AND WOMEN-OWNED SMALL BUSINESS CONCERNS IN TECHNOLOGICAL INNOVATION.  SMALL BUSINESS TECHNOLOGY TRANSFER (STTR) PROGRAM: TO STIMULATE AND FOSTER SCIENTIFIC AND TECHNOLOGICAL INNOVATION THROUGH COOPERATIVE RESEARCH DEVELOPMENT CARRIED OUT BETWEEN SMALL BUSINESS CONCERNS AND RESEARCH INSTITUTIONS, TO FOSTER TECHNOLOGY TRANSFER BETWEEN SMALL BUSINESS CONCERNS AND RESEARCH INSTITUTIONS, TO INCREASE PRIVATE SECTOR COMMERCIALIZATION OF INNOVATIONS DERIVED FROM FEDERAL RESEARCH AND DEVELOPMENT, AND TO FOSTER AND ENCOURAGE PARTICIPATION OF SOCIALLY AND ECONOMICALLY DISADVANTAGED SMALL BUSINESS CONCERNS AND WOMEN-OWNED SMALL BUSINESS CONCERNS IN TECHNOLOGICAL INNOVATION.",04,PROJECT GRANT (B),"UNTANGLING THE EFFECTS OF ANTI-AMYLOID THERAPY ON NEURODEGENERATION AND NEUROINFLAMMATION - PROJECT SUMMARY IN THIS K23 CAREER DEVELOPMENT AWARD, DR. CHRISTOPHER BROWN, A COGNITIVE NEUROLOGIST AND INSTRUCTOR OF NEUROLOGY AT THE UNIVERSITY OF PENNSYLVANIA, WILL OBTAIN TRAINING IN INTEGRATING ADVANCED IMAGING AND FLUID- BASED BIOMARKERS IN CLINICAL RESEARCH STUDIES OF ALZHEIMER’S DISEASE (AD) AND RELATED DEMENTIAS (ADRD). THIS PROJECT WILL SUPPORT HIS LONG-TERM CAREER GOAL OF AN INDEPENDENT CAREER USING MULTIMODAL BIOMARKERS TO UNDERSTAND NEUROPATHOLOGY PROPAGATION AND CLEARANCE AND ITS CLINICAL MANIFESTATIONS IN ADRD. DR. BROWN WILL BENEFIT FROM THE STRONG INSTITUTIONAL ENVIRONMENT OF THE UNIVERSITY OF PENNSYLVANIA, AND THE EXPERTISE OF HIS MENTORSHIP TEAM, INCLUDING HIS PRIMARY MENTOR, DR. DAVID WOLK, AND CO-MENTOR, DR. COREY MCMILLAN. THE ADVISORY TEAM BRINGS ADDITIONAL SPECIALIZED EXPERTISE THAT WILL HELP DR. BROWN MEET HIS TRAINING GOALS TO LEARN: 1) ADDITIONAL SKILLS IN CLINICAL RESEARCH METHODS AND PROJECT MANAGEMENT IN OBSERVATIONAL LONGITUDINAL STUDIES IN ADRD, 2) LONGITUDINAL ANALYSIS OF ADVANCED MRI, AND 3) BIOMARKERS OF NEUROINFLAMMATION. TO OBTAIN THESE GOALS, DR. BROWN WILL RECEIVE A COMBINATION OF DIDACTIC AND ONE-ON-ONE TRAINING WHILE CARRYING OUT A RESEARCH PROJECT EXAMINING NEURODEGENERATION AND NEUROINFLAMMATION IN THE SETTING OF ANTI-AMYLOID THERAPY. ANTI- AMYLOID THERAPY IS ASSOCIATED WITH ROBUST CLEARANCE OF AMYLOID AND SLOWING OF COGNITIVE DECLINE, BUT A LACK OF CLARITY OF ITS BENEFITS ON DOWNSTREAM ASPECTS OF THE AD PATHOLOGIC CASCADE AS WELL AS NEUROINFLAMMATORY SIDE EFFECTS HAVE LIMITED ENTHUSIASM FOR ITS USE. THIS STUDY WILL EVALUATE TWO BARRIERS: 1) ACCELERATED BRAIN VOLUME LOSS ASSOCIATED WITH TREATMENT, AND 2) FREQUENT OCCURRENCE OF AMYLOID RELATED IMAGING ABNORMALITIES (ARIA). PARTICIPANTS WILL BE FOLLOWED OVER THEIR FIRST YEAR OF TREATMENT WITH FDA-APPROVED ANTI-AMYLOID THERAPY AND HAVE ADDITIONAL ADVANCED MRI SEQUENCES ADDED TO CLINICAL SAFETY MRIS AND PLASMA DRAWS AT INFUSION VISITS. THIS MINIMAL ADDITIONAL BURDEN WILL ALLOW FOR INCREASED PARTICIPATION IN RESEARCH WHILE RECEIVING TREATMENT. IN AIM 1, ADVANCED MRI WILL BE USED TO EVALUATE THE MICROSTRUCTURAL ALTERATIONS DRIVING BRAIN VOLUME LOSS IN THE FIRST YEAR OF TREATMENT. BASED ON PRIOR WORK, THIS AIM WILL TEST THE HYPOTHESIS THAT REDUCTIONS IN BRAIN VOLUME ARE PRIMARILY DRIVEN BY DECREASES IN NON-TISSUE COMPONENTS, INCLUDING PERIVASCULAR SPACES, THAT ARE KNOWN TO INCREASE WITH HIGHER LEVELS OF AD PATHOLOGY. AIM 2 WILL EVALUATE MICROSTRUCTURAL AND PERIVASCULAR SPACE CHANGES IN THE SETTING OF ARIA, AS WELL AS EVALUATE ALTERATIONS IN PLASMA BIOMARKERS OF NEUROINFLAMMATION DURING ARIA. FINALLY, AIM 3 WILL EXPLORE HOW NEUROINFLAMMATORY RESPONSE IN EARLY STAGES OF TREATMENT INFLUENCE CHANGES IN DOWNSTREAM MEASURES OF AD NEUROPATHOLOGY AT 1 YEAR. THE RESULTS OF THESE STUDIES WILL HELP IDENTIFY IMPORTANT MARKERS OF TREATMENT RESPONSE, NEUROINFLAMMATORY AND STRUCTURAL ALTERATIONS ASSOCIATED WITH ARIA, AND FURTHER OUR UNDERSTANDING OF THE INTERPLAY BETWEEN NEUROINFLAMMATION AND NEURODEGENERATION. MOREOVER, THIS PROJECT PROVIDES THE CRITICAL TRAINING AND RESOURCES TO SUPPORT DR. BROWN’S SUCCESSFUL TRANSITION TO INDEPENDENCE.",NON,NOT RECOVERY ACT,O,PRIVATE INSTITUTION OF HIGHER EDUCATION,2,NON-AGGREGATE RECORD,,,,,,,,,,,https://www.usaspending.gov/award/ASST_NON_K23AG093167_075/,2026-03-05 22:04:43.296484+00
ASST_NON_K99GM159103_075,K99GM159103,K99GM159103-414470183,SAI UNAVAILABLE,,,,,,2026-03-02,2026,125000.00,,9259.00,0.00,125000.00,0.00,0.00,2026-03-02,2026,2026-04-01,2028-03-31,075,Department of Health and Human Services,7529,National Institutes of Health,75NS00,NIH National Institute of General Medical Sciences,075,Department of Health and Human Services,7529,National Institutes of Health,75NS00,NIH National Institute of General Medical Sciences,,,,,F4N1QNPB95M4,,THE TRUSTEES OF COLUMBIA UNIVERSITY IN THE CITY OF NEW YORK,THE TRUSTEES OF COLUMBIA UNIVERSITY IN THE CITY OF NEW YORK,,,,USA,UNITED STATES,615 W 131ST ST,MC 8741,51000,NEW YORK,36061,NEW YORK,36,NY,NEW YORK,10027,7922,NY-13,NY-13,,,,SINGLE ZIP CODE,USA,UNITED STATES,NY51000,NEW YORK,36061,NEW YORK,36,NEW YORK,10027,NY-13,NY-13,,93.859: BIOMEDICAL RESEARCH AND RESEARCH TRAINING,PAR-21-271,"THE NATIONAL INSTITUTE OF GENERAL MEDICAL SCIENCES (NIGMS) SUPPORTS BASIC RESEARCH THAT INCREASES OUR UNDERSTANDING OF BIOLOGICAL PROCESSES AND LAYS THE FOUNDATION FOR ADVANCES IN DISEASE DIAGNOSIS, TREATMENT, AND PREVENTION. NIGMS ALSO SUPPORTS RESEARCH IN SPECIFIC CLINICAL AREAS THAT AFFECT MULTIPLE ORGAN SYSTEMS: ANESTHESIOLOGY AND PERI-OPERATIVE PAIN, CLINICAL PHARMACOLOGY ?COMMON TO MULTIPLE DRUGS AND TREATMENTS, AND INJURY, CRITICAL ILLNESS, SEPSIS, AND WOUND HEALING.? NIGMS-FUNDED SCIENTISTS INVESTIGATE HOW LIVING SYSTEMS WORK AT A RANGE OF LEVELSFROM MOLECULES AND CELLS TO TISSUES AND ORGANSIN RESEARCH ORGANISMS, HUMANS, AND POPULATIONS. ADDITIONALLY, TO ENSURE THE VITALITY AND CONTINUED PRODUCTIVITY OF THE RESEARCH ENTERPRISE, NIGMS PROVIDES LEADERSHIP IN SUPPORTING THE TRAINING OF THE NEXT GENERATION OF SCIENTISTS, ENHANCING THE DIVERSITY OF THE SCIENTIFIC WORKFORCE, AND DEVELOPING RESEARCH CAPACITY THROUGHOUT THE COUNTRY.",04,PROJECT GRANT (B),"MOLECULAR CAUSES AND PHYSIOLOGICAL AND BEHAVIORAL CONSEQUENCES OF EXTREME GLUCOCORTICOID LEVELS IN PEROMYSCUS MICE - PROJECT SUMMARY/ABSTRACT  GLUCOCORTICOIDS (GCS) ARE AMONG THE MOST WIDELY PRESCRIBED TYPE OF DRUGS IN THE WORLD BECAUSE OF THEIR IMMUNOSUPPRESSIVE EFFECTS, BUT CHRONIC, HIGH GCS LEADS TO ADVERSE EFFECTS. IT IS THUS SURPRISING THAT EXTREMELY HIGH BASAL GCS LEVELS HAVE INDEPENDENTLY EVOLVED IN MAMMALS FIVE TIMES, SUGGESTING THAT ELEVATED GCS ARE TOLERATED OR EVEN BENEFICIAL UNDER CERTAIN CONDITIONS. ALTHOUGH THERE ARE CLEAR IMPLICATIONS FOR GLUCOCORTICOID THERAPY IN HUMANS, VERY LITTLE IS KNOWN ABOUT WHY HIGH GCS HAVE EVOLVED OR HOW THEY ARE TOLERATED. TO ADDRESS THESE QUESTIONS, I TURNED TO A PAIR OF SPECIES THAT ARE UNIQUELY SUITED TO REVEALING THE CONSEQUENCES OF GC EVOLUTION. P. POLIONOTUS (OLDFIELD MICE) AND P. MANICULATUS (DEER MICE) ARE CLOSELY ENOUGH RELATED TO HYBRIDIZE, YET OLDFIELD MICE HAVE A HAVE 27 HIGHER CORTICOSTERONE (CORT) – THE PRIMARY GC IN RODENTS – IN PLASMA THAN DEER MICE. THIS DIVERGENCE IN CORT IS ASSOCIATED WITH A 6 LARGER OF THE ADRENAL GLAND – THE ORGAN WHICH IS THE PRIMARY SOURCE CORT IN THE BODY. IN THE K99 PHASE, I WILL USE THESE SISTER SPECIES TO IDENTIFY THE BIOCHEMICAL CAUSES AND PHYSIOLOGICAL CONSEQUENCES OF EVOLUTION AT TWO KEY GENES: THE GLUCOCORTICOID RECEPTOR (GR) AND THE CORTICOSTEROID BINDING GLOBULIN (CBG). DURING THE MENTORED PHASE OF THIS AWARD, I WILL DISCOVER THE BIOCHEMICAL CONSEQUENCES OF PROTEIN DIVERGENCE AT CBG AND GR ON THE REGULATION OF CORT (AIM 1) AND CHARACTERIZE THE METABOLIC, IMMUNOLOGICAL, AND BEHAVIORAL CONSEQUENCES OF DIVERGENCE OF THESE GENES (AIM 2). THE COMPARISON OF BIOCHEMICAL CONSEQUENCES OF PROTEIN DIVERGENCE WILL ALLOW ME TO CHARACTERIZE AMINO ACID VARIANTS THAT HAVE NEVER BEEN FUNCTIONALLY TESTED BEFORE FOR THEIR ABILITY TO REGULATE CORT LEVELS AND SUBSEQUENTLY IDENTIFY THE PHENOTYPIC CONSEQUENCES OF THAT EVOLUTION. FOR THE INDEPENDENT PHASE OF THE AWARD, I WILL TRANSFER THE SKILLS AND TECHNIQUES ACQUIRED DURING THE TRAINING PHASE TO DEVELOP A NEW MODEL OF GLUCOCORTICOID TOLERANCE THAT EXHIBITS INFECTION TOLERANCE: THE WHITE-FOOTED MOUSE, A MAJOR VECTOR OF LYME DISEASE THAT HAS CONVERGENTLY EVOLVED HIGH CORT AND LARGE ADRENALS (AIM 3). THE PROPOSED PROFESSIONAL DEVELOPMENT PLAN UNDER THE COMPLEMENTARY MENTORSHIP OF DR. ANDRÉS BENDESKY AND DR. KIRAN SOMA MAKES USE OF MY EXPERTISE IN GENETICS, BEHAVIORAL EVOLUTION, AND NEUROSCIENCE IN CONJUNCTION WITH NEW TRAINING IN BIOCHEMISTRY AND GERMLINE MODIFICATION WHICH IS NECESSARY TO COMPLETE THE PROPOSED EXPERIMENTS AND HONE MY RESEARCH SKILLS ON THE MECHANISMS OF GLUCOCORTICOID TOLERANCE. TO ACHIEVE MY GOALS, I HAVE ASSEMBLED AN INTERDISCIPLINARY TEAM THAT INCLUDES EXPERTS IN LIGAND-RECEPTOR INTERACTIONS, MASS SPECTROMETRY, STATISTICAL MODELING OF PROTEIN EVOLUTION, AND GERMLINE MODIFICATION, THIS TEAM IS IDEAL TO TRAIN ME IN THE TECHNIQUES THAT WILL ALLOW ME TO SUCCESSFULLY COMPLETE THE PROPOSED EXPERIMENTS. THIS UNIQUE PROJECT OFFERS THE OPPORTUNITY FOR ME TO DEVELOP CRITICAL TRAINING IN NEW FIELD IN ORDER TO START MY OWN LAB EXPLORING THE SIGNIFICANCE OF STEROID EVOLUTION IN THE IMMUNE SYSTEM AND BEHAVIOR, UNITING EVOLUTIONARY BIOLOGY AND NEUROSCIENCE.",NON,NOT RECOVERY ACT,O,PRIVATE INSTITUTION OF HIGHER EDUCATION,2,NON-AGGREGATE RECORD,,,,,,,,,,,https://www.usaspending.gov/award/ASST_NON_K99GM159103_075/,2026-03-05 22:04:43.296484+00
ASST_NON_R01AG089354_075,R01AG089354,R01AG089354-2611939796,SAI UNAVAILABLE,,,,,,2026-03-03,2026,691009.00,,232268.00,0.00,691009.00,0.00,0.00,2026-03-03,2026,2026-03-15,2031-02-28,075,Department of Health and Human Services,7529,National Institutes of Health,75NN00,NIH National Insitute on Aging,075,Department of Health and Human Services,7529,National Institutes of Health,75NN00,NIH National Insitute on Aging,,,,,KG76WYENL5K1,,NORTHWESTERN UNIVERSITY,NORTHWESTERN UNIVERSITY,KG76WYENL5K1,,NORTHWESTERN UNIVERSITY,USA,UNITED STATES,633 CLARK ST,,24582,EVANSTON,17031,COOK,17,IL,ILLINOIS,60208,0001,IL-09,IL-09,,,,STATE-WIDE,USA,UNITED STATES,IL*****,,,,17,ILLINOIS,,IL-90,,,93.866: AGING RESEARCH,PAR-22-093,"TO ENCOURAGE BIOMEDICAL, SOCIAL, AND BEHAVIORAL RESEARCH AND RESEARCH TRAINING DIRECTED TOWARD GREATER UNDERSTANDING OF THE AGING PROCESS AND THE DISEASES, SPECIAL PROBLEMS, AND NEEDS OF PEOPLE AS THEY AGE. THE NATIONAL INSTITUTE ON AGING HAS ESTABLISHED PROGRAMS TO PURSUE THESE GOALS.  THE DIVISION OF AGING BIOLOGY EMPHASIZES UNDERSTANDING THE BASIC BIOLOGICAL PROCESSES OF AGING.  THE DIVISION OF GERIATRICS AND CLINICAL GERONTOLOGY SUPPORTS RESEARCH TO IMPROVE THE ABILITIES OF HEALTH CARE PRACTITIONERS TO RESPOND TO THE DISEASES AND OTHER CLINICAL PROBLEMS OF OLDER PEOPLE.  THE DIVISION OF BEHAVIORAL AND SOCIAL RESEARCH SUPPORTS RESEARCH THAT WILL LEAD TO GREATER UNDERSTANDING OF THE SOCIAL, CULTURAL, ECONOMIC AND PSYCHOLOGICAL FACTORS THAT AFFECT BOTH THE PROCESS OF GROWING OLD AND THE PLACE OF OLDER PEOPLE IN SOCIETY. THE DIVISION OF NEUROSCIENCE FOSTERS RESEARCH CONCERNED WITH THE AGE-RELATED CHANGES IN THE NERVOUS SYSTEM AS WELL AS THE RELATED SENSORY, PERCEPTUAL, AND COGNITIVE PROCESSES ASSOCIATED WITH AGING AND HAS A SPECIAL EMPHASIS ON ALZHEIMER'S DISEASE. SMALL BUSINESS INNOVATION RESEARCH (SBIR) PROGRAM: TO EXPAND AND IMPROVE THE SBIR PROGRAM, TO INCREASE PRIVATE SECTOR COMMERCIALIZATION OF INNOVATIONS DERIVED FROM FEDERAL RESEARCH AND DEVELOPMENT, TO INCREASE SMALL BUSINESS PARTICIPATION IN FEDERAL RESEARCH AND DEVELOPMENT, AND TO FOSTER AND ENCOURAGE PARTICIPATION OF SOCIALLY AND ECONOMICALLY DISADVANTAGED SMALL BUSINESS CONCERNS AND WOMEN-OWNED SMALL BUSINESS CONCERNS IN TECHNOLOGICAL INNOVATION.  SMALL BUSINESS TECHNOLOGY TRANSFER (STTR) PROGRAM: TO STIMULATE AND FOSTER SCIENTIFIC AND TECHNOLOGICAL INNOVATION THROUGH COOPERATIVE RESEARCH DEVELOPMENT CARRIED OUT BETWEEN SMALL BUSINESS CONCERNS AND RESEARCH INSTITUTIONS, TO FOSTER TECHNOLOGY TRANSFER BETWEEN SMALL BUSINESS CONCERNS AND RESEARCH INSTITUTIONS, TO INCREASE PRIVATE SECTOR COMMERCIALIZATION OF INNOVATIONS DERIVED FROM FEDERAL RESEARCH AND DEVELOPMENT, AND TO FOSTER AND ENCOURAGE PARTICIPATION OF SOCIALLY AND ECONOMICALLY DISADVANTAGED SMALL BUSINESS CONCERNS AND WOMEN-OWNED SMALL BUSINESS CONCERNS IN TECHNOLOGICAL INNOVATION.",04,PROJECT GRANT (B),"THE PROTEOMIC SIGNATURE OF SLEEP AND ITS IMPLICATION FOR ALZHEIMER'S DISEASE - PROJECT SUMMARY ALZHEIMER'S DISEASE (AD) IS CHARACTERIZED BY PROGRESSIVE COGNITIVE DECLINE LEADING TO MORTALITY AND IS A LEADING CAUSE OF DEATH AMONG OLDER ADULTS. THE DISEASE INVOLVES THE FORMATION OF PLAQUES AND TANGLES IN THE BRAIN, WHICH HINDER COGNITIVE FUNCTIONING. ALZHEIMER'S DISEASE IS ALSO ASSOCIATED WITH SLEEP ARCHITECTURE, INCLUDING EVIDENCE THAT ALTERATIONS IN SLEEP ARCHITECTURE IS A PREDISPOSING FACTOR FOR ALZHEIMER'S DISEASE. THERE IS, INDEED, AN ESTABLISHED RELATIONSHIP BETWEEN SLEEP, NEUROCOGNITION, AND BRAIN MAINTENANCE, EXEMPLIFIED BY THE GLYMPHATIC SYSTEM. RESEARCH SUGGESTS THAT THE GLYMPHATIC SYSTEM HELPS TO CLEAR DETRIMENTAL PROTEINS FROM THE BRAIN PRIMARY DURING SLEEP AND THUS DISRUPTED SLEEP MAY HINDER THIS PROCESS. STILL, WE LACK A COMPLETE UNDERSTANDING OF THE UNDERLYING RISK FACTORS AND MECHANISMS FOR ALZHEIMER'S DISEASE, WHICH COULD BE IMPROVED BY THE ESTABLISHMENT OF A NETWORK MAP THAT CONNECTS NEUROCOGNITIVE DIMENSIONS, SLEEP ENDOPHENOTYPES AND MOLECULAR MARKERS. TO ADDRESS THESE GAPS IN KNOWLEDGE, THE PROPOSED PROJECT AIMS TO (1) INVESTIGATE POLYSOMNOGRAPHIC (PSG) SLEEP BIOMARKERS, PROTEOMIC BLOOD BIOMARKERS, AND NEUROCOGNITION IN A LARGE LONGITUDINAL SAMPLE OF ADULTS; (2) DISENTANGLE THE RELATIONSHIP BETWEEN SLEEP, NEUROCOGNITIVE FUNCTION, AND CIRCULATING PROTEINS USING AN EXPERIMENTAL APPROACH IN HUMANS DESIGNED TO IDENTIFY PROTEINS THAT ARE MODULATED ONLY BY SLEEP AND THAT ARE ASSOCIATED WITH COGNITIVE FUNCTION, AND (3) BUILD A KNOWLEDGE GRAPH HIGHLIGHTING THE THREE-WAY RELATIONSHIP BETWEEN INTER-INDIVIDUAL VARIATION ON CIRCULATING PROTEINS, SLEEP ENDOPHENOTYPES, AND CHANGES IN COGNITIVE FUNCTION BEFORE AND AFTER SLEEP. THE PRIMARY HYPOTHESIS IS THAT THERE WILL BE A SET OF BIOMOLECULES ASSOCIATED WITH NEURONAL PATHWAYS THAT MODULATE THE RELATIONSHIP BETWEEN SLEEP AND COGNITIVE DECLINE. A SECOND HYPOTHESIS IS THAT THIS MOLECULAR SET WILL SIGNIFICANTLY SHARE COMPONENTS WITH BIOMARKERS ASSOCIATED WITH COGNITIVE DECLINE AND DEMENTIA. THE PROJECT INCLUDES TWO DISTINCT STUDIES. THE FIRST CAPITALIZES ON EXISTING SAMPLES AND DATA FROM A LONGITUDINAL STUDY IN BRAZIL, THE BAEPENDI HEART STUDY (BHS) (1R01HL141881) WHERE BLOOD SAMPLES WERE COLLECTED BEFORE AND AFTER A NIGHT OF SLEEP RECORDED VIA PSG IN 2020-2023. WE PROPOSE TO REPEAT PSG, BLOOD SAMPLING AND ADD NEW NEUROCOGNITIVE EVALUATIONS AND AD BIOMARKER IN 450 ADULTS WHO WERE AT LEAST 40 YEARS OLD AT THE FIRST PSG RECORDING TO PROVIDE LONGITUDINAL DATA. WE WILL ALSO REPEAT THE NEUROCOGNITIVE TESTING 3 YEARS LATER IN THESE PARTICIPANTS. THE SECOND STUDY IS AN EXPERIMENTAL STUDY IN 50-65 YEAR OLDS DESIGNED TO IDENTIFY SLEEP-RELATED CHANGES IN PROTEIN BIOMARKERS THAT ARE ASSOCIATED WITH COGNITIVE FUNCTION. THIS EXPERIMENT INVOLVES FOUR CONTROLLED 8-HOUR PERIODS: 8-HOUR NOCTURNAL SLEEP OPPORTUNITY, 8-HOUR NOCTURNAL WAKE, 8-HOUR DAYTIME WAKE, 8-HOUR DAYTIME SLEEP OPPORTUNITY. COGNITIVE TESTS ARE PERFORMED BEFORE AND AFTER THESE PERIODS AND SLEEP IS RECORDED WITH PSG. THE RESULTS OF THIS STUDY WILL PROVIDE NOVEL MECHANISTIC DATA LINKING SLEEP DISRUPTION TO THE DEVELOPMENT OF ALZHEIMER'S DISEASE. FURTHER, THESE PROTEIN BIOMARKERS COULD HELP IDENTIFY THOSE AT RISK OF DEVELOPING NEURODEGENERATION.",NON,NOT RECOVERY ACT,O,PRIVATE INSTITUTION OF HIGHER EDUCATION,2,NON-AGGREGATE RECORD,,,,,,,,,,,https://www.usaspending.gov/award/ASST_NON_R01AG089354_075/,2026-03-05 22:04:43.296484+00
ASST_NON_R01DK145735_075,R01DK145735,R01DK145735-809248677,SAI UNAVAILABLE,,,,,,2026-03-02,2026,761577.00,,300015.00,0.00,761577.00,0.00,0.00,2026-03-02,2026,2026-03-15,2030-01-31,075,Department of Health and Human Services,7529,National Institutes of Health,75NK00,NIH National Institute of Diabetes and Digestive and Kidney Diseases,075,Department of Health and Human Services,7529,National Institutes of Health,75NK00,NIH National Institute of Diabetes and Digestive and Kidney Diseases,,,,,FLJ7DQKLL226,,THE GENERAL HOSPITAL CORPORATION,THE GENERAL HOSPITAL CORPORATION,PGUMBTK4AM35,,MASS GENERAL BRIGHAM INCORPORATED,USA,UNITED STATES,55 FRUIT ST,,07000,BOSTON,25025,SUFFOLK,25,MA,MASSACHUSETTS,02114,2621,MA-08,MA-08,,,,SINGLE ZIP CODE,USA,UNITED STATES,MA07000,BOSTON,25025,SUFFOLK,25,MASSACHUSETTS,021142621,MA-08,MA-08,,"93.847: DIABETES, DIGESTIVE, AND KIDNEY DISEASES EXTRAMURAL RESEARCH",PA-25-301,"<P>THE GOALS ARE:</P><UL><LI>TO FOSTER FUNDAMENTAL CREATIVE DISCOVERIES, INNOVATIVE RESEARCH STRATEGIES, AND THEIR APPLICATIONS AS A BASIS FOR ULTIMATELY PROTECTING AND IMPROVING HEALTH;</LI><LI>TO DEVELOP, MAINTAIN, AND RENEW SCIENTIFIC HUMAN AND PHYSICAL RESOURCES THAT WILL ENSURE THE NATION'S CAPABILITY TO PREVENT DISEASE;</LI><LI>TO EXPAND THE KNOWLEDGE BASE IN MEDICAL AND ASSOCIATED SCIENCES IN ORDER TO ENHANCE THE NATION'S ECONOMIC WELL-BEING AND ENSURE A CONTINUED HIGH RETURN ON THE PUBLIC INVESTMENT IN RESEARCH; AND</LI><LI>TO EXEMPLIFY AND PROMOTE THE HIGHEST LEVEL OF SCIENTIFIC INTEGRITY, PUBLIC ACCOUNTABILITY, AND SOCIAL RESPONSIBILITY IN THE CONDUCT OF SCIENCE.</LI></UL><P>IN REALIZING THESE GOALS, THE NIH PROVIDES LEADERSHIP AND DIRECTION TO PROGRAMS DESIGNED TO IMPROVE THE HEALTH OF THE NATION BY CONDUCTING AND SUPPORTING RESEARCH:</P><UL><LI>IN THE CAUSES, DIAGNOSIS, PREVENTION, AND CURE OF HUMAN DISEASES;</LI><LI>IN THE PROCESSES OF HUMAN GROWTH AND DEVELOPMENT;</LI><LI>IN THE BIOLOGICAL EFFECTS OF ENVIRONMENTAL CONTAMINANTS;</LI><LI>IN THE UNDERSTANDING OF MENTAL, ADDICTIVE AND PHYSICAL DISORDERS; AND</LI><LI>IN DIRECTING PROGRAMS FOR THE COLLECTION, DISSEMINATION, AND EXCHANGE OF INFORMATION IN MEDICINE AND HEALTH, INCLUDING THE DEVELOPMENT AND SUPPORT OF MEDICAL LIBRARIES AND THE TRAINING OF MEDICAL LIBRARIANS AND OTHER HEALTH INFORMATION SPECIALISTS.</LI></UL>",04,PROJECT GRANT (B),"INTERROGATING THE ROLE OF H3K4 & H3K27 METHYLATION IN HEMATOPOIESIS WITH NOVEL HISTONE TOOLS - SUMMARY DEVELOPMENTAL GENE EXPRESSION IS TIGHTLY REGULATED BY THE DYNAMIC INTERPLAY OF H3K4 METHYLATION (H3K4ME) AND H3K27 METHYLATION (H3K27ME) ASSOCIATED WITH ACTIVE AND REPRESSED GENES, RESPECTIVELY. HOWEVER, OUR UNDERSTANDING OF THE INDIVIDUAL AND COMBINATORIAL ROLES THESE HISTONE MODIFICATIONS PLAY IN ADULT PHYSIOLOGICAL CONTEXTS REMAINS INCOMPLETE. TO OVERCOME THESE LIMITATIONS, WE HAVE RECENTLY GENERATED HISTONE MUTANT TRANSGENIC TOOLS TO UNCOVER A PREVIOUSLY UNAPPRECIATED ROLE FOR H3K4ME IN ADULT HEMATOPOIESIS. ADULT MICE GLOBALLY DEPLETED FOR ALL FORMS OF H3K4ME VIA EXPRESSION OF AN INDUCIBLE HISTONE H3 LYSINE-4-TO-METHIONINE (H3K4M) MUTANT ALLELE SUCCUMBED TO A SEVERE LOSS OF ALL MAJOR MATURE BLOOD CELL TYPES. UNEXPECTEDLY HOWEVER, H3K4M-EXPRESSING HEMATOPOIETIC STEM CELLS (HSCS) AND MOST COMMITTED PROGENITORS WERE PRESENT AT NORMAL NUMBERS AND PERSISTED UPON TRANSPLANTATION INTO RECIPIENT MICE, SUGGESTING THAT H3K4ME IS DISPENSABLE FOR THE MAINTENANCE AND EARLY COMMITMENT OF HSCS AND PROGENITORS BUT ESSENTIAL FOR THE TERMINAL MATURATION OF PROGENITORS. MECHANISTICALLY, WE SHOWED THAT H3K4ME OPPOSES THE DEPOSITION OF REPRESSIVE H3K27ME AT DIFFERENTIATION-ASSOCIATED GENES BIVALENTLY MARKED BY H3K4ME3 AND H3K27ME3 IN HSCS OR PROGENITORS. INDEED, BY CONCOMITANTLY SUPPRESSING H3K27ME IN H3K4ME-DEPLETED MICE WITH AN H3K27M TRANSGENE, WE COULD RESCUE THE ACUTE LETHALITY, HEMATOPOIETIC FAILURE AND GENE DYSREGULATION. THUS, OUR RESULTS REVEAL THAT H3K4ME GUIDES HEMATOPOIESIS BY OPPOSING REPRESSIVE H3K27ME AT FATE-INSTRUCTIVE BIVALENT GENES, PROVIDING THE FIRST EVIDENCE FOR THE FUNCTIONAL INTERACTION BETWEEN THESE CRUCIAL CHROMATIN MARKS IN MAMMALIAN TISSUE HOMEOSTASIS. THESE PRELIMINARY DATA RAISE FUNDAMENTAL QUESTIONS WITH CLINICAL RELEVANCE THAT WILL BE ADDRESSED IN 3 COMPLEMENTARY AIMS. IN AIM 1, WE WILL FURTHER DEFINE THE CONSEQUENCES OF H3K4ME LOSS ON THE FUNCTION OF HSCS AND PROGENITORS USING SELF-RENEWAL AND DIFFERENTIATION ASSAYS. ADDITIONALLY, WE WILL ASSESS WHETHER ANY OBSERVED DEFECTS ARE REVERSIBLE UPON RESTORATION OF H3K4ME. IN AIM 2, WE WILL IDENTIFY EPIGENETIC REGULATORS THAT MEDIATE THE H3K4M- DEPENDENT ARREST AND THE H3K27M-DEPENDENT RESCUE BY PURIFYING PROTEINS ASSOCIATED WITH H3K4M AND H3K27M; MEASURING CHANGES TO ALL MAJOR HISTONE MODIFICATIONS; AND TESTING SELECT CANDIDATES FOR THEIR ABILITY TO PHENOCOPY THE EFFECTS OF H3K4M AND H3K27M. IN AIM 3, WE WILL DISSECT THE MOLECULAR BASIS BY WHICH H3K4ME/H3K27ME SAFEGUARD HEMATOPOIESIS WITH A FOCUS ON FATE-INSTRUCTIVE CYTOKINE RECEPTORS AND TRANSCRIPTION FACTORS DYSREGULATED IN H3K4M MICE BUT NORMALIZED IN H3K4M/H3K27M MICE. MOREOVER, WE WILL INVESTIGATE THE CONTRIBUTION OF OTHER EPIGENETIC MARKS TO THE H3K4M PHENOTYPE USING DNA METHYLATION INHIBITORS AND A NOVEL HISTONE MUTANT LIBRARY. COLLECTIVELY, THIS PROPOSAL WILL LEVERAGE NOVEL TOOLS TO PROBE THE DIRECT, PHYSIOLOGICAL IMPACT OF TWO ANTAGONIZING CHROMATIN MARKS ON HEMATOPOIESIS. AS ARRESTED DIFFERENTIATION AND DISRUPTED H3K4ME/H3K27ME HAVE BEEN IMPLICATED IN DIVERSE HEMATOLOGICAL CONDITIONS, OUR RESULTS WILL ELUCIDATE THE UNDERLYING MECHANISMS AND MAY PAVE THE WAY FOR NOVEL THERAPEUTIC INTERVENTIONS.",NON,NOT RECOVERY ACT,M,NONPROFIT WITH 501C3 IRS STATUS (OTHER THAN AN INSTITUTION OF HIGHER EDUCATION),2,NON-AGGREGATE RECORD,,,,,,,,,,,https://www.usaspending.gov/award/ASST_NON_R01DK145735_075/,2026-03-05 22:04:43.296484+00
ASST_NON_R01EB037403_075,R01EB037403,R01EB037403-1144919665,SAI UNAVAILABLE,,,,,,2026-03-02,2026,542947.00,,131842.00,0.00,542947.00,0.00,0.00,2026-03-02,2026,2026-03-03,2030-02-28,075,Department of Health and Human Services,7529,National Institutes of Health,75N800,NIH National Institute of Biomedical Imaging and Bioengineering,075,Department of Health and Human Services,7529,National Institutes of Health,75N800,NIH National Institute of Biomedical Imaging and Bioengineering,,,,,GTNBNWXJ12D5,,VANDERBILT UNIVERSITY,VANDERBILT UNIVERSITY,K9AHBDTKCB55,,THE VANDERBILT UNIVERSITY,USA,UNITED STATES,110 21ST AVE S,,52000,NASHVILLE,47037,DAVIDSON,47,TN,TENNESSEE,37203,2416,TN-05,TN-05,,,,SINGLE ZIP CODE,USA,UNITED STATES,TN52000,NASHVILLE,47037,DAVIDSON,47,TENNESSEE,37203,TN-05,TN-05,,93.286: DISCOVERY AND APPLIED RESEARCH FOR TECHNOLOGICAL INNOVATIONS TO IMPROVE HUMAN HEALTH,PA-25-301,"<P>THE GOALS ARE:</P><UL><LI>TO FOSTER FUNDAMENTAL CREATIVE DISCOVERIES, INNOVATIVE RESEARCH STRATEGIES, AND THEIR APPLICATIONS AS A BASIS FOR ULTIMATELY PROTECTING AND IMPROVING HEALTH;</LI><LI>TO DEVELOP, MAINTAIN, AND RENEW SCIENTIFIC HUMAN AND PHYSICAL RESOURCES THAT WILL ENSURE THE NATION'S CAPABILITY TO PREVENT DISEASE;</LI><LI>TO EXPAND THE KNOWLEDGE BASE IN MEDICAL AND ASSOCIATED SCIENCES IN ORDER TO ENHANCE THE NATION'S ECONOMIC WELL-BEING AND ENSURE A CONTINUED HIGH RETURN ON THE PUBLIC INVESTMENT IN RESEARCH; AND</LI><LI>TO EXEMPLIFY AND PROMOTE THE HIGHEST LEVEL OF SCIENTIFIC INTEGRITY, PUBLIC ACCOUNTABILITY, AND SOCIAL RESPONSIBILITY IN THE CONDUCT OF SCIENCE.</LI></UL><P>IN REALIZING THESE GOALS, THE NIH PROVIDES LEADERSHIP AND DIRECTION TO PROGRAMS DESIGNED TO IMPROVE THE HEALTH OF THE NATION BY CONDUCTING AND SUPPORTING RESEARCH:</P><UL><LI>IN THE CAUSES, DIAGNOSIS, PREVENTION, AND CURE OF HUMAN DISEASES;</LI><LI>IN THE PROCESSES OF HUMAN GROWTH AND DEVELOPMENT;</LI><LI>IN THE BIOLOGICAL EFFECTS OF ENVIRONMENTAL CONTAMINANTS;</LI><LI>IN THE UNDERSTANDING OF MENTAL, ADDICTIVE AND PHYSICAL DISORDERS; AND</LI><LI>IN DIRECTING PROGRAMS FOR THE COLLECTION, DISSEMINATION, AND EXCHANGE OF INFORMATION IN MEDICINE AND HEALTH, INCLUDING THE DEVELOPMENT AND SUPPORT OF MEDICAL LIBRARIES AND THE TRAINING OF MEDICAL LIBRARIANS AND OTHER HEALTH INFORMATION SPECIALISTS.</LI></UL>",04,PROJECT GRANT (B),"TRANSCRANIAL FUNCTIONAL ULTRASOUND IN ADULT HUMANS - THE WORLD HEALTH ORGANIZATION CHARACTERIZES NEUROLOGICAL DISORDERS AS ONE OF THE GREATEST THREATS TO PUBLIC HEALTH, A LEADING CONTRIBUTOR TO DISABILITY-ADJUSTED LIFE YEARS, AND THE SECOND LEADING CAUSE OF GLOBAL DEATHS. ACROSS THE WORLD, MENTAL DISORDERS REPRESENT 10% OF GLOBAL DISEASE BURDEN, IMPACTING AN ESTIMATED 1 BILLION PEOPLE. THESE DISORDERS CARRY A HUGE ECONOMIC BURDEN, AND WHILE ESTIMATES AND PROJECTIONS OF TOTAL COSTS VARY WILDLY, MENTAL HEALTH CARRIES A COST IN THE UNITED STATES OF AT LEAST $200 BILLION ANNUALLY. THIS SIGNIFICANT BURDEN MOTIVATES IMPROVEMENTS IN UNDERSTANDING OF DISEASE ETIOLOGY, DIAGNOSIS, PREVENTION, AND TREATMENT. MANY TOOLS EXIST TO EXAMINE SUCH ISSUES, BUT THERE IS STILL A NEED FOR A FUNCTIONAL IMAGING TOOL THAT IS LOW-COST WHILE MAINTAINING HIGH-SPATIAL AND TEMPORAL RESOLUTION. THIS NEED CAN BE MET WITH TRANSCRANIAL FUNCTIONAL ULTRASOUND IMAGING. HERE, WE BUILD OFF NEW FUNCTIONAL ULTRASOUND IMAGING TECHNIQUES DEMONSTRATED IN RODENT MODELS, HUMAN NEONATES AND IN ADULT HUMANS WITH EXPOSED BRAINS, TO DEVELOP FULLY NON-INVASIVE, FUNCTIONAL ULTRASOUND FOR ADULT HUMANS. TRANSLATING FUNCTIONAL ULTRASOUND TO HUMANS IN A BROADLY USEFUL WAY HAS BEEN DIFFICULT BECAUSE TRANSCRANIAL IMAGING REQUIRES LOWER IMAGING FREQUENCIES TO BETTER PENETRATE THE SKULL, BUT THIS IN TURN REDUCES THE SENSITIVITY TO SMALL CHANGES IN BLOOD FLOW-THE SOURCE OF THE FUNCTIONAL ULTRASOUND'S SIGNAL. NEW SIGNAL PROCESSING AND MACHINE LEARNING TECHNIQUES-DEVELOPED BY OUR GROUP AND OTHERS-ENHANCE THE PERFORMANCE OF LOW VELOCITY BLOOD FLOW IMAGING, PARTICULARLY IN THE HIGH CLUTTER AND NOISE ENVIRONMENTS ENCOUNTERED TRANSCRANIALLY, AND USING SOME OF THESE METHODS, OUR PRELIMINARY DATA PROVIDES THE FIRST EVER DEMONSTRATION OF TRANSCRANIAL FUNCTIONAL ULTRASOUND IN ADULTS. ADDITIONALLY, BECAUSE TRANSCRANIAL ULTRASOUND STRUGGLES WITH ESTABLISHING PRECISE ANATOMICAL ORIENTATION AND GENERAL LOCALIZATION, WE WILL INTEGRATE IMAGE-TO-PHYSICAL TRACKING AND A TWO-SIDED, DUAL-TRANSDUCER IMAGING CONFIGURATION WITH OUR ADVANCED IMAGING METHODS TO TURN TRANSCRANIAL FUNCTIONAL ULTRASOUND INTO A BROADLY USEFUL TOOL. WE HYPOTHESIZE THAT OUR ADVANCED TECHNIQUES INTEGRATED WITH TRACKING AND MULTIPLE TRANSDUCERS WILL ENABLE RELIABLE ULTRASOUND-BASED FUNCTIONAL ASSESSMENT IN NEARLY ALL SUBJECTS.",NON,NOT RECOVERY ACT,O,PRIVATE INSTITUTION OF HIGHER EDUCATION,2,NON-AGGREGATE RECORD,,,,,,,,,,,https://www.usaspending.gov/award/ASST_NON_R01EB037403_075/,2026-03-05 22:04:43.296484+00
ASST_NON_R03DA065484_075,R03DA065484,R03DA065484-815935100,SAI UNAVAILABLE,,,,,,2026-03-02,2026,295896.00,,95896.00,0.00,295896.00,0.00,0.00,2026-03-02,2026,2026-03-15,2028-02-29,075,Department of Health and Human Services,7529,National Institutes of Health,75N600,NIH National Insitute on Drug Abuse,075,Department of Health and Human Services,7529,National Institutes of Health,75N600,NIH National Insitute on Drug Abuse,,,,,NH77YPDEGG84,,MICHIGAN STATE UNIVERSITY,MICHIGAN STATE UNIVERSITY,,,,USA,UNITED STATES,426 AUDITORIUM RD,,24120,EAST LANSING,26065,INGHAM,26,MI,MICHIGAN,48824,2600,MI-07,MI-07,,,,SINGLE ZIP CODE,USA,UNITED STATES,MI24120,EAST LANSING,26065,INGHAM,26,MICHIGAN,488242600,MI-07,MI-07,,93.279: DRUG USE AND ADDICTION RESEARCH PROGRAMS,PAS-25-236,"<P>TO SUPPORT BASIC, CLINICAL, TRANSLATIONAL, AND IMPLEMENTATION RESEARCH IN THE FIELD OF SUBSTANCE USE. TO DEVELOP NEW KNOWLEDGE AND APPROACHES FOR THE PREVENTION, DIAGNOSIS, AND TREATMENT OF DRUG USE, MISUSE, AND ADDICTION, DRUG OVERDOSE, AND RELATED HEALTH OUTCOMES, INCLUDING HIV/AIDS.</P>",04,PROJECT GRANT (B),"EPIGENETIC RISK SCORING FOR POLYSUBSTANCE USE AND COMORBIDITY IN PEOPLE WITH HIV - PROJECT SUMMARY POLYSUBSTANCE USE (PSU) IS HIGHLY PREVALENT AMONG PEOPLE WITH HIV (PWH) AND INCREASES THE BURDEN OF COMORBIDITIES, ACCELERATES HIV PROGRESSION, AND RAISES MORTALITY. IN THE U.S., NON-AIDS COMORBIDITIES SUCH AS ALCOHOL-RELATED LIVER DISEASE AND SMOKING-RELATED PULMONARY AND CARDIOVASCULAR CONDITIONS ARE AMONG THE LEADING CAUSES OF DEATH AMONG PWH. THE INTERACTION BETWEEN PSU AND HIV EXACERBATES IMMUNE DYSREGULATION, CHRONIC INFLAMMATION, AND SUSCEPTIBILITY TO INFECTIONS, CREATING A CYCLE THAT HEIGHTENS THE COMORBIDITY BURDEN. THE COMPLEX INTERACTIONS BETWEEN SUBSTANCES, VARIATIONS IN DOSAGE AND FREQUENCY, AND CUMULATIVE HEALTH EFFECTS MAKE ACCURATE MEASUREMENT AND RISK ASSESSMENT CHALLENGING. DESPITE THE CLINICAL IMPORTANCE OF PSU, CURRENT SCREENING APPROACHES RELY ON SELF-REPORT OR SHORT-TERM BIOMARKERS, LEAVING THEM VULNERABLE TO RECALL BIAS, UNDERREPORTING, STIGMA, AND LIMITED DETECTION WINDOWS. IMPORTANTLY, NO OBJECTIVE, BIOLOGICALLY GROUNDED TOOLS EXIST TO ASSESS AND STRATIFY PSU RISK OR TO QUANTIFY ITS IMPACT ON COMORBIDITY RISK IN PWH. PRIOR RESEARCH HAS DEMONSTRATED THAT DNA METHYLATION (DNAM), A KEY EPIGENETIC MODIFICATION, PROVIDES A ROBUST BIOLOGICAL MARKER OF INTERNAL AND EXTERNAL EXPOSURES, INCLUDING SUBSTANCE USE. DNAM PROFILES HAVE BEEN SHOWN TO CAPTURE CUMULATIVE BIOLOGICAL IMPACTS AND CAN DIFFERENTIATE BETWEEN INDIVIDUALS WITH VARYING SUBSTANCE USE HISTORIES. OUR PRIOR WORK DEMONSTRATED THAT DNAM FEATURES IMPROVED THE PREDICTION OF HAZARDOUS ALCOHOL CONSUMPTION BEYOND A TRADITIONAL ALCOHOL BIOMARKER. HOWEVER, EXISTING RESEARCH HAS FOCUSED ON INDIVIDUAL SUBSTANCES IN ISOLATION, OVERLOOKING THE COMPLEXITIES AND INTERACTIONS OF PSU. TO DATE, NO DNAM-BASED TOOLS HAVE BEEN DEVELOPED TO QUANTIFY PSU, STRATIFY RISK, OR ASSESS ITS CONTRIBUTION TO THE COMORBIDITY BURDEN IN THIS VULNERABLE POPULATION. TO ADDRESS THIS GAP, WE PROPOSE TO DEVELOP AND VALIDATE THE FIRST DNAM-BASED EPIGENETIC RISK SCORE THAT QUANTIFIES THE CUMULATIVE BIOLOGICAL IMPACT OF PSU. WE HYPOTHESIZE THAT DISTINCT PSU PATTERNS ARE ASSOCIATED WITH SPECIFIC DNAM SIGNATURES AND THAT INTEGRATING THESE SIGNATURES WITH BIOLOGICAL AND CLINICAL FACTORS WILL IMPROVE THE PREDICTION OF COMORBIDITY RISK AND ENABLE PRECISE RISK STRATIFICATION AND EARLY INTERVENTION. THIS APPROACH IS INNOVATIVE BECAUSE IT WILL LEVERAGE CUTTING-EDGE EPIGENETIC AND PREDICTIVE MODELING TECHNIQUES TO CAPTURE THE COMPLEX, CUMULATIVE, AND INDIVIDUALIZED EFFECTS OF PSU, OFFERING A TRANSFORMATIVE ADVANCE TOWARD PRECISION HIV CARE. WE WILL TEST THIS HYPOTHESIS THROUGH TWO SPECIFIC AIMS: AIM 1 WILL DEVELOP AND VALIDATE A DNAM-BASED RISK SCORE FOR PSU BY INTEGRATING EPIGENOME-WIDE DATA WITH DETAILED SUBSTANCE USE PATTERNS; AIM 2 WILL INCORPORATE PSU-ASSOCIATED DNAM MARKERS AND KEY BIOLOGICAL AND CLINICAL FACTORS INTO PREDICTIVE MODELS OF COMORBIDITY RISK IN PWH, WITH EXTERNAL VALIDATION IN INDEPENDENT COHORTS. THIS WORK WILL PROVIDE OBJECTIVE, BIOLOGICALLY GROUNDED TOOLS TO IMPROVE PSU DETECTION AND COMORBIDITY RISK STRATIFICATION, LAYING THE FOUNDATION FOR PRECISION HIV CARE AND REDUCING DISEASE BURDEN IN THIS VULNERABLE POPULATION.",NON,NOT RECOVERY ACT,H,PUBLIC/STATE CONTROLLED INSTITUTION OF HIGHER EDUCATION,2,NON-AGGREGATE RECORD,,,,,,,,,,,https://www.usaspending.gov/award/ASST_NON_R03DA065484_075/,2026-03-05 22:04:43.296484+00
ASST_NON_R13FD008743_075,R13FD008743,R13FD008743-154247110,SAI UNAVAILABLE,,,,,,2026-03-01,2026,50000.00,,0.00,0.00,50000.00,0.00,0.00,2026-03-01,2026,2026-03-01,2027-02-28,075,Department of Health and Human Services,7524,Food and Drug Administration,75FDA1,FDA Office of Acquisitions and Grants Services,075,Department of Health and Human Services,7524,Food and Drug Administration,75DKKI,FDA CENTER FOR TOBACCO PRODUCTS,,,,,NTLJSMEBGQG3,,SOCIETY FOR RESEARCH ON NICOTINE & TABACCO INC,SOCIETY FOR RESEARCH ON NICOTINE & TABACCO INC,PKRAQL676VV7,,,USA,UNITED STATES,2424 AMERICAN LN,,48000,MADISON,55025,DANE,55,WI,WISCONSIN,53704,3102,WI-02,WI-02,,,,SINGLE ZIP CODE,USA,UNITED STATES,WI87725,WINDSOR,55025,DANE,55,WISCONSIN,535989671,WI-02,WI-02,,93.103: FOOD AND DRUG ADMINISTRATION RESEARCH,PAR-23-072,"TO ASSIST INSTITUTIONS AND ORGANIZATIONS, TO ESTABLISH, EXPAND, AND IMPROVE RESEARCH, DEMONSTRATION, EDUCATION AND INFORMATION DISSEMINATION ACTIVITIES, ACQUIRED IMMUNODEFICIENCY SYNDROME (AIDS), BIOLOGICS, BLOOD AND BLOOD PRODUCTS, THERAPEUTICS, VACCINES AND ALLERGENIC PROJECTS, DRUG HAZARDS, HUMAN AND VETERINARY DRUGS, CLINICAL TRIALS ON DRUGS AND DEVICES FOR ORPHAN PRODUCTS DEVELOPMENT, NUTRITION, SANITATION AND MICROBIOLOGICAL HAZARDS, MEDICAL DEVICES AND DIAGNOSTIC PRODUCTS, RADIATION EMITTING DEVICES AND MATERIALS, FOOD SAFETY AND FOOD ADDITIVES. THESE PROGRAMS ARE SUPPORTED DIRECTLY OR INDIRECTLY BY THE FOLLOWING CENTERS AND OFFICES:  CENTER FOR BIOLOGICS EVALUATION AND RESEARCH (CBER), CENTER FOR DRUG EVALUATION AND RESEARCH (CDER), CENTER FOR DEVICES AND RADIOLOGICAL HEALTH (CDRH), CENTER FOR VETERINARY MEDICINE (CVM), CENTER FOR FOOD SAFETY AND APPLIED NUTRITION (CFSAN), NATIONAL CENTER FOR TOXICOLOGICAL RESEARCH (NCTR), THE OFFICE OF ORPHAN PRODUCTS DEVELOPMENT (OPD), THE CENTER FOR TOBACCO PRODUCTS (CTP), AND OFFICE OF REGULATORY AFFAIRS (ORA), AND THE OFFICE OF THE COMMISSIONER (OC). SMALL BUSINESS INNOVATION RESEARCH (SBIR) PROGRAMS: TO STIMULATE TECHNOLOGICAL INNOVATION, TO ENCOURAGE THE ROLE OF SMALL BUSINESS TO MEET FEDERAL RESEARCH AND DEVELOPMENT NEEDS, TO INCREASE PRIVATE SECTOR COMMERCIALIZATION OF INNOVATIONS DERIVED FROM FEDERAL RESEARCH AND DEVELOPMENT, AND TO FOSTER AND ENCOURAGE PARTICIPATION BY MINORITY AND DISADVANTAGED PERSONS IN TECHNOLOGICAL INNOVATION.  FUNDING SUPPORT FOR SCIENTIFIC CONFERENCES THAT ARE RELEVANT TO THE FDA SCIENTIFIC MISSION AND PUBLIC HEALTH ARE ALSO AVAILABLE.",04,PROJECT GRANT (B),"SRNT 2026 ANNUAL MEETING - PROJECT SUMMARY THE SOCIETY FOR RESEARCH ON NICOTINE AND TOBACCO (SRNT) IS THE ONLY INTERNATIONAL SCIENTIFIC SOCIETY DEDICATED EXCLUSIVELY TO THE FIELD OF NICOTINE AND TOBACCO RESEARCH. IN FISCAL 2025 SRNT HAS NEARLY 1,200 MEMBERS FROM MORE THAN 40 COUNTRIES, WITH APPROXIMATELY 85 PERCENT OF THOSE MEMBERS BEING AFFILIATED WITH U.S. ACADEMIC, RESEARCH, GOVERNMENT, ADVOCACY, AND RELATED ORGANIZATIONS. THE OVERALL OBJECTIVE OF THE SRNT ANNUAL MEETING IS TO STIMULATE ADVANCEMENT IN THE FIELD OF NICOTINE AND TOBACCO RESEARCH THROUGH THE PRESENTATION OF TIMELY AND CUTTING-EDGE RESEARCH, DISCUSSION, AND NETWORKING. IT IS THE HALLMARK CONFERENCE IN THE FIELD WHERE INVESTIGATORS, ADVOCATES, AND POLICYMAKERS CAN LEARN ABOUT THE LATEST SCIENTIFIC FINDINGS, INCLUDING NOVEL PRODUCTS IN THE MARKETPLACE AND EFFECTIVE INTERVENTIONS AND POLICIES TO REDUCE TOBACCO USE IN THE U.S. AND IN OTHER COUNTRIES. THE SRNT ANNUAL MEETING PROVIDES A CRUCIAL VENUE FOR THE PRESENTATION OF THE RAPIDLY EVOLVING TOBACCO REGULATORY SCIENCE RESEARCH FINDINGS TO THE MAJOR KEYHOLDERS IN RESEARCH AND POLICY. THE AIMS OF THIS CONFERENCE GRANT ARE TO: 1) ENSURE THAT TOBACCO REGULATORY SCIENCE CONTENT IS PRESENTED IN WAYS THAT ARE MAXIMALLY INFORMATIVE TO FDA AND TO RESEARCHERS IN THE FIELD; AND 2) TO SUPPORT THE CAREER OF TRAINEES AND EARLY CAREER INVESTIGATORS IN TOBACCO REGULATORY SCIENCE VIA OPPORTUNITIES FOR SPECIAL ORAL SESSIONS, PROFESSIONAL DEVELOPMENT FORUMS, TRAVEL AWARDS, AND OTHER RECOGNITION. TO MEET BOTH AIMS, SRNT’S PROGRAM COMMITTEE MEETS REGULARLY THROUGHOUT THE YEAR TO PLAN THE CONTENT AND FORMAT OF THE SRNT 2026 ANNUAL MEETING, ALIGNING THE PRESENTATION OF SCIENTIFIC CONTENT WITH RESEARCH PRIORITIES IN THE TOBACCO REGULATORY SCIENCE PROGRAM (TRSP). THE COMMITTEE WILL CURATE PAPER SESSIONS ON SPECIFIC TOPICS THAT HIGHLIGHT ADVANCES IN THE AREA, FOSTER SCIENTIFIC DISCUSSION AND DEBATE, AND STIMULATE COLLABORATION ACROSS RESEARCHERS. THE CONFERENCE GRANT WILL ALSO SUPPORT AT LEAST 20 TRAVEL AWARDS FOR TRAINEES AND EARLY CAREER INVESTIGATORS PRESENTING ON CONTENT RELATED TO THE CTP AND NIH TRSP RESEARCH PRIORITIES. THESE INTERACTIONS WILL FACILITATE THE DEVELOPMENT OF NOVEL QUESTIONS AND APPROACHES TO TOBACCO REGULATORY SCIENCE RESEARCH WHILE SUPPORTING THE CAREERS OF FUTURE RESEARCHERS IN THIS IMPORTANT RESEARCH DISCIPLINE.",NON,NOT RECOVERY ACT,M,NONPROFIT WITH 501C3 IRS STATUS (OTHER THAN AN INSTITUTION OF HIGHER EDUCATION),2,NON-AGGREGATE RECORD,,,,,,,,,,,https://www.usaspending.gov/award/ASST_NON_R13FD008743_075/,2026-03-05 22:04:43.296484+00
ASST_NON_R35GM161793_075,R35GM161793,R35GM161793-578853589,SAI UNAVAILABLE,,,,,,2026-03-02,2026,410184.00,,135184.00,0.00,410184.00,0.00,0.00,2026-03-02,2026,2026-04-01,2031-01-31,075,Department of Health and Human Services,7529,National Institutes of Health,75NS00,NIH National Institute of General Medical Sciences,075,Department of Health and Human Services,7529,National Institutes of Health,75NS00,NIH National Institute of General Medical Sciences,,,,,K51LECU1G8N3,,WILLIAM MARSH RICE UNIVERSITY,WILLIAM MARSH RICE UNIVERSITY,,,,USA,UNITED STATES,6100 MAIN ST,,35000,HOUSTON,48201,HARRIS,48,TX,TEXAS,77005,1827,TX-07,TX-07,,,,SINGLE ZIP CODE,USA,UNITED STATES,TX35000,HOUSTON,48201,HARRIS,48,TEXAS,770051827,TX-07,TX-07,,93.859: BIOMEDICAL RESEARCH AND RESEARCH TRAINING,PAR-22-180,"THE NATIONAL INSTITUTE OF GENERAL MEDICAL SCIENCES (NIGMS) SUPPORTS BASIC RESEARCH THAT INCREASES OUR UNDERSTANDING OF BIOLOGICAL PROCESSES AND LAYS THE FOUNDATION FOR ADVANCES IN DISEASE DIAGNOSIS, TREATMENT, AND PREVENTION. NIGMS ALSO SUPPORTS RESEARCH IN SPECIFIC CLINICAL AREAS THAT AFFECT MULTIPLE ORGAN SYSTEMS: ANESTHESIOLOGY AND PERI-OPERATIVE PAIN, CLINICAL PHARMACOLOGY ?COMMON TO MULTIPLE DRUGS AND TREATMENTS, AND INJURY, CRITICAL ILLNESS, SEPSIS, AND WOUND HEALING.? NIGMS-FUNDED SCIENTISTS INVESTIGATE HOW LIVING SYSTEMS WORK AT A RANGE OF LEVELSFROM MOLECULES AND CELLS TO TISSUES AND ORGANSIN RESEARCH ORGANISMS, HUMANS, AND POPULATIONS. ADDITIONALLY, TO ENSURE THE VITALITY AND CONTINUED PRODUCTIVITY OF THE RESEARCH ENTERPRISE, NIGMS PROVIDES LEADERSHIP IN SUPPORTING THE TRAINING OF THE NEXT GENERATION OF SCIENTISTS, ENHANCING THE DIVERSITY OF THE SCIENTIFIC WORKFORCE, AND DEVELOPING RESEARCH CAPACITY THROUGHOUT THE COUNTRY.",04,PROJECT GRANT (B),"NEW FRONTIERS IN THE STREAMLINED SYNTHESIS OF N-UNPROTECTED CHIRAL HETEROCYCLES AND AMINES VIA ORGANO- AND TRANSITION METAL CATALYSIS - PROJECT SUMMARY AMINES AND THEIR DERIVATIVES ARE INDISPENSABLE TO PHARMACEUTICALS, AGROCHEMICALS, MATERIALS SCIENCE, AND NATURAL PRODUCTS. ON AVERAGE, THE TOP 200 BEST-SELLING SMALL MOLECULE DRUGS CONTAIN 2.8 NITROGEN ATOMS, WITH 80% FEATURING AT LEAST ONE N-HETEROCYCLIC FRAGMENT, AND 45% INCLUDING CHIRAL AMINE MOIETIES. THIS UNDERSCORES THE URGENT NEED FOR NEW SYNTHETIC METHODS THAT ENABLE THE RAPID AND EFFICIENT INCORPORATION OF NITROGEN INTO SIMPLE AND COMPLEX MOLECULES ALIKE. CURRENT LIMITATIONS IN C–N BOND-FORMING STRATEGIES RESTRICT THE ABILITY TO EXPLORE NEW NITROGEN-RICH CHEMICAL SPACES, WHICH ARE CRUCIAL FOR DEVELOPING NEXT-GENERATION DRUGS AND BIOLOGICALLY ACTIVE COMPOUNDS. ADDRESSING THESE CHALLENGES REQUIRES GROUNDBREAKING APPROACHES TO NITROGEN TRANSFER THAT ARE MECHANISTICALLY NOVEL, OPERATIONALLY SIMPLE, AND BROADLY APPLICABLE ACROSS DIVERSE SUBSTRATES. THIS PROPOSAL OUTLINES A BOLD AND INNOVATIVE FIVE-YEAR RESEARCH PROGRAM AIMED AT TRANSFORMING THE SYNTHESIS OF NITROGEN-CONTAINING COMPOUNDS BY DEVELOPING PIONEERING AMINATION STRATEGIES. OUR EFFORTS WILL FOCUS ON MECHANISTICALLY DISTINCT PROCESSES THAT ADDRESS UNMET NEEDS IN SYNTHETIC ORGANIC AND MEDICINAL CHEMISTRY. SPECIFICALLY, WE PROPOSE TO: (1) DEVELOP CATALYST-FREE OLEFIN DIFUNCTIONALIZATION METHODS: HARNESSING THE UNIQUE REACTIVITY OF N-ACYL-N-HALO-O-SULFONYL HYDROXYLAMINES, WE WILL ACHIEVE THE DIRECT HALO-HYDROXYLAMINATION OF FEEDSTOCK OLEFINS, ENABLING THE ONE-POT SYNTHESIS OF STRUCTURALLY COMPLEX MULTIFUNCTIONAL HYDROXYLAMINE DERIVATIVES; (2) PIONEER PHOTOCHEMICAL AND CHIRAL ACID-CATALYZED AZIRIDINATION: EXPAND THE SCOPE OF NH- AND N-ALKYL AZIRIDINATION OF ISOLATED AND CONJUGATED OLEFINS BY LEVERAGING PHOTOCHEMICALLY GENERATED NITRENOIDS AND CHIRAL ACID CATALYSIS, INTRODUCING NEW AVENUES FOR STEREOSELECTIVE AND REGIOSELECTIVE NITROGEN TRANSFER; (3) EXPLORE NON-CATALYTIC AND CATALYTIC COMPLEXITY-BUILDING TRANSFORMATIONS: UTILIZE STRUCTURALLY DIVERSE CYCLIC AND ACYCLIC O-ACTIVATED HYDROXYLAMINES AND OXIMES AS ELECTROPHILIC AMINATING AGENTS TO ACHIEVE COMPLEXITY- BUILDING TRANSFORMATIONS UNDER MILD, CATALYST-FREE, AND METAL-CATALYZED CONDITIONS; (4) ESTABLISH SCAFFOLD- AND FUNCTIONAL GROUP-HOPPING REACTIONS: DESIGN EXTERNAL-OXIDANT-FREE NITROGEN INSERTIONS INTO HETEROARENES, ENAMINES, AND ENOL ETHERS, ENABLING THE CREATION OF NEW CHEMICAL SCAFFOLDS WITH BROAD UTILITY IN DRUG DISCOVERY. EACH PROPOSED METHOD REPRESENTS A SIGNIFICANT DEPARTURE FROM TRADITIONAL APPROACHES, OFFERING INNOVATIVE SOLUTIONS TO LONGSTANDING CHALLENGES IN NITROGEN-TRANSFER CHEMISTRY. BY UNCOVERING THE MECHANISTIC FOUNDATIONS OF THESE REGIO-, STEREO-, AND CHEMOSELECTIVE PROCESSES, WE WILL DEFINE NEW PARADIGMS IN C–N BOND FORMATION. THE OPERATIONAL SIMPLICITY AND SCALABILITY OF THESE TRANSFORMATIONS WILL ACCELERATE THEIR ADOPTION BY SYNTHETIC AND MEDICINAL CHEMISTRY COMMUNITIES, ENSURING LASTING IMPACT. THIS RESEARCH WILL ADVANCE BOTH THE FUNDAMENTAL UNDERSTANDING AND PRACTICAL APPLICATION OF AMINATION CHEMISTRY, BRIDGING THE GAP BETWEEN ACADEMIC DISCOVERY AND INDUSTRIAL INNOVATION. THESE EFFORTS WILL PROVIDE TRANSFORMATIVE TOOLS TO EXPLORE UNCHARTED NITROGENOUS CHEMICAL SPACES, CATALYZING PROGRESS IN ORGANIC SYNTHESIS, CHEMICAL BIOLOGY, AND DRUG DEVELOPMENT.",NON,NOT RECOVERY ACT,O,PRIVATE INSTITUTION OF HIGHER EDUCATION,2,NON-AGGREGATE RECORD,,,,,,,,,,,https://www.usaspending.gov/award/ASST_NON_R35GM161793_075/,2026-03-05 22:04:43.296484+00
ASST_NON_UG3AG098023_075,UG3AG098023,UG3AG098023-3286631759,SAI UNAVAILABLE,,,,,,2026-03-03,2026,2644490.00,,240408.00,0.00,2644490.00,0.00,0.00,2026-03-03,2026,2026-02-15,2028-03-15,075,Department of Health and Human Services,7529,National Institutes of Health,75NN00,NIH National Insitute on Aging,075,Department of Health and Human Services,7529,National Institutes of Health,75NN00,NIH National Insitute on Aging,,,,,JHVKQN55S7Y5,,"ARTERY THERAPEUTICS, INC.","ARTERY THERAPEUTICS, INC.",,,,USA,UNITED STATES,10 DUBERSTEIN DR,,68378,SAN RAMON,06013,CONTRA COSTA,06,CA,CALIFORNIA,94583,2691,CA-10,CA-10,,,,SINGLE ZIP CODE,USA,UNITED STATES,CA68378,SAN RAMON,06013,CONTRA COSTA,06,CALIFORNIA,945832691,CA-10,CA-10,,93.866: AGING RESEARCH,PAR-25-226,"<P>TO ENCOURAGE BIOMEDICAL, SOCIAL, AND BEHAVIORAL RESEARCH AND RESEARCH TRAINING DIRECTED TOWARD GREATER UNDERSTANDING OF THE AGING PROCESS AND THE DISEASES, SPECIAL PROBLEMS, AND NEEDS OF PEOPLE AS THEY AGE.</P>",05,COOPERATIVE AGREEMENT (B),"CS6253 SEQUENTIAL SUBCUTANEOUS PHARMACOKINETIC STUDY FOLLOWED BY PHASE 2A PLACEBO-CONTROLLED TRIAL WITH THREE FIXED DOSES IN APOE4 MCI AND AD PATIENTS TO ASSESS SAFETY, PK, AND BIOMARKER EFFECTS - PROJECT SUMMARY ARTERY THERAPEUTICS, INC. (ATI) IS DEVELOPING CS6253, A HIGHLY DIFFERENTIATED, CHOLESTEROL-TRANSPORT FOCUSED TREATMENT FOR THE INDICATION OF HEREDITARY APOE4-ASSOCIATED DEMENTIA INCLUDING MCI-AD, TARGETING THE ATP- BINDING-CASSETTE-TRANSPORTER A1 (ABCA1). WE NOW PROPOSE TWO SEQUENTIAL CS6253 STUDIES TO DELINEATE MECHANISM AND SHOW PROOF OF CONCEPT (POC) IN HOMOZYGOUS APOE4 EARLY AD PATIENTS. IN THE RECENTLY PERFORMED PHASE 1 SAD-MAD STUDY IN HEALTHY MEN AND WOMEN CS6253 SHOWED FAVORABLE SAFETY/TOLERABILITY AND PHARMACOKINETICS (PK), APOE TARGET ENGAGEMENT AND AN AMYLOID-CLEARANCE SIGNAL CONSISTENT WITH PREVIOUS MOUSE MODEL (BOEHM, 2016) AND PRIMATE (NOVEIR, 2022) STUDIES. IN THE PHASE 1 STUDY WE ALSO PERFORMED AN EXPLORATORY IV-SC BIOEQUIVALENCE SUB-STUDY SHOWING THAT A SINGLE CS6253 SC BOLUS INJECTION OF 1 MG/KG WAS SAFE WITH A 79% BIOAVAILABILITY (COMPARED TO IV INJECTION) AND WITHIN THE EXPOSURE RANGE OF THE SUCCESSFUL TARGETED REPLACEMENT MICE STUDIES (BOEHM, 2016). WE NOW NEED TO SHOW THAT MULTIPLE-FOLD HIGHER EXPOSURE LEVELS CAN BE REACHED BY SC ROUTE OF ADMINISTRATION PRIOR TO COMMENCING PHASE 2A MECHANISM/PROOF OF CONCEPT (POC) STUDIES, COVERING A WIDER EXPOSURE RANGE, TO EVALUATE SAFETY, PK, AND PHARMACODYNAMICS (PD) EFFECTS. THUS, OUR OBJECTIVES ARE TO PERFORM A SUBCUTANEOUS (SC) INJECTION PK FEASIBILITY STUDY WITH THE ABCA1 AGONIST CS6253, AND PROVIDED PRESPECIFIED DRUG EXPOSURE SUCCESS CRITERIA ARE MET, THEN PERFORM A 28-DAY PHASE 2A MECHANISM/POC STUDY IN 48 APOE4-CARRIERS WITH MILD COGNITIVE IMPAIRMENT (MCI), OF WHICH HALF ARE HOMOZYGOUS, TO ASSESS SAFETY, TOLERANCE, PK, PLASMA AND CSF BIOMARKER EFFECTS. WE WILL ASSESS;  1) CS6253’S ABCA1 TARGET ENGAGEMENT BY FOLLOWING CHANGE IN CSF AND PLASMA APOE (TOTAL AND ISOMER  SPECIFIC PROTEIN AND GLYCOSYLATION LEVELS) AND LIPIDATION (PRIMARY EFFECT);  2) TEST AMYLOID-CLEARANCE HYPOTHESIS BY FOLLOWING CSF AND PLASMA AΒ42, AΒ40, AΒ42/40-RATIO (SECONDARY);  3) ABCA1 CHOLESTEROL-TRANSPORT SALUTARY EFFECTS BY FOLLOWING PLASMA AND CSF CHANGES IN P-TAU 181, 217,  231, GFAP, NFL, AND TREM2 (TERTIARY);  4) EXPLORE DIRECT VS INDIRECT CS6253 EFFECT BY ASSESSING UPREGULATION OF NATURAL ABCA1 AGONISTS AS APOE  AND SMALL APOA-I PARTICLES IN PLASMA AND CSF (EXPLORATORY);  5) INFORM ON OPTIMAL DOSING-REGIMEN, PATIENT POPULATION (HOMOZYGOUS VS HETEROZYGOUS) AND POWER FOR  SUBSEQUENT PHASE 2-3 STUDIES (TRIAL PREPARATORY). WITH A POSITIVE OUTCOME FROM THESE IMPORTANT STUDIES IN THE APOE4 CARRIER PATIENT POPULATION THE NEXT REGULATORY- CLINICAL DEVELOPMENT STEPS ARE TO PROPOSE BREAKTHROUGH DESIGNATION WITH THE FDA AND ASSESS CS6253 EFFECTS ON COGNITION IN A PHASE 2-3, 9 MONTH RANDOMIZED CONTROLLED TRIAL (RCT) IN HOMOZYGOUS APOE4 CARRIERS WITH AD/ADRD.",NON,NOT RECOVERY ACT,R,SMALL BUSINESS,2,NON-AGGREGATE RECORD,,,,,,,,,,,https://www.usaspending.gov/award/ASST_NON_UG3AG098023_075/,2026-03-05 22:04:43.296484+00
ASST_NON_12CCCEAUCEU5023211_012,12CCCEAUCEU5023211,,SAI EXEMPT,,,,,,2026-03-05,2026,8231.73,,,,8231.73,0.00,0.00,2026-03-05,2026,,,012,Department of Agriculture,12D2,Farm Service Agency,12346T,Deputy Administrator Farm Programs,012,Department of Agriculture,12D2,Farm Service Agency,12346T,Deputy Administrator Farm Programs,,,,,EGQHFAGUTXK4,,HAMRICK MILLS,HAMRICK MILLS,EGQHFAGUTXK4,,HAMRICK MILLS,USA,UNITED STATES,P.O. BOX 48,,28060,GAFFNEY,45021,CHEROKEE,45,SC,SOUTH CAROLINA,29342,0048,SC-05,SC-05,,,,SINGLE ZIP CODE,USA,UNITED STATES,SC28060,GAFFNEY,45021,CHEROKEE,45,SOUTH CAROLINA,29342-0048,SC-05,SC-05,,10.051: COMMODITY LOANS AND LOAN DEFICIENCY PAYMENTS,,,06,"DIRECT PAYMENT FOR SPECIFIED USE, AS A SUBSIDY OR OTHER NON-REIMBURSABLE DIRECT FINANCIAL AID (C)",ECONOMIC ADJUSTMENT ASSISTANCE TO USERS OF UPLAND COTTON,NON,NOT RECOVERY ACT,X,OTHER,2,NON-AGGREGATE RECORD,,,,,,,,,,,https://www.usaspending.gov/award/ASST_NON_12CCCEAUCEU5023211_012/,2026-03-06 19:20:01.101823+00
ASST_NON_12CCCEAUCEU5124211_012,12CCCEAUCEU5124211,,SAI EXEMPT,,,,,,2026-03-05,2026,59357.32,,,,59357.32,0.00,0.00,2026-03-05,2026,,,012,Department of Agriculture,12D2,Farm Service Agency,12346T,Deputy Administrator Farm Programs,012,Department of Agriculture,12D2,Farm Service Agency,12346T,Deputy Administrator Farm Programs,,,,,WPBKSN26L4T9,,BARNHARDT MANUFACTURING COMPANY,BARNHARDT MANUFACTURING COMPANY,WPBKSN26L4T9,,BARNHARDT MANUFACTURING COMPANY,USA,UNITED STATES,P.O. BOX 34276,,12000,CHARLOTTE,37119,MECKLENBURG,37,NC,NORTH CAROLINA,28234,4276,NC-12,NC-14,,,,SINGLE ZIP CODE,USA,UNITED STATES,NC12000,CHARLOTTE,37119,MECKLENBURG,37,NORTH CAROLINA,28234-4276,NC-12,NC-14,,10.051: COMMODITY LOANS AND LOAN DEFICIENCY PAYMENTS,,,06,"DIRECT PAYMENT FOR SPECIFIED USE, AS A SUBSIDY OR OTHER NON-REIMBURSABLE DIRECT FINANCIAL AID (C)",ECONOMIC ADJUSTMENT ASSISTANCE TO USERS OF UPLAND COTTON,NON,NOT RECOVERY ACT,X,OTHER,2,NON-AGGREGATE RECORD,,,,,,,,,,,https://www.usaspending.gov/award/ASST_NON_12CCCEAUCEU5124211_012/,2026-03-06 19:20:01.101823+00
ASST_NON_693JJ32640092_069,693JJ32640092,,,,,,,,2026-03-05,2026,336000.00,,0.00,84000.00,420000.00,0.00,0.00,2026-03-05,2026,2026-03-05,2028-09-04,069,Department of Transportation,6925,Federal Highway Administration,693JJ3,693JJ3 ACQUISITION AND GRANTS MGT,069,Department of Transportation,6925,Federal Highway Administration,693JH9,FHWA OFFICE OF SAFETY,,,,,M8MGDTLR8AP3,,CITY OF COVINA,CITY OF COVINA,,,,USA,UNITED STATES,125 E COLLEGE ST,,16742,COVINA,06037,LOS ANGELES,06,CA,CALIFORNIA,91723,2129,CA-31,CA-31,,,,CITY-WIDE,USA,UNITED STATES,CA16742,COVINA,06037,LOS ANGELES,06,CALIFORNIA,CITY-WIDE,CA-31,CA-31,,20.939: SAFE STREETS AND ROADS FOR ALL,DOT-SS4A-FY24-01,"THE PURPOSE OF SS4A GRANTS IS TO IMPROVE ROADWAY SAFETY BY SIGNIFICANTLY REDUCING OR ELIMINATING ROADWAY FATALITIES AND SERIOUS INJURIES THROUGH SAFETY ACTION PLAN DEVELOPMENT AND REFINEMENT AND IMPLEMENTATION FOCUSED ON ALL USERS, INCLUDING PEDESTRIANS, BICYCLISTS, PUBLIC TRANSPORTATION USERS, MOTORISTS, PERSONAL CONVEYANCE AND MICROMOBILITY USERS, AND COMMERCIAL VEHICLE OPERATORS. THE PROGRAM PROVIDES FUNDING TO DEVELOP THE TOOLS TO HELP STRENGTHEN A COMMUNITYS APPROACH TO ROADWAY SAFETY AND SAVE LIVES AND IS DESIGNED TO MEET THE NEEDS OF DIVERSE LOCAL, TRIBAL, AND REGIONAL COMMUNITIES THAT DIFFER DRAMATICALLY IN SIZE, LOCATION, AND EXPERIENCE ADMINISTERING FEDERAL FUNDING.",04,PROJECT GRANT (B),DEVELOP A SAFETY ACTION PLAN FOR THE CITY OF COVINA,NON,NOT RECOVERY ACT,C,CITY OR TOWNSHIP GOVERNMENT,2,NON-AGGREGATE RECORD,,,,,,,,,,,https://www.usaspending.gov/award/ASST_NON_693JJ32640092_069/,2026-03-06 20:31:37.958052+00
ASST_NON_693JJ32640209_069,693JJ32640209,,,,,,,,2026-03-03,2026,3792576.00,,0.00,0.00,3792576.00,0.00,0.00,2026-03-03,2026,2026-03-03,2030-03-03,069,Department of Transportation,6925,Federal Highway Administration,693JJ3,693JJ3 ACQUISITION AND GRANTS MGT,069,Department of Transportation,6925,Federal Highway Administration,693JH9,FHWA OFFICE OF SAFETY,,,,,LAAEVJKDAWJ3,,METROPOLITAN AREA PLANNING COUNCIL,METROPOLITAN AREA PLANNING COUNCIL,,,,USA,UNITED STATES,60 TEMPLE PL FL 6,,07000,BOSTON,25025,SUFFOLK,25,MA,MASSACHUSETTS,02111,,MA-08,MA-07,,,,CITY-WIDE,USA,UNITED STATES,MA07000,BOSTON,25025,SUFFOLK,25,MASSACHUSETTS,CITY-WIDE,MA-08,MA-90,,20.939: SAFE STREETS AND ROADS FOR ALL,DOT-SS4A-FY24-01,"THE PURPOSE OF SS4A GRANTS IS TO IMPROVE ROADWAY SAFETY BY SIGNIFICANTLY REDUCING OR ELIMINATING ROADWAY FATALITIES AND SERIOUS INJURIES THROUGH SAFETY ACTION PLAN DEVELOPMENT AND REFINEMENT AND IMPLEMENTATION FOCUSED ON ALL USERS, INCLUDING PEDESTRIANS, BICYCLISTS, PUBLIC TRANSPORTATION USERS, MOTORISTS, PERSONAL CONVEYANCE AND MICROMOBILITY USERS, AND COMMERCIAL VEHICLE OPERATORS. THE PROGRAM PROVIDES FUNDING TO DEVELOP THE TOOLS TO HELP STRENGTHEN A COMMUNITY S APPROACH TO ROADWAY SAFETY AND SAVE LIVES AND IS DESIGNED TO MEET THE NEEDS OF DIVERSE LOCAL, TRIBAL, AND REGIONAL COMMUNITIES THAT DIFFER DRAMATICALLY IN SIZE, LOCATION, AND EXPERIENCE ADMINISTERING FEDERAL FUNDING.",04,PROJECT GRANT (B),THE PROJECT WILL BE IN THREE PHASES. THE BOSTON REGION MPO WILL CONDUCT SUPPLEMENTAL PLANNING ACTIVITIES AND DESIGN DEMONSTRATION PROJECTS IN PARTNERSHIP WITH MUNICIPALITIES. THE DEMONSTRATION PROJECTS WILL BE IMPLEMENTED AND TESTED TO ADDRESS KNOWN HIGH CRASH AND HIGH-RISK LOCATIONS.,NON,NOT RECOVERY ACT,E,REGIONAL ORGANIZATION,2,NON-AGGREGATE RECORD,ELIZABETH  WEYANT,211781.00,ANNA  COLE,156000.00,MARJORIE  WEINBERGER,155888.00,JESSIE  PARTRIDGE,142768.00,ERIC  BOURASSA,135499.00,https://www.usaspending.gov/award/ASST_NON_693JJ32640209_069/,2026-03-06 20:31:37.958052+00
ASST_NON_693JJ32640408_069,693JJ32640408,,,,,,,,2026-03-05,2026,2000000.00,,0.00,500000.00,2500000.00,0.00,0.00,2026-03-05,2026,2026-03-05,2028-09-30,069,Department of Transportation,6925,Federal Highway Administration,693JJ3,693JJ3 ACQUISITION AND GRANTS MGT,069,Department of Transportation,6925,Federal Highway Administration,693JH7,"FHWA OFC OF PLANNING, ENVIRONMENT",,,,,F3GKKFFDPQR3,,CITY OF DAYTON,CITY OF DAYTON,,,CITY OF DAYTON,USA,UNITED STATES,101 W 3RD ST,,21000,DAYTON,39113,MONTGOMERY,39,OH,OHIO,45402,1814,OH-10,OH-10,,,,CITY-WIDE,USA,UNITED STATES,OH21000,DAYTON,39113,MONTGOMERY,39,OHIO,CITY-WIDE,OH-10,OH-10,,20.940: RECONNECTING COMMUNITIES PILOT (RCP) DISCRETIONARY GRANT PROGRAM,DOT-RCP-FY24-01,"BIL PROJECTS FUNDED BY THE RCP PROGRAM ADVANCE COMMUNITY-CENTERED TRANSPORTATION CONNECTION PROJECTS. RCP PROGRAM FOCUSES ON IMPROVING ACCESS TO DAILY NEEDS SUCH AS JOBS, EDUCATION, HEALTHCARE, FOOD, NATURE, AND RECREATION.",04,PROJECT GRANT (B),"THE REVIVE 35 PROJECT SEEKS TO ADDRESS PERSISTENT DISPARITIES EXACERBATED BY THE CONSTRUCTION OF ROUTE US-35 THROUGH THE CENTER OF DAYTON, BIFURCATING COMMUNITIES AND PRECIPITATING YEARS OF ECONOMIC DECLINE. THE PROPOSED PLANNING PROJECT WILL DIRECTLY ENGAGE RESIDENTS, COMMUNITY LEADERS, AND KEY STAKEHOLDERS IN IMPACTED AREAS AND DEVELOP SOLUTIONS TO ADDRESS THE MARKED INEQUITIES DEEPENED BY THE CONSTRUCTION OF US-35. THE PROPOSED PLANNING STUDY WILL REVIEW AND REDESIGN THE CONFIGURATION OF THE US-35 CORRIDOR, INCLUDING AT-GRADE INTERSECTIONS, INTERCHANGES, AND RELATED ROADWAYS, TO EXPLORE THE POSSIBILITY OF REMOVING, RETROFITTING, OR ADDRESSING ELEMENTS THAT HINDER MOBILITY, SAFETY, AND CONTRIBUTE TO ENVIRONMENTAL AND PUBLIC HEALTH ISSUES.",NON,NOT RECOVERY ACT,C,CITY OR TOWNSHIP GOVERNMENT,2,NON-AGGREGATE RECORD,,,,,,,,,,,https://www.usaspending.gov/award/ASST_NON_693JJ32640408_069/,2026-03-06 20:31:37.958052+00
ASST_NON_693JJ32640415_069,693JJ32640415,,,,,,,,2026-03-05,2026,1107700.00,,0.00,278700.00,1386400.00,0.00,0.00,2026-03-05,2026,2026-03-05,2028-06-30,069,Department of Transportation,6925,Federal Highway Administration,693JJ3,693JJ3 ACQUISITION AND GRANTS MGT,069,Department of Transportation,6925,Federal Highway Administration,693JH7,"FHWA OFC OF PLANNING, ENVIRONMENT",,,,,N669DP1XJCH6,,CITY OF TOLEDO,TOLEDO OH CITY OF,,,CITY OF TOLEDO,USA,UNITED STATES,1 GOVERNMENT CTR STE 2000,,77000,TOLEDO,39095,LUCAS,39,OH,OHIO,43604,2284,OH-09,OH-09,,,,CITY-WIDE,USA,UNITED STATES,OH77000,TOLEDO,39095,LUCAS,39,OHIO,CITY-WIDE,OH-09,OH-09,,20.940: RECONNECTING COMMUNITIES PILOT (RCP) DISCRETIONARY GRANT PROGRAM,DOT-RCP-FY24-01,"BIL PROJECTS FUNDED BY THE RCP PROGRAM ADVANCE COMMUNITY-CENTERED TRANSPORTATION CONNECTION PROJECTS. RCP PROGRAM FOCUSES ON IMPROVING ACCESS TO DAILY NEEDS SUCH AS JOBS, EDUCATION, HEALTHCARE, FOOD, NATURE, AND RECREATION.",04,PROJECT GRANT (B),"THE SWAN CREEK GREENWAY PLANNING PROJECT WILL SUPPORT PLANNING, DESIGN, AND COMMUNITY ENGAGEMENT ACTIVITIES FOR A MULTI-USE TRAIL ALONG SWAN CREEK IN TOLEDO, OHIO TO RECONNECT THE DISADVANTAGED JUNCTION NEIGHBORHOOD TO DOWNTOWN TOLEDO. THE CONSTRUCTION OF INTERSTATE 75 IN THE 1960S DISPLACED JUNCTION RESIDENTS AND CUT OFF THE NEIGHBORHOOD FROM DOWNTOWN. THIS PROJECT'S PLANNING, DESIGN, AND COMMUNITY ENGAGEMENT ACTIVITIES WILL ADVANCE THE DEVELOPMENT OF THE PROPOSED GREENWAY, WHICH HAS BEEN IDENTIFIED AS A PRIORITY IN NEIGHBORHOOD PLANNING EFFORTS, WILL IMPROVE MOBILITY AND CONNECTIVITY TO JOBS AND ECONOMIC OPPORTUNITY, ADDRESS ENVIRONMENTAL BURDENS, AND IMPROVE QUALITY OF LIFE FOR JUNCTION RESIDENTS.",NON,NOT RECOVERY ACT,C,CITY OR TOWNSHIP GOVERNMENT,2,NON-AGGREGATE RECORD,,,,,,,,,,,https://www.usaspending.gov/award/ASST_NON_693JJ32640415_069/,2026-03-06 20:31:37.958052+00
ASST_NON_SWZ60026IN0004_019,SWZ60026IN0004,,SAIEXEMPT,,,,,,2026-03-06,2026,75.00,,0.00,,75.00,0.00,0.00,2026-03-06,2026,2026-03-11,2026-03-12,019,Department of State,1900,Department of State,19WZ60,U.S. EMBASSY MBABANE,019,Department of State,1900,Department of State,19XAF0,BUREAU OF AFRICAN AFFAIRS,,,,,,,INDIVIDUAL RECIPIENT,INDIVIDUAL RECIPIENT,,,,SWZ,ESWATINI,MASKED DUE TO PII,,,,,,,,,,,,,MBABANE,,,FOREIGN,SWZ,ESWATINI,00FORGN,,,,,,,,,//SWZ,19.022: EDUCATIONAL AND CULTURAL EXCHANGE PROGRAMS APPROPRIATION OVERSEAS GRANTS,NOT APPLICABLE,NOT APPLICABLE,04,PROJECT GRANT (B),DESCRIPTION MASKED FOR PII PURPOSES,NON,NOT RECOVERY ACT,P,INDIVIDUAL,2,NON-AGGREGATE RECORD,,,,,,,,,,,https://www.usaspending.gov/award/ASST_NON_SWZ60026IN0004_019/,2026-03-06 19:02:04.447262+00
ASST_NON_SWZ60026IN0006_019,SWZ60026IN0006,,SAIEXEMPT,,,,,,2026-03-06,2026,75.00,,0.00,,75.00,0.00,0.00,2026-03-06,2026,2026-03-11,2026-03-13,019,Department of State,1900,Department of State,19WZ60,U.S. EMBASSY MBABANE,019,Department of State,1900,Department of State,19XAF0,BUREAU OF AFRICAN AFFAIRS,,,,,,,INDIVIDUAL RECIPIENT,INDIVIDUAL RECIPIENT,,,,SWZ,ESWATINI,MASKED DUE TO PII,,,,,,,,,,,,,MBABANE,,,FOREIGN,SWZ,ESWATINI,00FORGN,,,,,,,,,//SWZ,19.022: EDUCATIONAL AND CULTURAL EXCHANGE PROGRAMS APPROPRIATION OVERSEAS GRANTS,NOT APPLICABLE,NOT APPLICABLE,04,PROJECT GRANT (B),DESCRIPTION MASKED FOR PII PURPOSES,NON,NOT RECOVERY ACT,P,INDIVIDUAL,2,NON-AGGREGATE RECORD,,,,,,,,,,,https://www.usaspending.gov/award/ASST_NON_SWZ60026IN0006_019/,2026-03-06 19:02:04.447262+00
ASST_NON_SWZ60026IN0008_019,SWZ60026IN0008,,SAIEXEMPT,,,,,,2026-03-06,2026,75.00,,0.00,,75.00,0.00,0.00,2026-03-06,2026,2026-03-11,2026-03-13,019,Department of State,1900,Department of State,19WZ60,U.S. EMBASSY MBABANE,019,Department of State,1900,Department of State,19XAF0,BUREAU OF AFRICAN AFFAIRS,,,,,,,INDIVIDUAL RECIPIENT,INDIVIDUAL RECIPIENT,,,,SWZ,ESWATINI,MASKED DUE TO PII,,,,,,,,,,,,,MBABANE,,,FOREIGN,SWZ,ESWATINI,00FORGN,,,,,,,,,//SWZ,19.022: EDUCATIONAL AND CULTURAL EXCHANGE PROGRAMS APPROPRIATION OVERSEAS GRANTS,NOT APPLICABLE,NOT APPLICABLE,04,PROJECT GRANT (B),DESCRIPTION MASKED FOR PII PURPOSES,NON,NOT RECOVERY ACT,P,INDIVIDUAL,2,NON-AGGREGATE RECORD,,,,,,,,,,,https://www.usaspending.gov/award/ASST_NON_SWZ60026IN0008_019/,2026-03-06 19:02:04.447262+00
ASST_NON_26VITA0117_020,26VITA0117,,SAI EXEMPT,,,,,,2026-03-06,2026,174000.00,,26100.00,,174000.00,0.00,0.00,2026-03-06,2026,2025-10-01,2026-09-30,020,Department of the Treasury,2050,Internal Revenue Service,2031HS,WAGE AND INVESTMENT,020,Department of the Treasury,2050,Internal Revenue Service,2031HS,WAGE AND INVESTMENT,,,,,WNLZLSAA2H23,,"UNITED WAY SUNCOAST, INC.","UNITED WAY SUNCOAST, INC.",WNLZLSAA2H23,,"UNITED WAY SUNCOAST, INC.",USA,UNITED STATES,4925 INDEPENDENCE PKWY STE 120,,71000,TAMPA,12057,HILLSBOROUGH,12,FL,FLORIDA,33634,7548,FL-14,FL-14,,,,STATE-WIDE,USA,UNITED STATES,FL*****,,,,12,FLORIDA,,FL-90,,,21.009: VOLUNTEER INCOME TAX ASSISTANCE (VITA) MATCHING GRANT PROGRAM,VITA-2026-001,THE VITA GRANT REQUIRES GRANT RECIPIENTS TO SERVE LOW-TO-MODERATE-INCOME TAXPAYERS IN UNDERSERVED POPULATIONS AT NO CHARGE FOR THE TAXPAYER.  ORGANIZATIONS WILL RECRUIT AND TRAIN VOLUNTEERS TO HELP OPERATE THEIR PROGRAM AND PREPARE FEDERAL TAX RETURNS FOR TAXPAYERS.,04,PROJECT GRANT (B),"PURPOSE:  THE VOLUNTEER INCOME TAX ASSISTANCE (VITA) GRANT WAS ESTABLISHED AS A MATCHING GRANT PROGRAM TO PROVIDE FUNDING FOR ORGANIZATIONS WHO SUPPORT COMMUNITY VOLUNTEER INCOME TAX ASSISTANCE.
ACTIVITIES TO BE PERFORMED:  THE VITA GRANT PROGRAM PROVIDES FINANCIAL SUPPORT TO ORGANIZATIONS WHO 1) EXTEND SERVICES TO UNDERSERVED POPULATIONS IN HARDEST TO REACH AREAS BOTH URBAN AND NON-URBAN; 2) INCREASE THE CAPACITY TO FILE RETURNS ELECTRONICALLY; 3) HEIGHTEN QUALITY CONTROL; 4) ENHANCE TRAINING OF VOLUNTEERS; AND 5) SIGNIFICANTLY IMPROVE THE ACCURACY RATE OF RETURNS PREPARED AT VITA SITES.
END GOAL/EXPECTED OUTCOMES: VITA GRANT RECIPIENTS ARE EXPECTED TO 1) FOLLOW EXISTING GUIDANCE GOVERNING VITA SITE OPERATIONS; 2) ENSURE AT LEAST 90% OF RETURNS PREPARED ARE FOR INDIVIDUALS WHOSE INCOME IS EQUAL TO OR LESS THAN THE MAXIMUM EARNED INCOME TAX CREDIT (EITC) THRESHOLDS; 2) FILE ALL ELIGIBLE RETURNS ELECTRONICALLY; 3) ACHIEVE 100% OF THEIR RETURN PRODUCTION GOALS; 4) BECOME MORE EFFICIENT WITH GRANT FUNDS; AND 5) SHOW INCREMENTAL INCREASES IN RETURN PREPARATION EACH YEAR.
INTENDED BENEFICIARIES:  TAXPAYERS WHO ARE LOW TO MODERATE INCOME INDIVIDUALS, PERSONS WITH DISABILITIES, THOSE FOR WHOM ENGLISH IS A SECOND LANGUAGE, NATIVE AMERICANS, INDIVIDUALS LIVING IN RURAL AREAS, MEMBERS OF THE ARMED FORCES AND THEIR FAMILIES, AND THE ELDERLY. 
SUBRECIPIENT ACTIVITIES: SUBRECIPIENTS MAY BE UTILIZED BY GRANT RECIPIENTS TO HELP DELIVER KEY ELEMENTS OF THE PROGRAM AND MUST ADHERE TO GRANT PROGRAM GUIDELINES.  BROADBAND: SPECIFIC ACTIVITIES RELATING TO BROADBAND USAGE ARE NOT KNOWN AT THE TIME OF AWARD.",NON,NOT RECOVERY ACT,M,NONPROFIT WITH 501C3 IRS STATUS (OTHER THAN AN INSTITUTION OF HIGHER EDUCATION),2,NON-AGGREGATE RECORD,,,,,,,,,,,https://www.usaspending.gov/award/ASST_NON_26VITA0117_020/,2026-03-09 12:50:00.524153+00
ASST_NON_CA-2026-022_069,CA-2026-022,CA-2026-022-00-20.507,SAI EXEMPT,,,,,,2026-03-04,2026,104000000.00,,102202223.00,26000000.00,130000000.00,0.00,0.00,2026-03-04,2026,2026-03-04,2026-06-30,069,Department of Transportation,6955,Federal Transit Administration,699J58,REGION 9 DOT  FTA,069,Department of Transportation,6955,Federal Transit Administration,693JJ8,OFFICE OF BUDGET AND POLICY(TBP),,,,,C2BXZ6YF52A5,,LOS ANGELES COUNTY METROPOLITAN TRANSPORTATION AUTHORITY,LOS ANGELES COUNTY METROPOLITAN TRANSPORTATION AUTHORITY,,,,USA,UNITED STATES,1 GATEWAY PLZ,N/A,44000,LOS ANGELES,06037,LOS ANGELES,06,CA,CALIFORNIA,90012,0000,CA-34,CA-34,,,,STATE-WIDE,USA,UNITED STATES,CA*****,,,,06,CALIFORNIA,,CA-90,,,20.507: FEDERAL TRANSIT FORMULA GRANTS,NOT APPLICABLE,NOT APPLICABLE,03,FORMULA GRANT (A),APPLICATION PURPOSE: THE PURPOSE OF THIS AWARD IS TO FULLY FUND ONE YEAR OF BUS PREVENTIVE MAINTENANCE FOR LACMTA TO ASSIST IT IN FIXED ROUTE TRANSIT OPERATIONS DURING THE PERIOD OF 7/1/2024 TO 6/302025.; ACTIVITIES PERFORMED: FUNDS WILL BE USED TO COVER ELIGIBLE BUS PREVENTIVE MAINTENANCE ACTIVITIES FOR VEHICLES.; EXPECTED OUTCOMES: THE PREVENTIVE MAINTENANCE IS ESSENTIAL TO THE SAFE AND EFFICIENT OPERATIONS OF METROS VEHICLE FLEET. IT WILL REDUCE ACCIDENTS DOWNTIME AND MAINTENANCE COSTS AS WELL AS IMPROVE DRIVER MORALE AND PUBLIC RELATIONS.; INTENDED BENEFICIARIES: BUS AND RAIL RIDERS INCLUDING SENIORS PERSONS WITH DISABILITIES LOW-INCOME AND TRANSIT-DEPENDENT INDIVIDUALS AND THOSE WHO DO NOT HAVE ALTERNATIVE OPTIONS FOR ESSENTIAL TRIPS.; SUBRECIPIENT ACTIVITIES: LACMTA DOES NOT INTEND TO SUBAWARD FUNDS.,NON,NOT RECOVERY ACT,X,OTHER,2,NON-AGGREGATE RECORD,,,,,,,,,,,https://www.usaspending.gov/award/ASST_NON_CA-2026-022_069/,2026-03-09 19:36:34.095465+00
ASST_NON_CA-2026-030_069,CA-2026-030,CA-2026-030-00-20.534,SAI EXEMPT,,,,,,2026-03-04,2026,500000.00,,274572.00,125000.00,625000.00,0.00,0.00,2026-03-04,2026,2026-03-04,2027-06-30,069,Department of Transportation,6955,Federal Transit Administration,699J58,REGION 9 DOT  FTA,069,Department of Transportation,6955,Federal Transit Administration,693JJ8,OFFICE OF BUDGET AND POLICY(TBP),,,,,GSL6KW4Z5UE1,,CITY & COUNTY OF SAN FRANCISCO,CITY COUNTY OF SAN FRANCISCO,,,,USA,UNITED STATES,1 S VAN NESS AVE FL 8,N/A,67000,SAN FRANCISCO,06075,SAN FRANCISCO,06,CA,CALIFORNIA,94103,5418,CA-11,CA-11,,,,STATE-WIDE,USA,UNITED STATES,CA*****,,,,06,CALIFORNIA,,CA-90,,,20.534: COMMUNITY PROJECT FUNDING CONGRESSIONALLY DIRECTED SPENDING,NOT APPLICABLE,COMMUNITY PROJECT FUNDING IS APPROPRIATED AND ALLOCATED AT THE DISCRETION OF CONGRESS TO SPECIFIC PROJECTS AND FOR SPECIFIC PURPOSES - I.E. CONGRESSIONALLY DIRECTED SPENDING.,04,PROJECT GRANT (B),APPLICATION PURPOSE: THE SFMTA ALONG WITH THE DEPARTMENT OF PUBLIC WORKS WILL USE $500000 FY2024 COMMUNITY PROJECT FUNDING TO REDESIGN AND ENHANCE THE HARVEY MILK PLAZA TO IMPROVE ACCESS SECURITY AND SAFETY THROUGHOUT THE SITE WHILE HONORING THE LEGACY OF HARVEY MILK.; ACTIVITIES PERFORMED: COMPREHENSIVE DESIGN OF THE SITE; NEW DESIGN FOR THE GRADES ACCESSIBILITY FINISH MATERIALS AND LIGHTING WITH IMPROVED WAYFINDING FEATURES; DESIGN FOR ACCESSIBILITY AND CIRCULATION; DESIGN NEW LIGHTING TO IMPROVE SAFETY AND NIGHTTIME VISIBILITY; DESIGN ENHANCED MEMORIAL ELEMENTS.; EXPECTED OUTCOMES: A RECONFIGURED HARVEY MILK PLAZA WITH ENHANCED SAFETY AND ACCESSIBILITY FOR ALL USERS. A VIBRANT AND INCLUSIVE CIVIC SPACE THAT SERVES AS BOTH A FUNCTIONAL TRANSIT HUB AND A PLACE OF REMEMBRANCE AND CIVIC PRIDE.; INTENDED BENEFICIARIES: THE MUNI RIDERS OF SAN FRANCISCO AND VISITORS WHO WILL BENEFIT FROM A SAFER MORE ACCESSIBLE ENTRY TO THE CASTRO MUNI STATION; LGBTQ+ COMMUNITY AND BROADER SAN FRANCISCO PUBLIC WHO WILL GAIN A RENEWED LANDMARK.; SUBRECIPIENT ACTIVITIES: THERE ARE NO SUBRECIPIENTS OUTSIDE OF THE SAN FRANCISCO CITY AGENCIES. SFMTA WILL COORDINATE DIRECTLY WITH THE DEPARTMENT OF PUBLIC WORKS UNDER A MEMORANDUM OF UNDERSTANDING (MOU) TO CARRY OUT DESIGN ACTIVITIES.,NON,NOT RECOVERY ACT,C,CITY OR TOWNSHIP GOVERNMENT,2,NON-AGGREGATE RECORD,,,,,,,,,,,https://www.usaspending.gov/award/ASST_NON_CA-2026-030_069/,2026-03-09 19:36:34.095465+00
ASST_NON_ID-2026-009_069,ID-2026-009,ID-2026-009-00-20.507,SAI EXEMPT,,,,,,2026-03-04,2026,240000.00,,0.00,60000.00,300000.00,0.00,0.00,2026-03-04,2026,2026-03-04,2026-03-30,069,Department of Transportation,6955,Federal Transit Administration,6905A5,REGION 10 DOT FTA,069,Department of Transportation,6955,Federal Transit Administration,693JJ8,OFFICE OF BUDGET AND POLICY(TBP),,,,,JZAGN29CGAT6,,VALLEY REGIONAL TRANSIT,VALLEY REGIONAL TRANSIT,JZAGN29CGAT6,,VALLEY REGIONAL TRANSIT,USA,UNITED STATES,700 E 2ND ST STE 100,N/A,52120,MERIDIAN,16001,ADA,16,ID,IDAHO,83642,2672,ID-01,ID-01,,,,STATE-WIDE,USA,UNITED STATES,ID*****,,,,16,IDAHO,,ID-90,,,20.507: FEDERAL TRANSIT FORMULA GRANTS,NOT APPLICABLE,NOT APPLICABLE,03,FORMULA GRANT (A),APPLICATION PURPOSE: THIS GRANT INCLUDES $240000 IN FY22 5307 SMALL URBAN (SU) FUNDS FOR THE REPLACEMENT OF FOUR AGING VEHICLES IN SERENITY TRANSPORTATIONS FLEET TO ENSURE CONTINUED SAFE AND RELIABLE TRANSPORTATION SERVICES. THESE REPLACEMENTS WILL IMPROVE FLEET EFFICIENCY REDUCE MAINTENANCE COSTS AND SUPPORT UNINTERRUPTED SERVICE FOR TRANSIT-DEPENDENT INDIVIDUALS. SERENITY TRANSPORTATION WILL PROVIDE THE LOCAL MATCH REQUIRED FOR THIS PROJECT.; ACTIVITIES PERFORMED: PROCUREMENT AND DEPLOYMENT OF FOUR REPLACEMENT VEHICLES IN ACCORDANCE WITH FTA REQUIREMENTS.; EXPECTED OUTCOMES: IMPROVED SAFETY RELIABILITY AND EFFICIENCY OF TRANSIT SERVICE THROUGH THE REPLACEMENT OF FOUR AGING VEHICLES.; INTENDED BENEFICIARIES: TRANSIT-DEPENDENT INDIVIDUALS WHO RELY ON SERENITY TRANSPORTATION FOR SAFE RELIABLE AND ACCESSIBLE MOBILITY SERVICES.; SUBRECIPIENT ACTIVITIES: VEHICLES WILL BE PROVIDED TO SERENITY TRANSPORTATION A NON-EMERGENCY TRANSPORTATION SERVICE IN THE NAMPA IDAHO UZA.,NON,NOT RECOVERY ACT,X,OTHER,2,NON-AGGREGATE RECORD,,,,,,,,,,,https://www.usaspending.gov/award/ASST_NON_ID-2026-009_069/,2026-03-09 19:36:34.095465+00
ASST_NON_NV-2026-001_069,NV-2026-001,NV-2026-001-00-20.509,SAI EXEMPT,,,,,,2026-03-04,2026,139371.00,,2815.00,0.00,139371.00,0.00,0.00,2026-03-04,2026,2026-03-04,2027-12-31,069,Department of Transportation,6955,Federal Transit Administration,699J58,REGION 9 DOT  FTA,069,Department of Transportation,6955,Federal Transit Administration,693JJ8,OFFICE OF BUDGET AND POLICY(TBP),,,,,GARBAUBDLGZ4,,PYRAMID LAKE PAIUTE TRIBE,PYRAMID LAKE PAIUTE TRIBE,GARBAUBDLGZ4,,PYRAMID LAKE PAIUTE TRIBE,USA,UNITED STATES,208 CAPITOL HL,N/A,51200,NIXON,32031,WASHOE,32,NV,NEVADA,89424,9801,NV-02,NV-02,,,,STATE-WIDE,USA,UNITED STATES,NV*****,,,,32,NEVADA,,NV-02,,,20.509: FORMULA GRANTS FOR RURAL AREAS AND TRIBAL TRANSIT PROGRAM,NOT APPLICABLE,NOT APPLICABLE,03,FORMULA GRANT (A),APPLICATION PURPOSE: THE PURPOSE OF THIS GRANT AWARD IS TO PROVIDE OPERATIONAL ASSISTANCE FOR THE PLPT TRIBAL TRANSIT PROGRAM DURING THE PERIODS OF FY2026-27 IN THE AMOUNT OF $139371.; ACTIVITIES PERFORMED: THE FORMULA FUNDS WILL BE USED TO COVER ALL ELIGIBLE OPERATING EXPENSES I.E.; SALARY RELATED FOR TRANSIT EMPLOYEES RM AND FUEL FOR FIVE EXISTING TRANSIT BUSES EQUIPMENT $5000 FOR THE NEW FACILITYS BUILDINGS AND GROUNDS; EQUIPMENT $5000 FOR THE NEW FACILITY BUILDINGS AND GROUNDS UTILITIES AND OTHER ADMINISTRATIVE COSTS.; EXPECTED OUTCOMES: THE FORMULA FUNDS WILL ALLOW THE PLPT TRIBAL TRANSIT PROGRAM TO CONTINUE PROVIDING SUSTAINABLE OPERATIONS OF A TRIBAL TRANSIT BUS SYSTEM ON AND OFF OF THE PYRAMID LAKE PAIUTE INDIAN RESERVATION.; INTENDED BENEFICIARIES: THE PYRAMID LAKE PAIUTE TRIBAL TRANSIT RECENTLY CONSTRUCTED A TRANSIT FACILITY TO HOUSE THE CURRENT ADMINISTRATIVE AND OPERATIONS STAFF OF ELEVEN (11). THE NEWLY CONSTRUCTED FACILITY HAS COSTS RELATED TO UTILITIES (ELECTRICITY PROPANE PUD TECHNOLOGY) THAT ARE REQUIRED TO REMAIN OPERATIONAL. IN ADDITION TO THE TRANSIT FACILITY A BUS SHED IS CURRENTLY BEING CONSTRUCTED THAT WILL HAVE SIMILAR RELATED COSTS TO OPERATE. THE AWARDED FUNDS WILL ASSIST WITH THE NEWLY ADDED EXPENSES. THE PLPT TRANSIT OPERATES THREE (3) BUS ROUTES THAT ARE THE LOCAL RENO AND LAKE BUS ROUTES. THE BUSES ARE OPERATED BY SIX (6) FULL TIME TRANSIT OPERATORS AND TWO (2) ON-CALL TRANSIT OPERATORS. IN THE ADMINISTRATIVE AREA OF THE FACILITY THE PERSONNEL CONSIST OF A TRANSIT MANAGER TRANSIT OPERATIONS SPECIALIST AND A TRANSIT BUILDINGS GROUNDSKEEPER.; SUBRECIPIENT ACTIVITIES: NONE.,NON,NOT RECOVERY ACT,K,INDIAN/NATIVE AMERICAN TRIBAL DESIGNATED ORGANIZATION,2,NON-AGGREGATE RECORD,,,,,,,,,,,https://www.usaspending.gov/award/ASST_NON_NV-2026-001_069/,2026-03-09 19:36:34.095465+00
ASST_NON_2426DPC00015_069,2426DPC00015,,SAI NOT APPLICABLE,,,,,,2026-03-09,2026,665800.00,,0.00,,665800.00,0.00,0.00,2026-03-09,2026,2025-09-30,2026-10-01,069,Department of Transportation,6938,Maritime Administration,69A334,MARITIME ADMINISTRATION,069,Department of Transportation,6938,Maritime Administration,69A334,MARITIME ADMINISTRATION,,,,,M8BJB6L65EC4,,MASS MARITIME ACADEMY,MASSACHUSETTS MARITIME ACADEMY,,,,USA,UNITED STATES,101 ACADEMY DR,,10015,BUZZARDS BAY,25001,BARNSTABLE,25,MA,MASSACHUSETTS,02532,3405,MA-09,MA-09,,,,SINGLE ZIP CODE,USA,UNITED STATES,MA10015,BUZZARDS BAY,25001,BARNSTABLE,25,MASSACHUSETTS,02532-3405,MA-09,MA-09,,20.806: STATE MARITIME SCHOOLS,,,06,"DIRECT PAYMENT FOR SPECIFIED USE, AS A SUBSIDY OR OTHER NON-REIMBURSABLE DIRECT FINANCIAL AID (C)","MARAD PROVIDES DIRECT ASSISTANCE TO THE SIX STATE MARITIME ACADEMIES SMAS EACH FISCAL YEAR. THIS FUNDING ENSURES THE U.S. HAS A CONTINUOUS SUPPLY OF CAPABLE AND WELL-TRAINED U.S. MERCHANT MARINERS. DIRECT PAYMENTS HELP THE SMAS OFFSET THE COST TO TRAIN CREDENTIALED USCG MERCHANT MARINER OFFICERS AND STRENGTHEN THE ABILITY TO MAINTAIN HIGH QUALITY FACULTY, INNOVATIVE FACILITIES, AND STATE OF THE ART TECHNOLOGY. THIS FUNDING IS FOR COSTS RELATED TO THE MASSACHUSETTS MARITIME ACADEMY        
TRAINING VESSEL.",NON,NOT RECOVERY ACT,H,PUBLIC/STATE CONTROLLED INSTITUTION OF HIGHER EDUCATION,2,NON-AGGREGATE RECORD,,,,,,,,,,,https://www.usaspending.gov/award/ASST_NON_2426DPC00015_069/,2026-03-10 12:49:49.395249+00
ASST_NON_693JJ32640167_069,693JJ32640167,,,,,,,,2026-03-10,2026,96000.00,,0.00,24000.00,120000.00,0.00,0.00,2026-03-10,2026,2026-03-10,2028-04-10,069,Department of Transportation,6925,Federal Highway Administration,693JJ3,693JJ3 ACQUISITION AND GRANTS MGT,069,Department of Transportation,6925,Federal Highway Administration,693JH9,FHWA OFFICE OF SAFETY,,,,,T6NAGY7SQ356,,CITY OF NEWPORT,CITY OF NEWPORT,,,CITY OF NEWPORT,USA,UNITED STATES,300 E MAIN ST,,53000,NEWPORT,47029,COCKE,47,TN,TENNESSEE,37821,3189,TN-01,TN-01,,,,SINGLE ZIP CODE,USA,UNITED STATES,TN37821,NEWPORT,47029,COCKE,47,TENNESSEE,378213189,TN-01,TN-01,,20.939: SAFE STREETS AND ROADS FOR ALL,DOT-SS4A-FY24-01,"THE PURPOSE OF SS4A GRANTS IS TO IMPROVE ROADWAY SAFETY BY SIGNIFICANTLY REDUCING OR ELIMINATING ROADWAY FATALITIES AND SERIOUS INJURIES THROUGH SAFETY ACTION PLAN DEVELOPMENT AND REFINEMENT AND IMPLEMENTATION FOCUSED ON ALL USERS, INCLUDING PEDESTRIANS, BICYCLISTS, PUBLIC TRANSPORTATION USERS, MOTORISTS, PERSONAL CONVEYANCE AND MICROMOBILITY USERS, AND COMMERCIAL VEHICLE OPERATORS. THE PROGRAM PROVIDES FUNDING TO DEVELOP THE TOOLS TO HELP STRENGTHEN A COMMUNITY'S APPROACH TO ROADWAY SAFETY AND SAVE LIVES AND IS DESIGNED TO MEET THE NEEDS OF DIVERSE LOCAL, TRIBAL, AND REGIONAL COMMUNITIES THAT DIFFER DRAMATICALLY IN SIZE, LOCATION, AND EXPERIENCE ADMINISTERING FEDERAL FUNDING.",04,PROJECT GRANT (B),"SAFE STREETS AND ROADS FOR ALL PLANNING GRANT FOR THE CITY OF NEWPORT, TENNESSEE",NON,NOT RECOVERY ACT,C,CITY OR TOWNSHIP GOVERNMENT,2,NON-AGGREGATE RECORD,,,,,,,,,,,https://www.usaspending.gov/award/ASST_NON_693JJ32640167_069/,2026-03-10 15:50:19.276485+00
ASST_NON_693JJ32640402_069,693JJ32640402,,,,,,,,2026-03-10,2026,330000.00,,0.00,1345541.00,1675541.00,0.00,0.00,2026-03-10,2026,2026-03-10,2031-03-10,069,Department of Transportation,6925,Federal Highway Administration,693JJ3,693JJ3 ACQUISITION AND GRANTS MGT,069,Department of Transportation,6925,Federal Highway Administration,693JH9,FHWA OFFICE OF SAFETY,,,,,Z4CKJ8HJ3JA5,,CITY OF PALMDALE,CITY OF PALMDALE,,,,USA,UNITED STATES,38300 SIERRA HWY,,55156,PALMDALE,06037,LOS ANGELES,06,CA,CALIFORNIA,93550,4611,CA-25,CA-27,,,,SINGLE ZIP CODE,USA,UNITED STATES,CA93550,PALMDALE,06037,LOS ANGELES,06,CALIFORNIA,935504611,CA-25,CA-27,,20.939: SAFE STREETS AND ROADS FOR ALL,DOT-SS4A-FY24-01,"THE PURPOSE OF SS4A GRANTS IS TO IMPROVE ROADWAY SAFETY BY SIGNIFICANTLY REDUCING OR ELIMINATING ROADWAY FATALITIES AND SERIOUS INJURIES THROUGH SAFETY ACTION PLAN DEVELOPMENT AND REFINEMENT AND IMPLEMENTATION FOCUSED ON ALL USERS, INCLUDING PEDESTRIANS, BICYCLISTS, PUBLIC TRANSPORTATION USERS, MOTORISTS, PERSONAL CONVEYANCE AND MICROMOBILITY USERS, AND COMMERCIAL VEHICLE OPERATORS. THE PROGRAM PROVIDES FUNDING TO DEVELOP THE TOOLS TO HELP STRENGTHEN A COMMUNITY'S APPROACH TO ROADWAY SAFETY AND SAVE LIVES AND IS DESIGNED TO MEET THE NEEDS OF DIVERSE LOCAL, TRIBAL, AND REGIONAL COMMUNITIES THAT DIFFER DRAMATICALLY IN SIZE, LOCATION, AND EXPERIENCE ADMINISTERING FEDERAL FUNDING.",04,PROJECT GRANT (B),"SAFE STREETS AND ROADS FOR ALL IMPLEMENTATION GRANT FOR THE CITY OF PALMDALE, CALIFORNIA.",NON,NOT RECOVERY ACT,C,CITY OR TOWNSHIP GOVERNMENT,2,NON-AGGREGATE RECORD,,,,,,,,,,,https://www.usaspending.gov/award/ASST_NON_693JJ32640402_069/,2026-03-10 18:18:03.810871+00
ASST_NON_DRA26AR10143_517,DRA26AR10143,,,,,,,,2026-03-06,2026,496950.00,,0.00,,496950.00,0.00,0.00,2026-03-06,2026,2026-03-06,2028-03-06,517,Delta Regional Authority,9547,Delta Regional Authority,,,,,,,,,,,,,VJTKG8RGV7L5,,CITY OF CARAWAY,CITY OF CARAWAY,,,,USA,UNITED STATES,102 E STATE ST,,11410,CARAWAY,05031,CRAIGHEAD,05,AR,ARKANSAS,72419,8553,AR-01,AR-01,,,,SINGLE ZIP CODE,USA,UNITED STATES,AR72419,CARAWAY,05031,CRAIGHEAD,05,ARKANSAS,72419-8553,AR-01,AR-01,,90.201: DELTA AREA ECONOMIC DEVELOPMENT,,,10,"DIRECT PAYMENT WITH UNRESTRICTED USE (RETIREMENT, PENSION, VETERANS BENEFITS, ETC.) (D)",SEEKING FUNDING TO ADDRESS A CRITICAL SITUATION AT ITS WATER TREATMENT PLANT TO PROVIDE CLEAN SAFE DRINKING WATER TO RESIDENTS,NON,NOT RECOVERY ACT,A,STATE GOVERNMENT,2,NON-AGGREGATE RECORD,,,,,,,,,,,https://www.usaspending.gov/award/ASST_NON_DRA26AR10143_517/,2026-03-10 20:02:54.839561+00
ASST_NON_DRA26AR10446BIL_517,DRA26AR10446BIL,,,,,,,,2026-03-06,2026,251023.29,,0.00,,251023.29,0.00,0.00,2026-03-06,2026,2026-03-06,2028-03-06,517,Delta Regional Authority,9547,Delta Regional Authority,,,,,,,,,,,,,TTMNYSWF9KE5,,ARKANSAS RURAL HEALTH PARTNERSHIP,ARKANSAS RURAL HEALTH PARTNERSHIP,,,,USA,UNITED STATES,111 NORTH COURT ST,,38170,LAKE VILLAGE,05017,CHICOT,05,AR,ARKANSAS,71653,1917,AR-01,AR-01,,,,SINGLE ZIP CODE,USA,UNITED STATES,AR71653,LAKE VILLAGE,05017,CHICOT,05,ARKANSAS,71653-1917,AR-01,AR-01,,90.201: DELTA AREA ECONOMIC DEVELOPMENT,,,10,"DIRECT PAYMENT WITH UNRESTRICTED USE (RETIREMENT, PENSION, VETERANS BENEFITS, ETC.) (D)",PURCHASE A SIMULATION BASED EMERGENCY MEDICINE TRAINING MOBILE UNIT AND TWO SIMULATORS,NON,NOT RECOVERY ACT,A,STATE GOVERNMENT,2,NON-AGGREGATE RECORD,,,,,,,,,,,https://www.usaspending.gov/award/ASST_NON_DRA26AR10446BIL_517/,2026-03-10 20:02:54.839561+00
ASST_NON_DRA26AR10446_517,DRA26AR10446,,,,,,,,2026-03-06,2026,248976.71,,0.00,,248976.71,0.00,0.00,2026-03-06,2026,2026-03-06,2028-03-06,517,Delta Regional Authority,9547,Delta Regional Authority,,,,,,,,,,,,,TTMNYSWF9KE5,,ARKANSAS RURAL HEALTH PARTNERSHIP,ARKANSAS RURAL HEALTH PARTNERSHIP,,,,USA,UNITED STATES,111 NORTH COURT ST,,38170,LAKE VILLAGE,05017,CHICOT,05,AR,ARKANSAS,71653,1917,AR-01,AR-01,,,,SINGLE ZIP CODE,USA,UNITED STATES,AR71653,LAKE VILLAGE,05017,CHICOT,05,ARKANSAS,71653-1917,AR-01,AR-01,,90.201: DELTA AREA ECONOMIC DEVELOPMENT,,,10,"DIRECT PAYMENT WITH UNRESTRICTED USE (RETIREMENT, PENSION, VETERANS BENEFITS, ETC.) (D)",PURCHASE A SIMULATION BASED EMERGENCY MEDICINE TRAINING MOBILE UNIT AND TWO SIMULATORS,NON,NOT RECOVERY ACT,A,STATE GOVERNMENT,2,NON-AGGREGATE RECORD,,,,,,,,,,,https://www.usaspending.gov/award/ASST_NON_DRA26AR10446_517/,2026-03-10 20:02:54.839561+00
ASST_NON_DRA26AR10849_517,DRA26AR10849,,,,,,,,2026-03-06,2026,450000.00,,0.00,,450000.00,0.00,0.00,2026-03-06,2026,2026-03-06,2028-03-06,517,Delta Regional Authority,9547,Delta Regional Authority,,,,,,,,,,,,,EKKRW5SRQSC3,,WSBZ FARMS,WSBZ FARMS,EKKRW5SRQSC3,,WSBZ FARMS,USA,UNITED STATES,310 BENNIE BARNES RD,,41000,LITTLE ROCK,05119,PULASKI,05,AR,ARKANSAS,72206,9762,AR-04,AR-04,,,,SINGLE ZIP CODE,USA,UNITED STATES,AR72206,LITTLE ROCK,05119,PULASKI,05,ARKANSAS,72206-9762,AR-04,AR-04,,90.201: DELTA AREA ECONOMIC DEVELOPMENT,,,10,"DIRECT PAYMENT WITH UNRESTRICTED USE (RETIREMENT, PENSION, VETERANS BENEFITS, ETC.) (D)",LAUNCH THE RURAL AGRICULTURE SUPPLY CHAIN AND WORKFORCE ACCELERATOR,NON,NOT RECOVERY ACT,A,STATE GOVERNMENT,2,NON-AGGREGATE RECORD,,,,,,,,,,,https://www.usaspending.gov/award/ASST_NON_DRA26AR10849_517/,2026-03-10 20:02:54.839561+00
ASST_NON_DRA26IL10504_517,DRA26IL10504,,,,,,,,2026-03-06,2026,318965.00,,0.00,,318965.00,0.00,0.00,2026-03-06,2026,2026-03-06,2028-03-06,517,Delta Regional Authority,9547,Delta Regional Authority,,,,,,,,,,,,,RAVZRV8S63Y7,,CITY OF HERRIN CITY HALL,CITY OF HERRIN,,,,USA,UNITED STATES,300 N PARK AVENUE,,34358,HERRIN,17199,WILLIAMSON,17,IL,ILLINOIS,62948,3199,IL-12,IL-12,,,,SINGLE ZIP CODE,USA,UNITED STATES,IL62948,HERRIN,17199,WILLIAMSON,17,ILLINOIS,62948-3199,IL-12,IL-12,,90.201: DELTA AREA ECONOMIC DEVELOPMENT,,,10,"DIRECT PAYMENT WITH UNRESTRICTED USE (RETIREMENT, PENSION, VETERANS BENEFITS, ETC.) (D)",REPLACE 7 BLOCKS OF 80 YEAR OLD FAILING 10 INCH CAST IRON WATER MAIN ALONG WEST HERRIN RD,NON,NOT RECOVERY ACT,A,STATE GOVERNMENT,2,NON-AGGREGATE RECORD,,,,,,,,,,,https://www.usaspending.gov/award/ASST_NON_DRA26IL10504_517/,2026-03-10 20:02:54.839561+00
ASST_NON_DRA26IL10719_517,DRA26IL10719,,,,,,,,2026-03-06,2026,351337.00,,0.00,,351337.00,0.00,0.00,2026-03-06,2026,2026-03-06,2028-03-06,517,Delta Regional Authority,9547,Delta Regional Authority,,,,,,,,,,,,,VCJHYWU82F24,,CITY OF PINCKNEYVILLE,CITY OF PINCKNEYVILLE,,,,USA,UNITED STATES,104 S WALNUT ST,,59884,PINCKNEYVILLE,17145,PERRY,17,IL,ILLINOIS,62274,1340,IL-12,IL-12,,,,SINGLE ZIP CODE,USA,UNITED STATES,IL62274,PINCKNEYVILLE,17145,PERRY,17,ILLINOIS,62274-1340,IL-12,IL-12,,90.201: DELTA AREA ECONOMIC DEVELOPMENT,,,10,"DIRECT PAYMENT WITH UNRESTRICTED USE (RETIREMENT, PENSION, VETERANS BENEFITS, ETC.) (D)","CITY OF PINCKNEYVILLE WILL REPLACE 40,500 FT OF AGING PVC GAS MAINS WITH POLYETHYLENE PIPE",NON,NOT RECOVERY ACT,A,STATE GOVERNMENT,2,NON-AGGREGATE RECORD,,,,,,,,,,,https://www.usaspending.gov/award/ASST_NON_DRA26IL10719_517/,2026-03-10 20:02:54.839561+00
ASST_NON_DRA26IL10785_517,DRA26IL10785,,,,,,,,2026-03-06,2026,191741.00,,0.00,,191741.00,0.00,0.00,2026-03-06,2026,2026-03-06,2028-03-06,517,Delta Regional Authority,9547,Delta Regional Authority,,,,,,,,,,,,,Y28BEBJ4MNU7,,BOARD OF TRUSTEES OF SOUTHERN ILLINOIS UNIVERSITY,SOUTHERN ILLINOIS UNIVERSITY,,,,USA,UNITED STATES,900 S NORMAL AVE,,11163,CARBONDALE,17077,JACKSON,17,IL,ILLINOIS,62901,4302,IL-12,IL-12,,,,SINGLE ZIP CODE,USA,UNITED STATES,IL62901,CARBONDALE,17077,JACKSON,17,ILLINOIS,62901-4302,IL-12,IL-12,,90.201: DELTA AREA ECONOMIC DEVELOPMENT,,,10,"DIRECT PAYMENT WITH UNRESTRICTED USE (RETIREMENT, PENSION, VETERANS BENEFITS, ETC.) (D)",ACQUIRE FOUNDATIONAL SPECIALIZED FOOD PROCESSING PROTECTION AND SANITATION EQUIPMENT FOR THE SOUTHERNTECH HIGH TECH FOOD PROCESSING AND MANUFACTURING INCUBATOR AT THE GOWER TRANSLATIONAL RESEARCH CENTER FOR CARBONDALE,NON,NOT RECOVERY ACT,A,STATE GOVERNMENT,2,NON-AGGREGATE RECORD,,,,,,,,,,,https://www.usaspending.gov/award/ASST_NON_DRA26IL10785_517/,2026-03-10 20:02:54.839561+00
ASST_NON_DRA26IL10870_517,DRA26IL10870,,,,,,,,2026-03-06,2026,500000.00,,0.00,,500000.00,0.00,0.00,2026-03-06,2026,2026-03-06,2028-03-06,517,Delta Regional Authority,9547,Delta Regional Authority,,,,,,,,,,,,,G4S1QZ4F7RU3,,VILLAGE OF MILL SHOALS,VILLAGE OF MILL SHOALS,,,,USA,UNITED STATES,603 EAST ST PO BOX 706,,49347,MILL SHOALS,17193,WHITE,17,IL,ILLINOIS,62862,0706,IL-12,IL-12,,,,SINGLE ZIP CODE,USA,UNITED STATES,IL62862,MILL SHOALS,17193,WHITE,17,ILLINOIS,62862-0706,IL-12,IL-12,,90.201: DELTA AREA ECONOMIC DEVELOPMENT,,,10,"DIRECT PAYMENT WITH UNRESTRICTED USE (RETIREMENT, PENSION, VETERANS BENEFITS, ETC.) (D)",REPLACING ALL EXISTING WATER MAINS VALVES AND HYDRANTS AND INTEGRATING A NEW DIGITAL METER READING SYSTEM,NON,NOT RECOVERY ACT,A,STATE GOVERNMENT,2,NON-AGGREGATE RECORD,,,,,,,,,,,https://www.usaspending.gov/award/ASST_NON_DRA26IL10870_517/,2026-03-10 20:02:54.839561+00
ASST_NON_DRA26LA10397_517,DRA26LA10397,,,,,,,,2026-03-06,2026,129000.00,,0.00,,129000.00,0.00,0.00,2026-03-06,2026,2026-03-06,2028-03-06,517,Delta Regional Authority,9547,Delta Regional Authority,,,,,,,,,,,,,TKPGRPA6GCE9,,CITY OF WEST MONROE,CITY OF WEST MONROE,,,CITY OF WEST MONROE,USA,UNITED STATES,2305 N 7TH ST,,80955,WEST MONROE,22073,OUACHITA,22,LA,LOUISIANA,71291,5256,LA-05,LA-05,,,,SINGLE ZIP CODE,USA,UNITED STATES,LA71291,WEST MONROE,22073,OUACHITA,22,LOUISIANA,71291-5256,LA-05,LA-05,,90.201: DELTA AREA ECONOMIC DEVELOPMENT,,,10,"DIRECT PAYMENT WITH UNRESTRICTED USE (RETIREMENT, PENSION, VETERANS BENEFITS, ETC.) (D)",REPLACE APPROX 2350 FT OF 24IN SEWER MAIN AND REHABILITATION OF 9 SANITARY SEWER MANHOLES ALONG BLACK BAYOU CANAL NEAR PARKWOOD DR,NON,NOT RECOVERY ACT,A,STATE GOVERNMENT,2,NON-AGGREGATE RECORD,,,,,,,,,,,https://www.usaspending.gov/award/ASST_NON_DRA26LA10397_517/,2026-03-10 20:02:54.839561+00
ASST_NON_DRA26LA10501_517,DRA26LA10501,,,,,,,,2026-03-06,2026,500000.00,,0.00,,500000.00,0.00,0.00,2026-03-06,2026,2026-03-06,2028-03-06,517,Delta Regional Authority,9547,Delta Regional Authority,,,,,,,,,,,,,ZXVLHLA3AKA8,,TOWN OF OAK GROVE W CARROLL,TOWN OF OAK GROVE,,,,USA,UNITED STATES,407 E MAIN ST,,56715,OAK GROVE,22123,WEST CARROLL,22,LA,LOUISIANA,71263,2552,LA-05,LA-05,,,,SINGLE ZIP CODE,USA,UNITED STATES,LA71263,OAK GROVE,22123,WEST CARROLL,22,LOUISIANA,71263-2552,LA-05,LA-05,,90.201: DELTA AREA ECONOMIC DEVELOPMENT,,,10,"DIRECT PAYMENT WITH UNRESTRICTED USE (RETIREMENT, PENSION, VETERANS BENEFITS, ETC.) (D)",REPLACE 5000 LINEAR FEET OF OLD GALVANIZED AND ASBESTOS CEMENT PIPES THAT HAVE BEEN IN THE GROUND SINCE THE 1920S,NON,NOT RECOVERY ACT,A,STATE GOVERNMENT,2,NON-AGGREGATE RECORD,,,,,,,,,,,https://www.usaspending.gov/award/ASST_NON_DRA26LA10501_517/,2026-03-10 20:02:54.839561+00
ASST_NON_DRA26LA10809_517,DRA26LA10809,,,,,,,,2026-03-06,2026,351675.00,,0.00,,351675.00,0.00,0.00,2026-03-06,2026,2026-03-06,2028-03-06,517,Delta Regional Authority,9547,Delta Regional Authority,,,,,,,,,,,,,J52JNFW4XMN6,,CITY OF TALLULAH LOUISIANA,CITY OF TALLULAH,,,,USA,UNITED STATES,204 N CEDAR ST,,74690,TALLULAH,22065,MADISON,22,LA,LOUISIANA,71282,3813,LA-05,LA-05,,,,SINGLE ZIP CODE,USA,UNITED STATES,LA71282,TALLULAH,22065,MADISON,22,LOUISIANA,71282-3813,LA-05,LA-05,,90.201: DELTA AREA ECONOMIC DEVELOPMENT,,,10,"DIRECT PAYMENT WITH UNRESTRICTED USE (RETIREMENT, PENSION, VETERANS BENEFITS, ETC.) (D)",PROVIDE ROAD IMPROVEMENTS TO BEECH STREET FROM DARROW STREET TO HARLEM STREET 1400 FT LONG 20IN WIDE,NON,NOT RECOVERY ACT,A,STATE GOVERNMENT,2,NON-AGGREGATE RECORD,,,,,,,,,,,https://www.usaspending.gov/award/ASST_NON_DRA26LA10809_517/,2026-03-10 20:02:54.839561+00
ASST_NON_DRA26LA10818_517,DRA26LA10818,,,,,,,,2026-03-06,2026,240065.00,,0.00,,240065.00,0.00,0.00,2026-03-06,2026,2026-03-06,2028-03-06,517,Delta Regional Authority,9547,Delta Regional Authority,,,,,,,,,,,,,Q4KANYNHK7E4,,VILLAGE OF GRAYSON,VILLAGE OF GRAYSON,,,,USA,UNITED STATES,5228 HIGHWAY 126 E,,31250,GRAYSON,22021,CALDWELL,22,LA,LOUISIANA,71435,4976,LA-05,LA-05,,,,SINGLE ZIP CODE,USA,UNITED STATES,LA71435,GRAYSON,22021,CALDWELL,22,LOUISIANA,71435-4976,LA-05,LA-05,,90.201: DELTA AREA ECONOMIC DEVELOPMENT,,,10,"DIRECT PAYMENT WITH UNRESTRICTED USE (RETIREMENT, PENSION, VETERANS BENEFITS, ETC.) (D)",RECONSTRUCT CARRIE ST IN GRAYSON LA,NON,NOT RECOVERY ACT,A,STATE GOVERNMENT,2,NON-AGGREGATE RECORD,,,,,,,,,,,https://www.usaspending.gov/award/ASST_NON_DRA26LA10818_517/,2026-03-10 20:02:54.839561+00
ASST_NON_DRA26MO10171_517,DRA26MO10171,,,,,,,,2026-03-06,2026,418855.00,,0.00,,418855.00,0.00,0.00,2026-03-06,2026,2026-03-06,2028-03-06,517,Delta Regional Authority,9547,Delta Regional Authority,,,,,,,,,,,,,UNX8JXLPT735,,WASHINGTON COUNTY MEMORIAL HOSPITAL,WASHINGTON COUNTY MEMORIAL HOSPITAL,,,WASHINGTON COUNTY MEMORIAL HOSPITAL,USA,UNITED STATES,300 HEALTH WAY DR,,59330,POTOSI,29221,WASHINGTON,29,MO,MISSOURI,63664,1420,MO-03,MO-03,,,,SINGLE ZIP CODE,USA,UNITED STATES,MO63664,POTOSI,29221,WASHINGTON,29,MISSOURI,63664-1420,MO-03,MO-03,,90.201: DELTA AREA ECONOMIC DEVELOPMENT,,,10,"DIRECT PAYMENT WITH UNRESTRICTED USE (RETIREMENT, PENSION, VETERANS BENEFITS, ETC.) (D)",WASHINGTON CO MEMORIAL HOSPITAL WILL CONSTRUCT A 4000 SQ FT RURAL HEALTHCARE TRAINING CENTER IN POTOSI MO,NON,NOT RECOVERY ACT,A,STATE GOVERNMENT,2,NON-AGGREGATE RECORD,,,,,,,,,,,https://www.usaspending.gov/award/ASST_NON_DRA26MO10171_517/,2026-03-10 20:02:54.839561+00
ASST_NON_DRA26MO10379_517,DRA26MO10379,,,,,,,,2026-03-06,2026,500000.00,,0.00,,500000.00,0.00,0.00,2026-03-06,2026,2026-03-06,2028-03-06,517,Delta Regional Authority,9547,Delta Regional Authority,,,,,,,,,,,,,NHZMMBYEQK48,,"FREDERICKTOWN, CITY OF",CITY OF FREDRICKTOWN,,,,USA,UNITED STATES,124 W MAIN ST,,25768,FREDERICKTOWN,29123,MADISON,29,MO,MISSOURI,63645,1126,MO-08,MO-08,,,,SINGLE ZIP CODE,USA,UNITED STATES,MO63645,FREDERICKTOWN,29123,MADISON,29,MISSOURI,63645-1126,MO-08,MO-08,,90.201: DELTA AREA ECONOMIC DEVELOPMENT,,,10,"DIRECT PAYMENT WITH UNRESTRICTED USE (RETIREMENT, PENSION, VETERANS BENEFITS, ETC.) (D)",PROJECT INVOLVES INSTALLING A NEW 24IN 18IN AND 15IN GRAVITY SANITARY SEWER MAIN FORM THE WWTP TO E MARVIN AVE INCLUDING PRECAST CONCRETE MANHOLES,NON,NOT RECOVERY ACT,A,STATE GOVERNMENT,2,NON-AGGREGATE RECORD,,,,,,,,,,,https://www.usaspending.gov/award/ASST_NON_DRA26MO10379_517/,2026-03-10 20:02:54.839561+00
ASST_NON_DRA26MS10230IF_517,DRA26MS10230IF,,,,,,,,2026-03-06,2026,1000000.00,,0.00,,1000000.00,0.00,0.00,2026-03-06,2026,2026-03-06,2028-03-06,517,Delta Regional Authority,9547,Delta Regional Authority,,,,,,,,,,,,,G69PCZKLU1G3,,"WATER VALLEY, CITY OF",CITY OF WATER VALLEY,G69PCZKLU1G3,,"WATER VALLEY, CITY OF",USA,UNITED STATES,101 BLACKMUR DR,,78000,WATER VALLEY,28161,YALOBUSHA,28,MS,MISSISSIPPI,38965,0031,MS-02,MS-02,,,,SINGLE ZIP CODE,USA,UNITED STATES,MS38965,WATER VALLEY,28161,YALOBUSHA,28,MISSISSIPPI,38965-0031,MS-02,MS-02,,90.201: DELTA AREA ECONOMIC DEVELOPMENT,,,10,"DIRECT PAYMENT WITH UNRESTRICTED USE (RETIREMENT, PENSION, VETERANS BENEFITS, ETC.) (D)",FUNDING TO SUPPORT UPGRADE TO WATER VALLEY LEGACY 4KV ELECTRICAL SYSTEM THAT DATES BACK TO 1938,NON,NOT RECOVERY ACT,A,STATE GOVERNMENT,2,NON-AGGREGATE RECORD,,,,,,,,,,,https://www.usaspending.gov/award/ASST_NON_DRA26MS10230IF_517/,2026-03-10 20:02:54.839561+00
ASST_NON_DRA26MS10298_517,DRA26MS10298,,,,,,,,2026-03-06,2026,400000.00,,0.00,,400000.00,0.00,0.00,2026-03-06,2026,2026-03-06,2028-03-06,517,Delta Regional Authority,9547,Delta Regional Authority,,,,,,,,,,,,,N5YVYZMAMBV1,,CITY OF TAYLORSVILLE,CITY OF TAYLORSVILLE,,,,USA,UNITED STATES,202 EUREKA ST,,72400,TAYLORSVILLE,28129,SMITH,28,MS,MISSISSIPPI,39168,1200,MS-03,MS-03,,,,SINGLE ZIP CODE,USA,UNITED STATES,MS39168,TAYLORSVILLE,28129,SMITH,28,MISSISSIPPI,39168-1200,MS-03,MS-03,,90.201: DELTA AREA ECONOMIC DEVELOPMENT,,,10,"DIRECT PAYMENT WITH UNRESTRICTED USE (RETIREMENT, PENSION, VETERANS BENEFITS, ETC.) (D)",PROVIDE ESSENTIAL UPGRADES TO THE WASTEWATER SYSTEM INCLUDING THE SEWER LAGOON TO REMAIN IN COMPLIANCE WITH REGULATIONS SET FORTH BY THE MDEQ,NON,NOT RECOVERY ACT,A,STATE GOVERNMENT,2,NON-AGGREGATE RECORD,,,,,,,,,,,https://www.usaspending.gov/award/ASST_NON_DRA26MS10298_517/,2026-03-10 20:05:03.054118+00
ASST_NON_DRA26MS10682_517,DRA26MS10682,,,,,,,,2026-03-06,2026,304896.00,,0.00,,304896.00,0.00,0.00,2026-03-06,2026,2025-03-06,2028-03-06,517,Delta Regional Authority,9547,Delta Regional Authority,,,,,,,,,,,,,QKR8UL6UXBL9,,CENTER RIDGE WATER ASSOCIATION,CENTER RIDGE WATER ASSOCIATION,,,,USA,UNITED STATES,125 OILFIELD RD,,60840,RALEIGH,28129,SMITH,28,MS,MISSISSIPPI,39153,0241,MS-03,MS-03,,,,SINGLE ZIP CODE,USA,UNITED STATES,MS39153,RALEIGH,28129,SMITH,28,MISSISSIPPI,39153-0241,MS-03,MS-03,,90.201: DELTA AREA ECONOMIC DEVELOPMENT,,,10,"DIRECT PAYMENT WITH UNRESTRICTED USE (RETIREMENT, PENSION, VETERANS BENEFITS, ETC.) (D)",CENTER RIDGE WILL REPLACE APPROX 6 MILES OF BRITTLE DILAPIDATED ASBESTOS CEMENT AC PIPE BURIED BENEATH EXISTING ROADWAYS AND OLD SMALL PIPES WITH NEW 4IN PVC PIPES OF WATER LINES,NON,NOT RECOVERY ACT,A,STATE GOVERNMENT,2,NON-AGGREGATE RECORD,,,,,,,,,,,https://www.usaspending.gov/award/ASST_NON_DRA26MS10682_517/,2026-03-10 20:05:03.054118+00
ASST_NON_DRA26MS10740_517,DRA26MS10740,,,,,,,,2026-03-06,2026,351152.36,,0.00,,351152.36,0.00,0.00,2026-03-06,2026,2026-03-06,2028-03-06,517,Delta Regional Authority,9547,Delta Regional Authority,,,,,,,,,,,,,JALLFRLKMKY7,,TOWN OF SLEDGE,TOWN OF SLEDGE,,,,USA,UNITED STATES,400 N MAIN ST,,68400,SLEDGE,28143,TUNICA,28,MS,MISSISSIPPI,38670,0276,MS-02,MS-02,,,,SINGLE ZIP CODE,USA,UNITED STATES,MS38670,SLEDGE,28143,TUNICA,28,MISSISSIPPI,38670-0276,MS-02,MS-02,,90.201: DELTA AREA ECONOMIC DEVELOPMENT,,,10,"DIRECT PAYMENT WITH UNRESTRICTED USE (RETIREMENT, PENSION, VETERANS BENEFITS, ETC.) (D)",UNDERTAKING A CRITICAL INFRASTRUCTURE PROJECT TO REHABILITATE ITS AGING WATER AND SEWER SYSTEMS SERVING APPROX 368 RESIDENTS,NON,NOT RECOVERY ACT,A,STATE GOVERNMENT,2,NON-AGGREGATE RECORD,,,,,,,,,,,https://www.usaspending.gov/award/ASST_NON_DRA26MS10740_517/,2026-03-10 20:05:03.054118+00
ASST_NON_DRA26MS10773_517,DRA26MS10773,,,,,,,,2026-03-06,2026,156810.00,,0.00,,156810.00,0.00,0.00,2026-03-06,2026,2026-03-06,2028-03-06,517,Delta Regional Authority,9547,Delta Regional Authority,,,,,,,,,,,,,YAFWC9J977L5,,TOWN OF NORTH CARROLLTON,TOWN OF NORTH CARROLLTON,,,,USA,UNITED STATES,114 E MAIN ST,,52400,NORTH CARROLLTON,28015,CARROLL,28,MS,MISSISSIPPI,38947,0001,MS-02,MS-02,,,,SINGLE ZIP CODE,USA,UNITED STATES,MS38947,NORTH CARROLLTON,28015,CARROLL,28,MISSISSIPPI,38947-0001,MS-02,MS-02,,90.201: DELTA AREA ECONOMIC DEVELOPMENT,,,10,"DIRECT PAYMENT WITH UNRESTRICTED USE (RETIREMENT, PENSION, VETERANS BENEFITS, ETC.) (D)",CRITICAL STREET IMPROVEMENTS TO GEORGE AND MORGAN STREETS WHICH SERVE ACCESS TO ROUTES TO JZ GEORGE HIGH SCHOOL,NON,NOT RECOVERY ACT,A,STATE GOVERNMENT,2,NON-AGGREGATE RECORD,,,,,,,,,,,https://www.usaspending.gov/award/ASST_NON_DRA26MS10773_517/,2026-03-10 20:05:03.054118+00
ASST_NON_DRA26TN10472_517,DRA26TN10472,,,,,,,,2026-03-06,2026,375000.00,,0.00,,375000.00,0.00,0.00,2026-03-06,2026,2026-03-06,2028-03-06,517,Delta Regional Authority,9547,Delta Regional Authority,,,,,,,,,,,,,YUB9MW9CE5C5,,BOILERMAKERS & WELDING INSTITUTE,BOILERMAKERS AND WELDING INSTITUTE,,,,USA,UNITED STATES,717 S RIVERSIDE DR,,48000,MEMPHIS,47157,SHELBY,47,TN,TENNESSEE,38103,4830,TN-09,TN-09,,,,SINGLE ZIP CODE,USA,UNITED STATES,TN38103,MEMPHIS,47157,SHELBY,47,TENNESSEE,38103-4830,TN-09,TN-09,,90.201: DELTA AREA ECONOMIC DEVELOPMENT,,,10,"DIRECT PAYMENT WITH UNRESTRICTED USE (RETIREMENT, PENSION, VETERANS BENEFITS, ETC.) (D)",TRAIN YOUTH AND UNEMPLOYED UNDEREMPLOYED ADULTS FOR HIGH DEMAND ROLES IN MANUFACTURING LOGISTICS AND AUTOMATIONS,NON,NOT RECOVERY ACT,A,STATE GOVERNMENT,2,NON-AGGREGATE RECORD,,,,,,,,,,,https://www.usaspending.gov/award/ASST_NON_DRA26TN10472_517/,2026-03-10 20:05:03.054118+00
ASST_NON_26-LITC0268-01_020,26-LITC0268-01,,SAI EXEMPT,,,,,,2026-03-03,2026,41679.00,,0.00,,41679.00,0.00,0.00,2026-03-03,2026,2026-01-01,2026-12-31,020,Department of the Treasury,2050,Internal Revenue Service,2031HV,TAXPAYER ADVOCATE SERVICE,020,Department of the Treasury,2050,Internal Revenue Service,2031HV,TAXPAYER ADVOCATE SERVICE,,,,,HMN2ZKYF26K7,,HAVEN SERVICES,HAVEN SERVICES,,,,USA,UNITED STATES,1541 WILDWOOD DR,,44000,LOS ANGELES,06037,LOS ANGELES,06,CA,CALIFORNIA,90041,3132,CA-34,CA-34,,,,STATE-WIDE,USA,UNITED STATES,CA*****,,,,06,CALIFORNIA,,CA-34,,,21.008: LOW INCOME TAXPAYER CLINICS,TREAS-GRANTS-042026-001,1) OPEN NEW CASES DURING THE CURRENT GRANT PERIOD AND CONTINUE TO WORK CASES OPENED IN PRIOR GRANT PERIODS THROUGH TO COMPLETION FOR ELIGIBLE TAXPAYERS 2) PROVIDE CONSULTATIONS TO TAXPAYERS ABOUT THEIR FEDERAL TAX ISSUE(S) 3) CONDUCT EDUCATIONAL ACTIVITIES TO INDIVIDUALS REGARDING THEIR TAX RIGHTS AND RESPONSIBILITIES 4) IDENTIFYING AND ADVOCATING FOR ISSUES IMPACTING TAXPAYERS WHO ARE LOW INCOME OR FOR WHOM ENGLISH IS A SECOND LANGUAGE.,04,PROJECT GRANT (B),"THE PURPOSE OF THE LOW-INCOME TAXPAYER CLINIC LITC GRANT IS TO PROVIDE FINANCIAL ASSISTANCE TO, 1. A CLINICAL PROGRAM AT AN ACCREDITED LAW, BUSINESS, OR ACCOUNTING SCHOOL IN WHICH STUDENTS REPRESENT LOW-INCOME TAXPAYERS IN CONTROVERSIES ARISING UNDER IRC 7526. 2. AN ORGANIZATION DESCRIBED IN SECTION 501C AND EXEMPT FROM TAX UNDER SECTION 501A THROUGH REPRESENTATION OF TAXPAYERS OR REFERRAL OF TAXPAYERS TO QUALIFIED REPRESENTATIVES. ACTIVITIES TO BE PERFORMED UNDER THE LITC PROGRAM, THE INTERNAL REVENUE SERVICE AWARDS GRANTS SO THAT GRANT RECIPIENTS ARE ABLE TO PROVIDE TAX REPRESENTATION BEFORE THE INTERNAL REVENUE SERVICE OR OTHER TRIBUNAL ON FEDERAL TAX MATTERS, EDUCATIONAL ACTIVITIES ON VARIOUS TAX TOPICS AND ADVOCACY ON TAX ISSUES IMPACTING THE INTENDED BENEFICIARIES. END GOAL AND EXPECTED OUTCOMES, THE LITC PROGRAM AWARDS GRANTS TO, 1. OPEN NEW AND WORK PREVIOUSLY OPENED REPRESENTATION CASES. 2. CONSULT WITH TAXPAYERS ON THEIR SPECIFIC TAX ISSUE. 3. CONDUCT EDUCATIONAL ACTIVITIES. 4. MAKE CONTRIBUTIONS TO THE IMPROVEMENT TO TAX ADMINISTRATION BY ADVOCATING FOR CHANGES OR IMPROVEMENTS TO IRS ADMINISTRATION. INTENDED BENEFICIARIES, TAXPAYERS WITH INCOMES THAT DO NOT EXCEED 250 PERCENT OF THE FEDERAL POVERTY GUIDELINES AND TAXPAYERS FOR WHOM ENGLISH IS THEIR SECOND LANGUAGE. SUBRECIPIENT ACTIVITIES, IN LIMITED CIRCUMSTANCES AND WITH ADVANCED APPROVAL BY THE LITC PROGRAM OFFICE, SUBRECIPIENTS MAY BE UTILIZED BY GRANT RECIPIENTS TO HELP DELIVER KEY BROADBAND ELEMENTS OF THE PROGRAM. 5. REASON FOR MODIFICATION IF SHOWING A POSITIVE AMOUNT IS AN OBLIGATION FOR THE YEAR THAT IS REPRESENTED BY THE FIRST TWO DIGITS OF THE PRIME AWARD I.D., IF SHOWING A NEGATIVE AMOUNT IT IS A DE-OBLIGATION OR A RETURN OF FUNDS FOR THE YEAR REPRESENTED BY THE FIRST TWO DIGITS OF THE PRIME AWARD I.D.",NON,NOT RECOVERY ACT,M,NONPROFIT WITH 501C3 IRS STATUS (OTHER THAN AN INSTITUTION OF HIGHER EDUCATION),2,NON-AGGREGATE RECORD,,,,,,,,,,,https://www.usaspending.gov/award/ASST_NON_26-LITC0268-01_020/,2026-03-11 19:01:44.807715+00
ASST_NON_26-LITC0500-02_020,26-LITC0500-02,,SAI EXEMPT,,,,,,2026-03-03,2026,41679.00,,0.00,,41679.00,0.00,0.00,2026-03-03,2026,2025-01-01,2027-12-31,020,Department of the Treasury,2050,Internal Revenue Service,2031HV,TAXPAYER ADVOCATE SERVICE,020,Department of the Treasury,2050,Internal Revenue Service,2031HV,TAXPAYER ADVOCATE SERVICE,,,,,U8UTU49CWVC5,,COLLEGE OF THE LAW SAN FRANCISCO,COLLEGE OF THE LAW SAN FRANCISCO,,,,USA,UNITED STATES,200 MCALLISTER ST,,67000,SAN FRANCISCO,06075,SAN FRANCISCO,06,CA,CALIFORNIA,94102,4707,CA-11,CA-11,,,,STATE-WIDE,USA,UNITED STATES,CA*****,,,,06,CALIFORNIA,,CA-11,,,21.008: LOW INCOME TAXPAYER CLINICS,TREAS-GRANTS-042026-001,1) OPEN NEW CASES DURING THE CURRENT GRANT PERIOD AND CONTINUE TO WORK CASES OPENED IN PRIOR GRANT PERIODS THROUGH TO COMPLETION FOR ELIGIBLE TAXPAYERS 2) PROVIDE CONSULTATIONS TO TAXPAYERS ABOUT THEIR FEDERAL TAX ISSUE(S) 3) CONDUCT EDUCATIONAL ACTIVITIES TO INDIVIDUALS REGARDING THEIR TAX RIGHTS AND RESPONSIBILITIES 4) IDENTIFYING AND ADVOCATING FOR ISSUES IMPACTING TAXPAYERS WHO ARE LOW INCOME OR FOR WHOM ENGLISH IS A SECOND LANGUAGE.,04,PROJECT GRANT (B),"THE PURPOSE OF THE LOW-INCOME TAXPAYER CLINIC LITC GRANT IS TO PROVIDE FINANCIAL ASSISTANCE TO, 1. A CLINICAL PROGRAM AT AN ACCREDITED LAW, BUSINESS, OR ACCOUNTING SCHOOL IN WHICH STUDENTS REPRESENT LOW-INCOME TAXPAYERS IN CONTROVERSIES ARISING UNDER IRC 7526. 2. AN ORGANIZATION DESCRIBED IN SECTION 501C AND EXEMPT FROM TAX UNDER SECTION 501A THROUGH REPRESENTATION OF TAXPAYERS OR REFERRAL OF TAXPAYERS TO QUALIFIED REPRESENTATIVES. ACTIVITIES TO BE PERFORMED UNDER THE LITC PROGRAM, THE INTERNAL REVENUE SERVICE AWARDS GRANTS SO THAT GRANT RECIPIENTS ARE ABLE TO PROVIDE TAX REPRESENTATION BEFORE THE INTERNAL REVENUE SERVICE OR OTHER TRIBUNAL ON FEDERAL TAX MATTERS, EDUCATIONAL ACTIVITIES ON VARIOUS TAX TOPICS AND ADVOCACY ON TAX ISSUES IMPACTING THE INTENDED BENEFICIARIES. END GOAL AND EXPECTED OUTCOMES, THE LITC PROGRAM AWARDS GRANTS TO, 1. OPEN NEW AND WORK PREVIOUSLY OPENED REPRESENTATION CASES. 2. CONSULT WITH TAXPAYERS ON THEIR SPECIFIC TAX ISSUE. 3. CONDUCT EDUCATIONAL ACTIVITIES. 4. MAKE CONTRIBUTIONS TO THE IMPROVEMENT TO TAX ADMINISTRATION BY ADVOCATING FOR CHANGES OR IMPROVEMENTS TO IRS ADMINISTRATION. INTENDED BENEFICIARIES, TAXPAYERS WITH INCOMES THAT DO NOT EXCEED 250 PERCENT OF THE FEDERAL POVERTY GUIDELINES AND TAXPAYERS FOR WHOM ENGLISH IS THEIR SECOND LANGUAGE. SUBRECIPIENT ACTIVITIES, IN LIMITED CIRCUMSTANCES AND WITH ADVANCED APPROVAL BY THE LITC PROGRAM OFFICE, SUBRECIPIENTS MAY BE UTILIZED BY GRANT RECIPIENTS TO HELP DELIVER KEY BROADBAND ELEMENTS OF THE PROGRAM. 5. REASON FOR MODIFICATION IF SHOWING A POSITIVE AMOUNT IS AN OBLIGATION FOR THE YEAR THAT IS REPRESENTED BY THE FIRST TWO DIGITS OF THE PRIME AWARD I.D., IF SHOWING A NEGATIVE AMOUNT IT IS A DE-OBLIGATION OR A RETURN OF FUNDS FOR THE YEAR REPRESENTED BY THE FIRST TWO DIGITS OF THE PRIME AWARD I.D.",NON,NOT RECOVERY ACT,H,PUBLIC/STATE CONTROLLED INSTITUTION OF HIGHER EDUCATION,2,NON-AGGREGATE RECORD,,,,,,,,,,,https://www.usaspending.gov/award/ASST_NON_26-LITC0500-02_020/,2026-03-11 19:01:44.807715+00
ASST_NON_31800720272026_069,31800720272026,,SAI NOT AVAILABLE,,,,,,2026-03-07,2026,109000.00,,0.00,5736.84,114736.84,0.00,0.00,2026-03-07,2026,2026-03-07,2030-03-06,069,Department of Transportation,6920,Federal Aviation Administration,69A235,CHICAGO AIRPORTS DIVISION OFFICE,069,Department of Transportation,6920,Federal Aviation Administration,69A235,CHICAGO AIRPORTS DIVISION OFFICE,,,,,XEX2ADM9NKC9,,FULTON COUNTY AIRPORT AUTHORITY,FULTON CNTY ARPT AUTH,,,,USA,UNITED STATES,545 S.R. 25 NORTH,,65214,ROCHESTER,18049,FULTON,18,IN,INDIANA,46975,9776,IN-02,IN-02,,,,SINGLE ZIP CODE,USA,UNITED STATES,IN65214,ROCHESTER,18049,FULTON,18,INDIANA,46975,IN-02,IN-02,,20.117: AIRPORT INFRASTRUCTURE GRANTS,NOT APPLICABLE,NOT APPLICABLE,04,PROJECT GRANT (B),"PURPOSE: CONSTRUCT/MODIFY/IMPROVE/REHABILITATE HANGAR.  ACTIVITIES TO BE PERFORMED/EXPECTED OUTCOMES: THIS PROJECT CONSTRUCTS A NEW 6,400 SQUARE FOOT AIRCRAFT HANGAR FOR AIRCRAFT STORAGE, MAINTENANCE, OR SERVICE TO ASSIST THE AIRPORT TO BE AS SELF-SUSTAINING AS POSSIBLE BY GENERATING REVENUE. THIS GRANT FUNDS THE FINAL PHASE, WHICH CONSISTS OF THE PARTIAL REIMBURSEMENT FOR THE AIRCRAFT HANGAR IMPROVEMENTS COMPLETED IN JANUARY 2024.  INTENDED BENEFICIARY: THIS GRANT WILL PROVIDE FEDERAL FUNDING FOR AIRPORTS ASSOCIATED WITH ROCHESTER, INDIANA.",NON,NOT RECOVERY ACT,D,SPECIAL DISTRICT GOVERNMENT,2,NON-AGGREGATE RECORD,,,,,,,,,,,https://www.usaspending.gov/award/ASST_NON_31800720272026_069/,2026-03-11 11:48:54.057174+00
ASST_NON_34900130272026_069,34900130272026,,SAI NOT AVAILABLE,,,,,,2026-03-06,2026,137000.00,,0.00,14164.07,151164.07,0.00,0.00,2026-03-06,2026,2026-03-06,2030-03-05,069,Department of Transportation,6920,Federal Aviation Administration,69A260,DENVER AIRPORTS DIVISION OFFICE,069,Department of Transportation,6920,Federal Aviation Administration,69A260,DENVER AIRPORTS DIVISION OFFICE,,,,,TY2WCRYTMAL6,,CITY OF KANAB,CITY OF KANAB,,,,USA,UNITED STATES,26 N 100 E,KANAB CITY OF,39920,KANAB,49025,KANE,49,UT,UTAH,84741,3501,UT-02,UT-02,,,,SINGLE ZIP CODE,USA,UNITED STATES,UT39920,KANAB,49025,KANE,49,UTAH,84741,UT-02,UT-02,,20.117: AIRPORT INFRASTRUCTURE GRANTS,NOT APPLICABLE,NOT APPLICABLE,04,PROJECT GRANT (B),"PURPOSE: CONSTRUCT OR IMPROVE FUEL FARM.  ACTIVITIES TO BE PERFORMED/EXPECTED OUTCOMES: THIS PROJECT EXPANDS AN EXISTING PUMP FUEL FACILITY AT A NONPRIMARY AIRPORT BY ADDING ONE FUEL TANK FOR A NEW FUEL TYPE TO ASSIST THE AIRPORT TO BE AS SELF-SUSTAINING AS POSSIBLE BY GENERATING REVENUE. THIS PROJECT IS ALLOWABLE UNDER THE INFRASTRUCTURE INVESTMENT AND JOBS ACT'S EXPANDED ELIGIBILITY. . THIS GRANT FUNDS A PORTION OF THE FINAL PHASE, WHICH CONSISTS OF CONSTRUCTION. THIS GRANT IS ASSOCIATED WITH AN AIRPORT INFRASTRUCTURE GRANT THAT FUNDS THE REMAINING ELIGIBLE PORTION OF CONSTRUCTION.  INTENDED BENEFICIARY: THIS GRANT WILL PROVIDE FEDERAL FUNDING FOR AIRPORTS ASSOCIATED WITH KANAB, UTAH.",NON,NOT RECOVERY ACT,C,CITY OR TOWNSHIP GOVERNMENT,2,NON-AGGREGATE RECORD,,,,,,,,,,,https://www.usaspending.gov/award/ASST_NON_34900130272026_069/,2026-03-11 11:48:54.057174+00
ASST_NON_35600040792026_069,35600040792026,,SAI NOT AVAILABLE,,,,,,2026-03-02,2026,968394.00,,0.00,64559.60,1032953.60,0.00,0.00,2026-03-02,2026,2026-03-02,2030-03-01,069,Department of Transportation,6920,Federal Aviation Administration,69A260,DENVER AIRPORTS DIVISION OFFICE,069,Department of Transportation,6920,Federal Aviation Administration,69A260,DENVER AIRPORTS DIVISION OFFICE,,,,,N93MBMMCNPJ6,,NATRONA COUNTY INTERNATIONAL AIRPORT,CNTYNATRONABDTRUSTEES,,,,USA,UNITED STATES,8500 AIRPORT PKWY STE 208,NATRONA COUNTY INTERNATIONAL APRT,13150,CASPER,56025,NATRONA,56,WY,WYOMING,82604,1325,WY-00,WY-00,,,,SINGLE ZIP CODE,USA,UNITED STATES,WY13150,CASPER,56025,NATRONA,56,WYOMING,82604,WY-00,WY-00,,20.117: AIRPORT INFRASTRUCTURE GRANTS,NOT APPLICABLE,NOT APPLICABLE,04,PROJECT GRANT (B),"PURPOSE: ACQUIRE SNOW REMOVAL EQUIPMENT.  ACTIVITIES TO BE PERFORMED/EXPECTED OUTCOMES: THIS PROJECT ACQUIRES ONE SNOW PLOW EQUIPMENT TO ENHANCE THE AIRPORT'S ABILITY TO CLEAR THE PRIORITY AREAS OF THE AIRFIELD DURING ADVERSE WEATHER CONDITIONS. .  INTENDED BENEFICIARY: THIS GRANT WILL PROVIDE FEDERAL FUNDING FOR AIRPORTS ASSOCIATED WITH CASPER, WYOMING.",NON,NOT RECOVERY ACT,B,COUNTY GOVERNMENT,2,NON-AGGREGATE RECORD,,,,,,,,,,,https://www.usaspending.gov/award/ASST_NON_35600040792026_069/,2026-03-11 11:48:54.057174+00
ASST_NON_DRA26MO10934_517,DRA26MO10934,,,,,,,,2026-03-02,2026,63103.40,,0.00,,63103.40,0.00,0.00,2026-03-02,2026,2026-03-02,2028-03-02,517,Delta Regional Authority,9547,Delta Regional Authority,,,,,,,,,,,,,FHP1JUPBPP27,,BOOTHEEL REGIONAL PLANNING COMMISSIO,BOOTHEEL REGIONAL PLANNING AND ECONOMIC DEVELOPMENT COMMISSION,,,,USA,UNITED STATES,105 E NORTH MAIN STREET,,19396,DEXTER,29207,STODDARD,29,MO,MISSOURI,63841,1770,MO-08,MO-08,,,,SINGLE ZIP CODE,USA,UNITED STATES,MO63841,DEXTER,29207,STODDARD,29,MISSOURI,63841-1770,MO-08,MO-08,,90.201: DELTA AREA ECONOMIC DEVELOPMENT,,,10,"DIRECT PAYMENT WITH UNRESTRICTED USE (RETIREMENT, PENSION, VETERANS BENEFITS, ETC.) (D)",PROGRAM WILL WORK MORE CLOSELY WITH COMMUNITY LEADERS TO IDENTIFY FUNDING OPPORTUNITIES AND ALIGN THEM WITH LOCAL PRIORITIES THAT IMPROVE QUALITY OF LIFE AND SUPPORT LONG TERM ECONOMIC VIABILITY,NON,NOT RECOVERY ACT,A,STATE GOVERNMENT,2,NON-AGGREGATE RECORD,,,,,,,,,,,https://www.usaspending.gov/award/ASST_NON_DRA26MO10934_517/,2026-02-05 18:21:03.391138+00
ASST_NON_693JJ32640359_069,693JJ32640359,,,,,,,,2026-03-02,2026,300000.00,,0.00,0.00,300000.00,0.00,0.00,2026-03-02,2026,2026-03-02,2028-09-02,069,Department of Transportation,6925,Federal Highway Administration,693JJ3,693JJ3 ACQUISITION AND GRANTS MGT,069,Department of Transportation,6925,Federal Highway Administration,693JH9,FHWA OFFICE OF SAFETY,,,,,KD24W4G8LP36,,WEST FLORIDA REGIONAL PLANNING COUNCIL,WEST FLORIDA REGIONAL PLANNING COUNCIL,,,,USA,UNITED STATES,418 E GREGORY ST,STE 100,55925,PENSACOLA,12033,ESCAMBIA,12,FL,FLORIDA,32502,4902,FL-01,FL-01,,,,CITY-WIDE,USA,UNITED STATES,FL55925,PENSACOLA,12033,ESCAMBIA,12,FLORIDA,CITY-WIDE,FL-01,FL-01,,20.939: SAFE STREETS AND ROADS FOR ALL,DOT-SS4A-FY24-01,"THE PURPOSE OF SS4A GRANTS IS TO IMPROVE ROADWAY SAFETY BY SIGNIFICANTLY REDUCING OR ELIMINATING ROADWAY FATALITIES AND SERIOUS INJURIES THROUGH SAFETY ACTION PLAN DEVELOPMENT AND REFINEMENT AND IMPLEMENTATION FOCUSED ON ALL USERS, INCLUDING PEDESTRIANS, BICYCLISTS, PUBLIC TRANSPORTATION USERS, MOTORISTS, PERSONAL CONVEYANCE AND MICROMOBILITY USERS, AND COMMERCIAL VEHICLE OPERATORS. THE PROGRAM PROVIDES FUNDING TO DEVELOP THE TOOLS TO HELP STRENGTHEN A COMMUNITY'S APPROACH TO ROADWAY SAFETY AND SAVE LIVES AND IS DESIGNED TO MEET THE NEEDS OF DIVERSE LOCAL, TRIBAL, AND REGIONAL COMMUNITIES THAT DIFFER DRAMATICALLY IN SIZE, LOCATION, AND EXPERIENCE ADMINISTERING FEDERAL FUNDING.",04,PROJECT GRANT (B),"SAFE STREETS AND ROADS FOR ALL PLANNING GRANT FOR THE EMERALD COAST REGIONAL COUNCIL (WEST FLORIDA REGIONAL PLANNING COUNCIL), FL",NON,NOT RECOVERY ACT,E,REGIONAL ORGANIZATION,2,NON-AGGREGATE RECORD,,,,,,,,,,,https://www.usaspending.gov/award/ASST_NON_693JJ32640359_069/,2026-03-02 18:21:39.888285+00
ASST_NON_693JJ32640420_069,693JJ32640420,,,,,,,,2026-03-02,2026,180000.00,,0.00,0.00,180000.00,0.00,0.00,2026-03-02,2026,2026-03-02,2028-10-30,069,Department of Transportation,6925,Federal Highway Administration,693JJ3,693JJ3 ACQUISITION AND GRANTS MGT,069,Department of Transportation,6925,Federal Highway Administration,693JH9,FHWA OFFICE OF SAFETY,,,,,LUGMFJ9F6AS3,,CITY OF FAIRMONT,CITY OF FAIRMONT,,,CITY OF FAIRMONT,USA,UNITED STATES,200 JACKSON ST,,26452,FAIRMONT,54049,MARION,54,WV,WEST VIRGINIA,26554,0163,WV-02,WV-02,,,,CITY-WIDE,USA,UNITED STATES,WV26452,FAIRMONT,54049,MARION,54,WEST VIRGINIA,CITY-WIDE,WV-02,WV-02,,20.939: SAFE STREETS AND ROADS FOR ALL,DOT-SS4A-FY24-01,"THE PURPOSE OF SS4A GRANTS IS TO IMPROVE ROADWAY SAFETY BY SIGNIFICANTLY REDUCING OR ELIMINATING ROADWAY FATALITIES AND SERIOUS INJURIES THROUGH SAFETY ACTION PLAN DEVELOPMENT AND REFINEMENT AND IMPLEMENTATION FOCUSED ON ALL USERS, INCLUDING PEDESTRIANS, BICYCLISTS, PUBLIC TRANSPORTATION USERS, MOTORISTS, PERSONAL CONVEYANCE AND MICROMOBILITY USERS, AND COMMERCIAL VEHICLE OPERATORS. THE PROGRAM PROVIDES FUNDING TO DEVELOP THE TOOLS TO HELP STRENGTHEN A COMMUNITY'S APPROACH TO ROADWAY SAFETY AND SAVE LIVES AND IS DESIGNED TO MEET THE NEEDS OF DIVERSE LOCAL, TRIBAL, AND REGIONAL COMMUNITIES THAT DIFFER DRAMATICALLY IN SIZE, LOCATION, AND EXPERIENCE ADMINISTERING FEDERAL FUNDING.",04,PROJECT GRANT (B),"SAFE STREETS AND ROADS FOR ALL PLANNING GRANT FOR THE CITY OF FAIRMONT, WV",NON,NOT RECOVERY ACT,C,CITY OR TOWNSHIP GOVERNMENT,2,NON-AGGREGATE RECORD,,,,,,,,,,,https://www.usaspending.gov/award/ASST_NON_693JJ32640420_069/,2026-03-02 18:33:08.219327+00
ASST_NON_693JF72660014SIP0TX_069,693JF72660014SIP0TX,,,,,,,,2026-03-04,2026,64000.00,,,,64000.00,0.00,0.00,2026-03-04,2026,2026-03-04,2030-03-04,069,Department of Transportation,6938,Maritime Administration,69A334,MARITIME ADMINISTRATION,069,Department of Transportation,6938,Maritime Administration,69A334,MARITIME ADMINISTRATION,,,,,,,REDACTED DUE TO PII,REDACTED DUE TO PII,,,,USA,UNITED STATES,,,18344,CYPRESS,48201,HARRIS,48,TX,TEXAS,77433,,TX-08,TX-10,,,,SINGLE ZIP CODE,USA,UNITED STATES,TX18344,CYPRESS,48201,HARRIS,48,TEXAS,77433,TX-08,TX-10,,20.806: STATE MARITIME SCHOOLS,,,06,"DIRECT PAYMENT FOR SPECIFIED USE, AS A SUBSIDY OR OTHER NON-REIMBURSABLE DIRECT FINANCIAL AID (C)","MARAD STUDENT INCENTIVE PAYMENTS PROGRAM PROVIDDES PAYMENTS TO STUDENTS UP TO $16,000 PER YEAR FOR 4 YEARS SUPPORT TO CADETS ENROLLED IN THE STRATEGIC SEALIFT MIDSHIPMEN PROGRAM (SSMP) AT ONE OF SIX STATE MARITIME ACADEMIES (SMAS) BECOMING LICENSED OFFICERS IN THE U.S MERCHANT MARINE.",NON,NOT RECOVERY ACT,P,INDIVIDUAL,3,NON-AGGREGATE RECORD TO AN INDIVIDUAL RECIPIENT (PII-REDACTED),,,,,,,,,,,https://www.usaspending.gov/award/ASST_NON_693JF72660014SIP0TX_069/,2026-03-04 16:17:59.969984+00
ASST_NON_693JF72660015SIP0TX_069,693JF72660015SIP0TX,,,,,,,,2026-03-04,2026,64000.00,,,,64000.00,0.00,0.00,2026-03-04,2026,2026-03-04,2030-03-04,069,Department of Transportation,6938,Maritime Administration,69A334,MARITIME ADMINISTRATION,069,Department of Transportation,6938,Maritime Administration,69A334,MARITIME ADMINISTRATION,,,,,,,REDACTED DUE TO PII,REDACTED DUE TO PII,,,,USA,UNITED STATES,,,61500,ROCKLEDGE,12009,BREVARD,12,FL,FLORIDA,32955,,FL-08,FL-08,,,,SINGLE ZIP CODE,USA,UNITED STATES,FL61500,ROCKLEDGE,12009,BREVARD,12,FLORIDA,32955,FL-08,FL-08,,20.806: STATE MARITIME SCHOOLS,,,06,"DIRECT PAYMENT FOR SPECIFIED USE, AS A SUBSIDY OR OTHER NON-REIMBURSABLE DIRECT FINANCIAL AID (C)","MARAD STUDENT INCENTIVE PAYMENTS PROGRAM PROVIDDES PAYMENTS TO STUDENTS UP TO $16,000 PER YEAR FOR 4 YEARS SUPPORT TO CADETS ENROLLED IN THE STRATEGIC SEALIFT MIDSHIPMEN PROGRAM (SSMP) AT ONE OF SIX STATE MARITIME ACADEMIES (SMAS) BECOMING LICENSED OFFICERS IN THE U.S MERCHANT MARINE.",NON,NOT RECOVERY ACT,P,INDIVIDUAL,3,NON-AGGREGATE RECORD TO AN INDIVIDUAL RECIPIENT (PII-REDACTED),,,,,,,,,,,https://www.usaspending.gov/award/ASST_NON_693JF72660015SIP0TX_069/,2026-03-04 16:17:59.969984+00
ASST_NON_693JF72660016SIP0MI_069,693JF72660016SIP0MI,,,,,,,,2026-03-04,2026,64000.00,,,,64000.00,0.00,0.00,2026-03-04,2026,2026-03-04,2030-03-04,069,Department of Transportation,6938,Maritime Administration,69A334,MARITIME ADMINISTRATION,069,Department of Transportation,6938,Maritime Administration,69A334,MARITIME ADMINISTRATION,,,,,,,REDACTED DUE TO PII,REDACTED DUE TO PII,,,,USA,UNITED STATES,,,62020,OXFORD,26087,LAPEER,26,MI,MICHIGAN,48371,,MI-09,MI-09,,,,SINGLE ZIP CODE,USA,UNITED STATES,MI62020,OXFORD,26087,LAPEER,26,MICHIGAN,48371,MI-09,MI-09,,20.806: STATE MARITIME SCHOOLS,,,06,"DIRECT PAYMENT FOR SPECIFIED USE, AS A SUBSIDY OR OTHER NON-REIMBURSABLE DIRECT FINANCIAL AID (C)","MARAD STUDENT INCENTIVE PAYMENTS PROGRAM PROVIDDES PAYMENTS TO STUDENTS UP TO $16,000 PER YEAR FOR 4 YEARS SUPPORT TO CADETS ENROLLED IN THE STRATEGIC SEALIFT MIDSHIPMEN PROGRAM (SSMP) AT ONE OF SIX STATE MARITIME ACADEMIES (SMAS) BECOMING LICENSED OFFICERS IN THE U.S MERCHANT MARINE.",NON,NOT RECOVERY ACT,P,INDIVIDUAL,3,NON-AGGREGATE RECORD TO AN INDIVIDUAL RECIPIENT (PII-REDACTED),,,,,,,,,,,https://www.usaspending.gov/award/ASST_NON_693JF72660016SIP0MI_069/,2026-03-04 16:17:59.969984+00
ASST_NON_693JF72660021SIP0CA_069,693JF72660021SIP0CA,,,,,,,,2026-03-04,2026,64000.00,,,,64000.00,0.00,0.00,2026-03-04,2026,2026-03-04,2030-03-04,069,Department of Transportation,6938,Maritime Administration,69A334,MARITIME ADMINISTRATION,069,Department of Transportation,6938,Maritime Administration,69A334,MARITIME ADMINISTRATION,,,,,,,REDACTED DUE TO PII,REDACTED DUE TO PII,,,,USA,UNITED STATES,,,69084,SANTA CLARA,06085,SANTA CLARA,06,CA,CALIFORNIA,95051,,CA-17,CA-17,,,,SINGLE ZIP CODE,USA,UNITED STATES,CA69084,SANTA CLARA,06085,SANTA CLARA,06,CALIFORNIA,95051,CA-17,CA-17,,20.806: STATE MARITIME SCHOOLS,,,06,"DIRECT PAYMENT FOR SPECIFIED USE, AS A SUBSIDY OR OTHER NON-REIMBURSABLE DIRECT FINANCIAL AID (C)","MARAD STUDENT INCENTIVE PAYMENTS PROGRAM PROVIDDES PAYMENTS TO STUDENTS UP TO $16,000 PER YEAR FOR 4 YEARS SUPPORT TO CADETS ENROLLED IN THE STRATEGIC SEALIFT MIDSHIPMEN PROGRAM (SSMP) AT ONE OF SIX STATE MARITIME ACADEMIES (SMAS) BECOMING LICENSED OFFICERS IN THE U.S MERCHANT MARINE.",NON,NOT RECOVERY ACT,P,INDIVIDUAL,3,NON-AGGREGATE RECORD TO AN INDIVIDUAL RECIPIENT (PII-REDACTED),,,,,,,,,,,https://www.usaspending.gov/award/ASST_NON_693JF72660021SIP0CA_069/,2026-03-04 16:17:59.969984+00
ASST_NON_2602OKSCIP_075,2602OKSCIP,2602OKSCIP-1631394410,SAI UNAVAILABLE,,,,,,2026-03-04,2026,0.00,,0.00,0.00,0.00,0.00,0.00,2026-03-02,2026,2025-10-01,2027-09-30,075,Department of Health and Human Services,7590,Administration for Children and Families,75AGM1,ACF Office of Grants Management,075,Department of Health and Human Services,7590,Administration for Children and Families,75KB00,"ACF ADMINISTRATION ON CHILDREN, YOUTH, AND FAMILIES",,,,,LZK5EELUL1N5,,SUPREME COURT OF OKLAHOMA,SUPREME COURT OF OKLAHOMA,,,,USA,UNITED STATES,2100 N LINCOLN BLVD,STE 3,55000,OKLAHOMA CITY,40109,OKLAHOMA,40,OK,OKLAHOMA,73105,4923,OK-05,OK-05,,,,STATE-WIDE,USA,UNITED STATES,OK*****,,,,40,OKLAHOMA,,OK-90,,,93.586: STATE COURT IMPROVEMENT PROGRAM,NOT APPLICABLE,NOT APPLICABLE,03,FORMULA GRANT (A),SCIP-2026 - STATE COURT IMPROVEMENT - BASIC PROGRAM,NON,NOT RECOVERY ACT,A,STATE GOVERNMENT,2,NON-AGGREGATE RECORD,,,,,,,,,,,https://www.usaspending.gov/award/ASST_NON_2602OKSCIP_075/,2026-03-05 22:04:43.296484+00
ASST_NON_693JJ32640379_069,693JJ32640379,,,,,,,,2026-03-05,2026,1603000.00,,0.00,6900000.00,8503000.00,0.00,0.00,2026-03-05,2026,2026-03-05,2032-12-31,069,Department of Transportation,6925,Federal Highway Administration,693JJ3,693JJ3 ACQUISITION AND GRANTS MGT,069,Department of Transportation,6925,Federal Highway Administration,693JH6,FHWA OFFICE OF OPERATIONS,,,,,HAAWKXL2PLE3,,CITY OF ATLANTA,CITY OF ATLANTA,,,CITY OF ATLANTA,USA,UNITED STATES,55 TRINITY AVE,,04000,ATLANTA,13121,FULTON,13,GA,GEORGIA,30303,3520,GA-05,GA-05,,,,SINGLE ZIP CODE,USA,UNITED STATES,GA04000,ATLANTA,13121,FULTON,13,GEORGIA,303033520,GA-05,GA-05,,20.933: NATIONAL INFRASTRUCTURE INVESTMENTS,DTOS59-24-RA-RAISE,RAISE GRANTS ARE FOR CAPITAL INVESTMENTS IN SURFACE TRANSPORTATION THAT WILL HAVE A SIGNIFICANT LOCAL OR REGIONAL IMPACT.,04,PROJECT GRANT (B),"CITY OF ATLANTA, GEORGIA; WESTSIDE PARK MULTIMODAL ACCESS UNDER THE REBUILDING AMERICAN INFRASTRUCTURE WITH SUSTAINABILITY AND EQUITY PROGRAM.",NON,NOT RECOVERY ACT,C,CITY OR TOWNSHIP GOVERNMENT,2,NON-AGGREGATE RECORD,,,,,,,,,,,https://www.usaspending.gov/award/ASST_NON_693JJ32640379_069/,2026-03-05 19:00:15.698247+00
ASST_NON_693JJ32640422_069,693JJ32640422,,,,,,,,2026-03-05,2026,12000000.00,,1706978.00,3000000.00,15000000.00,0.00,0.00,2026-03-05,2026,2026-03-05,2031-03-05,069,Department of Transportation,6925,Federal Highway Administration,693JJ3,693JJ3 ACQUISITION AND GRANTS MGT,069,Department of Transportation,6925,Federal Highway Administration,693JH9,FHWA OFFICE OF SAFETY,,,,,SJJLX5JLDT56,,SOUTHERN CALIFORNIA ASSOCIATION OF GOVERNMENTS,SOUTHERN CALIFORNIA ASSOCIATION OF GOVERNMENTS,SJJLX5JLDT56,,SOUTHERN CALIFORNIA ASSOCIATION OF GOVERNMENTS,USA,UNITED STATES,900 WILSHIRE BLVD FL 17,,44000,LOS ANGELES,06037,LOS ANGELES,06,CA,CALIFORNIA,90017,4701,CA-34,CA-34,,,,SINGLE ZIP CODE,USA,UNITED STATES,CA90017,LOS ANGELES,06037,LOS ANGELES,06,CALIFORNIA,900174701,CA-34,CA-34,,20.939: SAFE STREETS AND ROADS FOR ALL,DOT-SS4A-FY23-01,"THE PURPOSE OF SS4A GRANTS IS TO IMPROVE ROADWAY SAFETY BY SIGNIFICANTLY REDUCING OR ELIMINATING ROADWAY FATALITIES AND SERIOUS INJURIES THROUGH SAFETY ACTION PLAN DEVELOPMENT AND REFINEMENT AND IMPLEMENTATION FOCUSED ON ALL USERS, INCLUDING PEDESTRIANS, BICYCLISTS, PUBLIC TRANSPORTATION USERS, MOTORISTS, PERSONAL CONVEYANCE AND MICROMOBILITY USERS, AND COMMERCIAL VEHICLE OPERATORS. THE PROGRAM PROVIDES FUNDING TO DEVELOP THE TOOLS TO HELP STRENGTHEN A COMMUNITY'S APPROACH TO ROADWAY SAFETY AND SAVE LIVES AND IS DESIGNED TO MEET THE NEEDS OF DIVERSE LOCAL, TRIBAL, AND REGIONAL COMMUNITIES THAT DIFFER DRAMATICALLY IN SIZE, LOCATION, AND EXPERIENCE ADMINISTERING FEDERAL FUNDING.",04,PROJECT GRANT (B),"SAFE STREETS AND ROADS FOR ALL DEMONSTRATION GRANT FOR THE SOUTHERN CALIFORNIA ASSOCIATION OF GOVERNMENTS, CALIFORNIA.",NON,NOT RECOVERY ACT,E,REGIONAL ORGANIZATION,2,NON-AGGREGATE RECORD,,,,,,,,,,,https://www.usaspending.gov/award/ASST_NON_693JJ32640422_069/,2026-03-05 19:57:40.851603+00
ASST_NON_K23DC022971_075,K23DC022971,K23DC022971-3398455136,SAI UNAVAILABLE,,,,,,2026-03-02,2026,192672.00,,14272.00,0.00,192672.00,0.00,0.00,2026-03-02,2026,2026-04-01,2030-03-31,075,Department of Health and Human Services,7529,National Institutes of Health,75N300,NIH National Institute on Deafness and Other Communication Disorders,075,Department of Health and Human Services,7529,National Institutes of Health,75N300,NIH National Institute on Deafness and Other Communication Disorders,,,,,F27KDXZMF9Y8,,UNIVERSITY OF ROCHESTER,UNIVERSITY OF ROCHESTER,,,UNIVERSITY OF ROCHESTER,USA,UNITED STATES,910 GENESEE ST,STE 200,63000,ROCHESTER,36055,MONROE,36,NY,NEW YORK,14611,3847,NY-25,NY-25,,,,SINGLE ZIP CODE,USA,UNITED STATES,NY63000,ROCHESTER,36055,MONROE,36,NEW YORK,14642,NY-25,NY-25,,93.173: RESEARCH RELATED TO DEAFNESS AND COMMUNICATION DISORDERS,PA-24-186,"TO INVESTIGATE SOLUTIONS TO PROBLEMS DIRECTLY RELEVANT TO INDIVIDUALS WITH DEAFNESS OR DISORDERS OF HUMAN COMMUNICATION IN THE AREAS OF HEARING, BALANCE, SMELL, TASTE, VOICE, SPEECH, AND LANGUAGE. THE NATIONAL INSTITUTE ON DEAFNESS AND OTHER COMMUNICATION DISORDERS (NIDCD) SUPPORTS RESEARCH AND RESEARCH TRAINING, INCLUDING INVESTIGATION INTO THE ETIOLOGY, PATHOLOGY, DETECTION, TREATMENT, AND PREVENTION OF DISORDERS OF HEARING AND OTHER COMMUNICATION PROCESSES, PRIMARILY THROUGH THE SUPPORT OF BASIC AND APPLIED RESEARCH IN ANATOMY, AUDIOLOGY, BIOCHEMISTRY, BIOENGINEERING, EPIDEMIOLOGY, GENETICS, IMMUNOLOGY, MICROBIOLOGY, MOLECULAR BIOLOGY, THE NEUROSCIENCES, OTOLARYNGOLOGY, PSYCHOLOGY, PHARMACOLOGY, PHYSIOLOGY, PSYCHOPHYSICS, SPEECH-LANGUAGE PATHOLOGY, AND OTHER SCIENTIFIC DISCIPLINES. THE NIDCD SUPPORTS: (1) RESEARCH INTO THE EVALUATION OF TECHNIQUES AND DEVICES USED IN DIAGNOSIS, TREATMENT, REHABILITATION, AND PREVENTION OF DISORDERS OF HEARING AND OTHER COMMUNICATION PROCESSES, (2) RESEARCH INTO PREVENTION AND EARLY DETECTION AND DIAGNOSIS OF HEARING LOSS AND SPEECH, VOICE, AND LANGUAGE DISORDERS AND RESEARCH INTO PREVENTING THE EFFECTS OF SUCH DISORDERS BY MEANS OF  APPROPRIATE REFERRAL AND REHABILITATION, (3) RESEARCH INTO THE DETECTION, TREATMENT, AND PREVENTION OF DISORDERS OF HEARING AND OTHER COMMUNICATION PROCESSES IN THE ELDERLY POPULATION AND ITS REHABILITATION TO ENSURE CONTINUED EFFECTIVE COMMUNICATION SKILLS, AND (4) RESEARCH TO EXPAND KNOWLEDGE OF THE EFFECTS OF ENVIRONMENTAL AGENTS THAT INFLUENCE HEARING OR OTHER COMMUNICATION PROCESSES.  SMALL BUSINESS INNOVATION RESEARCH (SBIR) PROGRAM: TO INCREASE PRIVATE SECTOR COMMERCIALIZATION OF INNOVATIONS DERIVED FROM FEDERAL RESEARCH AND DEVELOPMENT, TO ENCOURAGE SMALL BUSINESS PARTICIPATION IN FEDERAL RESEARCH AND DEVELOPMENT, AND TO FOSTER PARTICIPATION OF SOCIALLY AND ECONOMICALLY DISADVANTAGED SMALL BUSINESS CONCERNS AND WOMEN-OWNED SMALL BUSINESS CONCERNS IN TECHNOLOGICAL INNOVATION. SMALL BUSINESS TECHNOLOGY TRANSFER (STTR) PROGRAM: TO STIMULATE AND FOSTER SCIENTIFIC AND TECHNOLOGICAL INNOVATION THROUGH COOPERATIVE RESEARCH AND DEVELOPMENT CARRIED OUT BETWEEN SMALL BUSINESS CONCERNS AND RESEARCH INSTITUTIONS, TO FOSTER TECHNOLOGY TRANSFER BETWEEN SMALL BUSINESS CONCERNS AND RESEARCH INSTITUTIONS, TO INCREASE PRIVATE SECTOR COMMERCIALIZATION OF INNOVATIONS DERIVED FROM FEDERAL RESEARCH AND DEVELOPMENT, AND TO FOSTER AND ENCOURAGE PARTICIPATION OF SOCIALLY AND ECONOMICALLY DISADVANTAGED SMALL BUSINESS CONCERNS AND WOMEN-OWNED SMALL BUSINESS CONCERNS IN TECHNOLOGICAL INNOVATION.",04,PROJECT GRANT (B),"TRANSLATIONAL VIRTUAL REALITY AND ELECTROPHYSIOLOGIC INVESTIGATION OF AUDIOVISUAL SPATIAL ATTENTION IN ASD AND ADHD - ABSTRACT  CHILDREN WITH AUTISM SPECTRUM DISORDER (ASD) AND ATTENTION DEFICIT HYPERACTIVITY DISORDER (ADHD) OFTEN STRUGGLE TO UNDERSTAND SPEECH IN NOISY ENVIRONMENTS, IMPAIRING COMMUNITY PARTICIPATION. DESPITE THE HIGH PREVALENCE OF THESE AUDITORY PROCESSING DISORDERS, EVIDENCE-BASED INTERVENTIONS REMAIN LIMITED DUE TO GAPS IN UNDERSTANDING NEURAL MECHANISMS AND THE IMPACT OF CLINICAL HETEROGENEITY. THIS PROJECT ADDRESSES THESE GAPS THROUGH A SERIES OF TRANSLATIONAL AIMS THAT COMBINE ELECTROPHYSIOLOGY (EEG), VIRTUAL REALITY (VR), NEUROPSYCHOLOGICAL PHENOTYPING, AND COMMUNITY-ENGAGED RESEARCH TO INFORM THE DEVELOPMENT OF TARGETED INTERVENTIONS.  PRIOR WORK HAS IMPLICATED AUDIOVISUAL INTEGRATION OF LIP MOVEMENTS WITH SPEECH SOUNDS AS A CONTRIBUTING MECHANISM TO AUDITORY PROCESSING DISORDERS BUT HAS LARGELY OVERLOOKED THE CONFOUNDING ROLE OF SPATIAL ATTENTION DEFICITS. DISAMBIGUATING THEIR CONTRIBUTIONS IS CRITICAL FOR DESIGNING MECHANISM-TARGETED INTERVENTIONS. THIS PROJECT TESTS THE HYPOTHESIS THAT DISRUPTED VISUAL AND/OR AUDITORY SPATIAL ATTENTION MECHANISMS NEGATIVELY IMPACT AUDIOVISUAL SPEECH-IN-NOISE PERCEPTION IN SPECIFIC SUBPOPULATIONS OF CHILDREN WITH NEURODEVELOPMENTAL DISORDERS AND SERVE AS A PROMISING TARGET FOR MECHANISM-INFORMED VR INTERVENTIONS.  IN AIM 1, WE WILL USE EEG TO COMPARE NEURAL SIGNATURES OF AUDIOVISUAL INTEGRATION AND SPATIAL ATTENTION IN SCHOOL-AGE CHILDREN WITH TD, ADHD-ONLY, ASD-ONLY, AND ASD+ADHD, CLARIFYING MECHANISMS DRIVING AUDITORY PROCESSING CHALLENGES. IN AIM 2, WE WILL CONDUCT DEEP PHENOTYPING ACROSS COGNITIVE, ATTENTIONAL, AND SENSORY DOMAINS AND PERFORM NEURAL-PHENOTYPIC CORRELATIONS TO EXAMINE HOW THE NEURAL DIFFERENCES FROM AIM 1 RELATE TO HETEROGENEITY IN CLINICAL PRESENTATION. IN AIM 3, WE WILL LEVERAGE AN EXISTING ADHD COHORT FOR WHOM WE HAVE ALREADY DEMONSTRATED SPATIAL ATTENTION DEFICITS TO DEVELOP A PROTOTYPE VR-BASED SPATIAL ATTENTION TRAINING VIA A USER-CENTERED DESIGN PROCESS.  THIS WORK WILL IMPROVE PRECISION IN IDENTIFYING SUBGROUPS OF CHILDREN WITH ASD AND ADHD WHO MAY BENEFIT FROM TARGETED INTERVENTIONS, BRIDGING THE GAP BETWEEN NEUROSCIENCE AND CLINICAL APPLICATION. IT ALSO CENTERS FAMILY AND STAKEHOLDER PERSPECTIVES, ENSURING REAL-WORLD FEASIBILITY.  AS AN EARLY-STAGE INVESTIGATOR TRAINED IN DEVELOPMENTAL-BEHAVIORAL PEDIATRICS AND NEUROSCIENCE, THE PI IS WELL-POSITIONED TO BENEFIT FROM LEADING THIS TRANSLATIONAL WORK. THE PI HAS STRONG MENTORSHIP AT THE UNIVERSITY OF ROCHESTER MEDICAL CENTER ACROSS NEUROSCIENCE AND PEDIATRICS DEPARTMENTS AND EXTERNAL COLLABORATORS IN VR DESIGN AT THE NEARBY ROCHESTER INSTITUTE OF TECHNOLOGY. THE TRAINING PLAN WILL DEVELOP THE PI’S SKILLS IN QUALITATIVE RESEARCH AND CLINICAL TRIAL DESIGN, FOSTERING A RESEARCH PROGRAM FOCUSED ON THE TRANSLATION OF MECHANISTIC UNDERSTANDING INTO EVIDENCE-BASED INTERVENTION.",NON,NOT RECOVERY ACT,O,PRIVATE INSTITUTION OF HIGHER EDUCATION,2,NON-AGGREGATE RECORD,,,,,,,,,,,https://www.usaspending.gov/award/ASST_NON_K23DC022971_075/,2026-03-05 22:04:43.296484+00
ASST_NON_R01AG082030_075,R01AG082030,R01AG082030-3606786885,SAI UNAVAILABLE,,,,,,2026-03-03,2026,661985.00,,0.00,0.00,661985.00,0.00,0.00,2026-03-03,2026,2023-03-15,2028-02-29,075,Department of Health and Human Services,7529,National Institutes of Health,75NN00,NIH National Insitute on Aging,075,Department of Health and Human Services,7529,National Institutes of Health,75NN00,NIH National Insitute on Aging,,,,,L6NFUM28LQM5,,"WASHINGTON UNIVERSITY, THE","WASHINGTON UNIVERSITY, THE",,,THE WASHINGTON UNIVERSITY,USA,UNITED STATES,1 BROOKINGS DR,,65000,SAINT LOUIS,29189,ST. LOUIS,29,MO,MISSOURI,63130,4862,MO-01,MO-01,,,,STATE-WIDE,USA,UNITED STATES,MO*****,,,,29,MISSOURI,,MO-90,,,93.866: AGING RESEARCH,PAR-22-093,"TO ENCOURAGE BIOMEDICAL, SOCIAL, AND BEHAVIORAL RESEARCH AND RESEARCH TRAINING DIRECTED TOWARD GREATER UNDERSTANDING OF THE AGING PROCESS AND THE DISEASES, SPECIAL PROBLEMS, AND NEEDS OF PEOPLE AS THEY AGE. THE NATIONAL INSTITUTE ON AGING HAS ESTABLISHED PROGRAMS TO PURSUE THESE GOALS.  THE DIVISION OF AGING BIOLOGY EMPHASIZES UNDERSTANDING THE BASIC BIOLOGICAL PROCESSES OF AGING.  THE DIVISION OF GERIATRICS AND CLINICAL GERONTOLOGY SUPPORTS RESEARCH TO IMPROVE THE ABILITIES OF HEALTH CARE PRACTITIONERS TO RESPOND TO THE DISEASES AND OTHER CLINICAL PROBLEMS OF OLDER PEOPLE.  THE DIVISION OF BEHAVIORAL AND SOCIAL RESEARCH SUPPORTS RESEARCH THAT WILL LEAD TO GREATER UNDERSTANDING OF THE SOCIAL, CULTURAL, ECONOMIC AND PSYCHOLOGICAL FACTORS THAT AFFECT BOTH THE PROCESS OF GROWING OLD AND THE PLACE OF OLDER PEOPLE IN SOCIETY. THE DIVISION OF NEUROSCIENCE FOSTERS RESEARCH CONCERNED WITH THE AGE-RELATED CHANGES IN THE NERVOUS SYSTEM AS WELL AS THE RELATED SENSORY, PERCEPTUAL, AND COGNITIVE PROCESSES ASSOCIATED WITH AGING AND HAS A SPECIAL EMPHASIS ON ALZHEIMER'S DISEASE. SMALL BUSINESS INNOVATION RESEARCH (SBIR) PROGRAM: TO EXPAND AND IMPROVE THE SBIR PROGRAM, TO INCREASE PRIVATE SECTOR COMMERCIALIZATION OF INNOVATIONS DERIVED FROM FEDERAL RESEARCH AND DEVELOPMENT, TO INCREASE SMALL BUSINESS PARTICIPATION IN FEDERAL RESEARCH AND DEVELOPMENT, AND TO FOSTER AND ENCOURAGE PARTICIPATION OF SOCIALLY AND ECONOMICALLY DISADVANTAGED SMALL BUSINESS CONCERNS AND WOMEN-OWNED SMALL BUSINESS CONCERNS IN TECHNOLOGICAL INNOVATION.  SMALL BUSINESS TECHNOLOGY TRANSFER (STTR) PROGRAM: TO STIMULATE AND FOSTER SCIENTIFIC AND TECHNOLOGICAL INNOVATION THROUGH COOPERATIVE RESEARCH DEVELOPMENT CARRIED OUT BETWEEN SMALL BUSINESS CONCERNS AND RESEARCH INSTITUTIONS, TO FOSTER TECHNOLOGY TRANSFER BETWEEN SMALL BUSINESS CONCERNS AND RESEARCH INSTITUTIONS, TO INCREASE PRIVATE SECTOR COMMERCIALIZATION OF INNOVATIONS DERIVED FROM FEDERAL RESEARCH AND DEVELOPMENT, AND TO FOSTER AND ENCOURAGE PARTICIPATION OF SOCIALLY AND ECONOMICALLY DISADVANTAGED SMALL BUSINESS CONCERNS AND WOMEN-OWNED SMALL BUSINESS CONCERNS IN TECHNOLOGICAL INNOVATION.",04,PROJECT GRANT (B),"DEEP-LEARNING-AUGMENTED QUANTITATIVE GRADIENT RECALLED ECHO (DLA-QGRE) MRI FOR IN VIVO CLINICAL EVALUATION OF BRAIN MICROSTRUCTURAL NEURODEGENERATION IN ALZHEIMER DISEASE - ALZHEIMER DISEASE (AD) IS ONE OF THE MAJOR HEALTH PROBLEMS IN THE US AND WORLDWIDE; IT IS A NEURODEGENERATIVE DISORDER THAT IS CHARACTERIZED CLINICALLY BY PROGRESSIVE DEMENTIA CAUSED BY PATHOLOGICAL CHANGES IN BRAIN TISSUE PRECEDING CLINICAL SYMPTOMS BY 15-20 YEARS. CLINICALLY-ACCESSIBLE METHODS ARE CRITICALLY NEEDED TO SCREEN FOR EARLY AD PATHOLOGY AND MONITORING IT OVER TIME, AS WELL AS FOR OUTCOME MEASURES IN CLINICAL DRUG TRIALS.  THE GOAL OF THIS GRANT APPLICATION IS TO ESTABLISH AN MRI-BASED TECHNIQUE, DEEP-LEARNING-AUGMENTED QUANTITATIVE GRADIENT RECALLED ECHO (DLA-QGRE), AS A PLATFORM FOR QUANTITATIVE CLINICAL EVALUATION OF BRAIN TISSUE MICROSTRUCTURAL NEURODEGENERATION AT EARLY PRECLINICAL STAGES OF ALZHEIMER DISEASE (AD). DLA-QGRE IS A COMBINATION OF QGRE MRI TECHNIQUE AND REGULARIZATION BY ARTIFACT REMOVAL (RARE) DEEP LEARNING (DL) METHODOLOGY, BOTH DEVELOPED BY OUR TEAM. QGRE DATA OBTAINED FROM A WELL-CHARACTERIZED COHORT OF PATIENTS REVEALED THE EXISTENCE OF BRAIN REGIONS WITH LOW R2T* VALUES (DARK MATTER), REPRESENTING TISSUE ESSENTIALLY DEVOID OF NEURONS. THESE DATA SHOW THAT DARK MATTER CAN BE IDENTIFIED ALREADY IN PEOPLE WITH PRECLINICAL STAGES OF AD (AMYLOID POSITIVE BUT WITHOUT CLINICAL SYMPTOMS) AND ALSO HAS A PREDICTIVE POWER OF FUTURE AD PROGRESSION.  WHILE QGRE SEQUENCE CAN BE IMPLEMENTED ON ANY COMMERCIAL MRI SCANNER, THE DATA ANALYSIS CURRENTLY REQUIRES HOURS OF COMPUTING TIME, TEMPERING CLINICAL APPLICATIONS. TO SIGNIFICANTLY ACCELERATE AND IMPROVE DATA ANALYSIS, AS WELL AS DATA ACQUISITION, IN THIS PROPOSAL WE WILL USE INNOVATIVE RARE TECHNIQUE, A DL APPROACH THAT EXPLICITLY ACCOUNTS FOR THE PHYSICAL MODELS OF SPECIFIC IMAGING SYSTEMS AND BIOPHYSICAL MODELS OF BIOLOGICAL TISSUES. PRELIMINARY DATA SHOW THAT DL HAS A POTENTIAL FOR RECONSTRUCTING QGRE METRICS IN A MATTER OF SECONDS WITH IMPROVED IMAGE QUALITY AND REDUCED NOISE. THIS OPENS OPPORTUNITY FOR IMPLEMENTING DLA-QGRE AS A WIDELY AVAILABLE TOOL FOR CLINICAL APPLICATIONS. BASED ON THIS APPROACH, WE PLAN TO ACHIEVE THE FOLLOWING SPECIFIC AIMS: IN AIM 1 WE WILL DEVELOP DLA-QGRE DATA PROCESSING PIPELINE, COMPATIBLE WITH MRI PROTOCOLS OF COMMERCIALLY AVAILABLE GRE SEQUENCES, FOR FAST AND RELIABLE DETECTION OF MICROSTRUCTURAL PRE-ATROPHIC NEURODEGENERATION. IN AIM 2 WE WILL OPTIMIZE K-SPACE SAMPLING STRATEGY FOR DEVELOPING QGRE IMAGING PROTOCOL WITH INCREASED ISOTROPIC RESOLUTION AND SIMULTANEOUSLY DECREASED MRI ACQUISITION TIME. REDUCING SCAN TIME WILL SIGNIFICANTLY HELP WITH PATIENT COMFORT, BE MUCH LESS SUSCEPTIBLE TO MOTION, AND REDUCE COSTS OF THE MRI EXAM. IN AIM 3 WE WILL DEMONSTRATE THAT IN A CLINICAL NEURORADIOLOGY SETTING DLA-QGRE COMPATIBLE WITH MRI PROTOCOLS OF COMMERCIALLY AVAILABLE GRE SEQUENCES (DEVELOPED PER AIM 1), AND ACCELERATED DLA-QGRE (DEVELOPED PER AIM 2), CAN RELIABLY DETECT MICROSTRUCTURAL NEURODEGENERATION IN PRECLINICAL AND EARLY SYMPTOMATIC AD.  IN SUMMARY, SUCCESSFUL COMPLETION OF THE AIMS OF THIS PROPOSAL WILL OPEN DOORS FOR USING DLA-QGRE IN CLINICAL SETTINGS AS NOVEL AND MORE SENSITIVE AND SPECIFIC MRI-BASED DIAGNOSTIC MEASURE OF THE NEURODEGENERATIVE ASPECTS OF EARLY AD PATHOLOGY AS COMPARED WITH CURRENT MEASUREMENTS OF TISSUE ATROPHY.",NON,NOT RECOVERY ACT,O,PRIVATE INSTITUTION OF HIGHER EDUCATION,2,NON-AGGREGATE RECORD,,,,,,,,,,,https://www.usaspending.gov/award/ASST_NON_R01AG082030_075/,2026-03-05 22:04:43.296484+00
ASST_NON_R01HG014216_075,R01HG014216,R01HG014216-3733983483,SAI UNAVAILABLE,,,,,,2026-03-01,2026,721450.00,,252131.00,0.00,721450.00,0.00,0.00,2026-03-01,2026,2026-03-01,2030-02-28,075,Department of Health and Human Services,7529,National Institutes of Health,75N400,NIH National Human Genome Research Institute,075,Department of Health and Human Services,7529,National Institutes of Health,75N400,NIH National Human Genome Research Institute,,,,,HJD6G4D6TJY5,,THE LELAND STANFORD JUNIOR UNIVERSITY,THE LELAND STANFORD JUNIOR UNIVERSITY,EHZJU5ZHP968,,LELAND STANFORD JUNIOR UNIVERSITY,USA,UNITED STATES,450 JANE STANFORD WAY,,73906,STANFORD,06085,SANTA CLARA,06,CA,CALIFORNIA,94305,2004,CA-16,CA-16,,,,STATE-WIDE,USA,UNITED STATES,CA*****,,,,06,CALIFORNIA,,CA-90,,,93.172: HUMAN GENOME RESEARCH,PA-20-185,"NHGRI SUPPORTS THE DEVELOPMENT OF RESOURCES AND TECHNOLOGIES THAT WILL ACCELERATE GENOME RESEARCH AND ITS APPLICATION TO HUMAN HEALTH AND GENOMIC MEDICINE. A CRITICAL PART OF THE NHGRI MISSION CONTINUES TO BE THE STUDY OF THE ETHICAL, LEGAL AND SOCIAL IMPLICATIONS (ELSI) OF GENOME RESEARCH. NHGRI ALSO SUPPORTS THE TRAINING AND CAREER DEVELOPMENT OF INVESTIGATORS AND THE DISSEMINATION OF GENOME INFORMATION TO THE PUBLIC AND TO HEALTH PROFESSIONALS.  THE SMALL BUSINESS INNOVATION RESEARCH (SBIR) PROGRAM IS USED TO INCREASE PRIVATE SECTOR COMMERCIALIZATION OF INNOVATIONS DERIVED FROM FEDERAL RESEARCH AND DEVELOPMENT, TO INCREASE SMALL BUSINESS PARTICIPATION IN FEDERAL RESEARCH AND DEVELOPMENT, AND TO FOSTER AND ENCOURAGE PARTICIPATION OF SOCIALLY AND ECONOMICALLY DISADVANTAGED SMALL BUSINESS CONCERNS AND WOMEN-OWNED SMALL BUSINESS CONCERNS IN TECHNOLOGICAL INNOVATION. THE SMALL BUSINESS TECHNOLOGY TRANSFER (STTR) PROGRAM IS USED TO FOSTER SCIENTIFIC AND TECHNOLOGICAL INNOVATION THROUGH COOPERATIVE RESEARCH AND DEVELOPMENT CARRIED OUT BETWEEN SMALL BUSINESS CONCERNS AND RESEARCH INSTITUTIONS, TO FOSTER TECHNOLOGY TRANSFER BETWEEN SMALL BUSINESS CONCERNS AND RESEARCH INSTITUTIONS, TO INCREASE PRIVATE SECTOR COMMERCIALIZATION OF INNOVATIONS DERIVED FROM FEDERAL RESEARCH AND DEVELOPMENT, AND TO FOSTER AND ENCOURAGE PARTICIPATION OF SOCIALLY AND ECONOMICALLY DISADVANTAGED SMALL BUSINESS CONCERNS AND WOMEN-OWNED SMALL BUSINESS CONCERNS IN TECHNOLOGICAL INNOVATION.",04,PROJECT GRANT (B),"GENOME-WIDE MAPS OF ENHANCER-GENE REGULATION TO LINK VARIANTS TO FUNCTIONS - PROJECT SUMMARY THE HUMAN GENOME ENCODES OVER 2 MILLION DNA REGULATORY ELEMENTS CALLED ENHANCERS THAT CONTROL GENE EXPRESSION IN SPECIFIC CELL TYPES AND STATES. ENHANCERS HARBOR TENS OF THOUSANDS OF GENETIC VARIANTS THAT INFLUENCE RISK FOR COMMON DISEASES AND TRAITS. EACH OF THESE ENHANCER VARIANTS COULD REVEAL INSIGHTS INTO THE MOLECULAR MECHANISMS OF HUMAN DISEASES. YET, WE HAVE LACKED TOOLS TO SYSTEMATICALLY MAP WHICH ENHANCERS REGULATE WHICH GENES IN EACH OF THE THOUSANDS OF CELL TYPES IN THE HUMAN BODY. TO ADDRESS THIS CHALLENGE, WE HAVE RECENTLY APPLIED CRISPR TOOLS TO EXPERIMENTALLY TEST THOUSANDS OF ENHANCERS IN PARALLEL, DEVELOPED SIMPLE COMPUTATIONAL MODELS THAT CAN PREDICT ENHANCER-GENE REGULATORY INTERACTIONS FROM CHROMATIN STATE, AND DEMONSTRATED THAT THESE PREDICTED ENHANCER MAPS CAN LINK NONCODING VARIANTS TO NOVEL TARGET GENES. THESE TECHNOLOGIES SUGGEST A NEW STRATEGY TO MAP ENHANCERS ACROSS MANY CELL TYPES TO CONNECT NONCODING VARIANTS TO TARGET GENES. HERE, WE WILL EXTEND THESE TECHNOLOGIES TO MAP AND PREDICT ENHANCER-GENE REGULATORY INTERACTIONS USING SINGLE-CELL MULTIOMIC INPUT DATASETS, AND THEREBY ENABLE APPLICATIONS TO MANY ADDITIONAL CELL TYPES AND STATES. FIRST, WE WILL OPTIMIZE, STRESS-TEST, AND DEPLOY A COMPUTATIONAL MODEL TO PREDICT E-G REGULATORY INTERACTIONS FROM SINGLE-CELL DATASETS IN COMPLEX TISSUES. SECOND, WE WILL BUILD A GENOME-WIDE MAP OF ENHANCER REGULATION ACROSS 100S OF HUMAN CELL TYPES, AND EXPLORE VARIATION ACROSS DISEASE STATE, BIOLOGICAL SEX, AND AGE. THIRD, WE WILL APPLY THESE TOOLS TO FUNCTIONALLY CHARACTERIZE GENETIC VARIANTS ASSOCIATED WITH CARDIOVASCULAR DISEASES AND TRAITS, AS AN EXEMPLARY SYSTEM TO VALIDATE THE UTILITY OF THESE MAPS IN LINKING VARIANTS TO FUNCTIONS. TOGETHER, THIS PROPOSAL WILL DELIVER (I) A PREDICTIVE MODEL TO MAP E-G INTERACTIONS ACROSS MANY CELL TYPES AND STATES; (II) A GENOME-WIDE RESOURCE OF E-G REGULATORY INTERACTIONS ACROSS HUMAN CELL TYPES; (III) INSIGHTS INTO HOW THIS REGULATORY WIRING DIFFERS ACROSS CELL TYPES AND KEY BIOLOGICAL VARIABLES; AND (IV) NOVEL ENHANCERS, GENES, AND CELL TYPES THAT AFFECT RISK FOR HEART STRUCTURE AND FUNCTION. THESE METHODS WILL ENABLE FUTURE STUDIES TO STUDY THE IMPACTS OF VARIANTS AND ELEMENTS ON GENOME FUNCTION ACROSS A WIDE RANGE OF BIOLOGICAL CONTEXTS AND DISEASES.",NON,NOT RECOVERY ACT,O,PRIVATE INSTITUTION OF HIGHER EDUCATION,2,NON-AGGREGATE RECORD,,,,,,,,,,,https://www.usaspending.gov/award/ASST_NON_R01HG014216_075/,2026-03-05 22:04:43.296484+00
ASST_NON_R01MH142417_075,R01MH142417,R01MH142417-3170951815,SAI UNAVAILABLE,,,,,,2026-03-03,2026,641828.00,,241397.00,0.00,641828.00,0.00,0.00,2026-03-03,2026,2026-03-05,2030-12-31,075,Department of Health and Human Services,7529,National Institutes of Health,75N700,NIH National Institute of Mental Health,075,Department of Health and Human Services,7529,National Institutes of Health,75N700,NIH National Institute of Mental Health,,,,,YZJ6DKPM4W63,,THE UNIVERSITY OF TEXAS SOUTHWESTERN MEDICAL CENTER,THE UNIVERSITY OF TEXAS SOUTHWESTERN MEDICAL CENTER,YZJ6DKPM4W63,,THE UNIVERSITY OF TEXAS SOUTHWESTERN MEDICAL CENTER,USA,UNITED STATES,5323 HARRY HINES BLVD,,19000,DALLAS,48113,DALLAS,48,TX,TEXAS,75390,7208,TX-30,TX-30,,,,SINGLE ZIP CODE,USA,UNITED STATES,TX19000,DALLAS,48113,DALLAS,48,TEXAS,753907208,TX-30,TX-30,,93.242: MENTAL HEALTH RESEARCH GRANTS,PA-25-301,"<P>THE GOALS ARE:</P><UL><LI>TO FOSTER FUNDAMENTAL CREATIVE DISCOVERIES, INNOVATIVE RESEARCH STRATEGIES, AND THEIR APPLICATIONS AS A BASIS FOR ULTIMATELY PROTECTING AND IMPROVING HEALTH;</LI><LI>TO DEVELOP, MAINTAIN, AND RENEW SCIENTIFIC HUMAN AND PHYSICAL RESOURCES THAT WILL ENSURE THE NATION'S CAPABILITY TO PREVENT DISEASE;</LI><LI>TO EXPAND THE KNOWLEDGE BASE IN MEDICAL AND ASSOCIATED SCIENCES IN ORDER TO ENHANCE THE NATION'S ECONOMIC WELL-BEING AND ENSURE A CONTINUED HIGH RETURN ON THE PUBLIC INVESTMENT IN RESEARCH; AND</LI><LI>TO EXEMPLIFY AND PROMOTE THE HIGHEST LEVEL OF SCIENTIFIC INTEGRITY, PUBLIC ACCOUNTABILITY, AND SOCIAL RESPONSIBILITY IN THE CONDUCT OF SCIENCE.</LI></UL><P>IN REALIZING THESE GOALS, THE NIH PROVIDES LEADERSHIP AND DIRECTION TO PROGRAMS DESIGNED TO IMPROVE THE HEALTH OF THE NATION BY CONDUCTING AND SUPPORTING RESEARCH:</P><UL><LI>IN THE CAUSES, DIAGNOSIS, PREVENTION, AND CURE OF HUMAN DISEASES;</LI><LI>IN THE PROCESSES OF HUMAN GROWTH AND DEVELOPMENT;</LI><LI>IN THE BIOLOGICAL EFFECTS OF ENVIRONMENTAL CONTAMINANTS;</LI><LI>IN THE UNDERSTANDING OF MENTAL, ADDICTIVE AND PHYSICAL DISORDERS; AND</LI><LI>IN DIRECTING PROGRAMS FOR THE COLLECTION, DISSEMINATION, AND EXCHANGE OF INFORMATION IN MEDICINE AND HEALTH, INCLUDING THE DEVELOPMENT AND SUPPORT OF MEDICAL LIBRARIES AND THE TRAINING OF MEDICAL LIBRARIANS AND OTHER HEALTH INFORMATION SPECIALISTS.</LI></UL>",04,PROJECT GRANT (B),"THE ROLES OF RETT SYNDROME PROTEIN MECP2 AT GENE REGULATORY ELEMENTS - PROJECT SUMMARY: RETT SYNDROME (RTT) IS A PROGRESSIVE NEUROLOGICAL DISORDER CHARACTERIZED BY SEVERE COGNITIVE AND MOTOR IMPAIRMENTS CAUSED PRIMARILY BY MUTATIONS IN MECP2. THE MOLECULAR MECHANISMS BY WHICH DISRUPTION OF MECP2 GIVES RISE TO RTT REMAIN UNCLEAR. MECP2 IS KNOWN TO BIND TO METHYLATED DNA IN THE BRAIN, REGULATING THE EXPRESSION OF NEURONAL GENES. HOWEVER, PREVIOUS STUDIES HAVE SHOWN COMPLEX PATTERNS OF GENE DYSREGULATION IN RTT THAT CHALLENGE THIS MODEL, SUCH THAT ONLY A SUBSET OF GENES APPEAR TO BE REGULATED BY MECP2 BINDING TO DNA METHYLATION. WE RECENTLY DISCOVERED THAT MECP2 PREFERENTIALLY BINDS TO SPECIFIC GENE ENHANCERS THAT WE NAMED MECP2-BINDING HOTSPOTS (MBHS). SURPRISINGLY, MECP2 BINDS TO THESE MBHS INDEPENDENTLY OF DNA METHYLATION, CONTRASTING WITH ITS WELL-ESTABLISHED ROLE IN BINDING METHYLATED DNA. AT MBHS, MECP2 APPEARS TO ACT AS A REPRESSOR OF ENHANCER ACTIVITY. IMPORTANTLY, OVER 60% OF GENES DEREPRESSED UPON MECP2 DELETION ARE ASSOCIATED WITH MBHS, SUGGESTING THAT MBHS MIGHT BE A MAJOR MECHANISM BY WHICH MECP2 CONTROLS GENES. PRELIMINARY ANALYSES INDICATE THAT MBHS, BUT NOT MECP2 BOUND TO METHYLATED SITES ACROSS THE GENOME, ARE BOUND BY HISTONE DEACETYLASE-CONTAINING NUCLEAR RECEPTOR CO- REPRESSOR (NCOR) COMPLEX, SUGGESTING THAT MBHS MAY REPRESS ENHANCER ACTIVITY BY RECRUITING THE NCOR COMPLEX TO ENHANCERS. TAKEN TOGETHER, OUR FINDINGS INDICATE A PREVIOUSLY UNCHARACTERIZED MECHANISM OF TRANSCRIPTIONAL REGULATION BY MECP2. MOREOVER, THESE RESULTS IMPLICATE DYSREGULATION OF SPECIFIC ENHANCERS AS A POSSIBLE MECHANISM UNDERLYING RTT. TO GAIN INSIGHTS INTO HOW MECP2 REGULATES GENES AND HOW DYSREGULATION OF MECP2 LEADS TO RTT, WE PROPOSE TO (1) DEFINE THE INTERACTION BETWEEN MECP2 AND MBHS, AND (2) ELUCIDATE THE MOLECULAR MECHANISMS BY WHICH MBHS REPRESS ENHANCERS. THIS WORK HAS SIGNIFICANT IMPLICATIONS FOR UNDERSTANDING THE MOLECULAR BASIS OF MECP2 FUNCTION AND THE COMPLEX GENE DYSREGULATION OBSERVED IN RTT AND WILL UNCOVER NEW THERAPEUTIC TARGETS AND STRATEGIES FOR TREATING RTT.",NON,NOT RECOVERY ACT,H,PUBLIC/STATE CONTROLLED INSTITUTION OF HIGHER EDUCATION,2,NON-AGGREGATE RECORD,,,,,,,,,,,https://www.usaspending.gov/award/ASST_NON_R01MH142417_075/,2026-03-05 22:04:43.296484+00
ASST_NON_R13CA310684_075,R13CA310684,R13CA310684-3210175008,SAI UNAVAILABLE,,,,,,2026-03-03,2026,10000.00,,0.00,0.00,10000.00,0.00,0.00,2026-03-03,2026,2026-03-03,2027-02-28,075,Department of Health and Human Services,7529,National Institutes of Health,75NC00,NIH National Cancer Institute,075,Department of Health and Human Services,7529,National Institutes of Health,75NC00,NIH National Cancer Institute,,,,,CER1EMNQ1663,,KEYSTONE SYMPOSIA ON MOLECULAR AND CELLULAR BIOLOGY,KEYSTONE SYMPOSIA ON MOLECULAR AND CELLULAR BIOLOGY,,,,USA,UNITED STATES,160 HWY 6 STE 201,,70525,SILVERTHORNE,08117,SUMMIT,08,CO,COLORADO,80498,1630,CO-02,CO-02,,,,SINGLE ZIP CODE,USA,UNITED STATES,CO70525,SILVERTHORNE,08049,GRAND,08,COLORADO,80498,CO-02,CO-02,,93.396: CANCER BIOLOGY RESEARCH,PA-25-080,"TO PROVIDE FUNDAMENTAL INFORMATION ON THE CAUSE AND NATURE OF CANCER IN PEOPLE, WITH THE EXPECTATION THAT THIS WILL RESULT IN BETTER METHODS OF PREVENTION, DETECTION AND DIAGNOSIS, AND TREATMENT OF NEOPLASTIC DISEASES. CANCER BIOLOGY RESEARCH INCLUDES THE FOLLOWING RESEARCH PROGRAMS: CANCER CELL BIOLOGY, CANCER IMMUNOLOGY, HEMATOLOGY AND ETIOLOGY, DNA AND CHROMOSOMAL ABERRATIONS, TUMOR BIOLOGY AND METASTASIS, AND STRUCTURAL BIOLOGY AND MOLECULAR APPLICATIONS.",04,PROJECT GRANT (B),"RNA MODIFICATIONS: BRIDGING BIOLOGICAL FUNCTION AND THERAPEUTIC POTENTIAL - ABSTRACT SUPPORT IS REQUESTED FOR A KEYSTONE SYMPOSIA CONFERENCE ENTITLED “RNA MODIFICATIONS: BRIDGING BIOLOGICAL FUNCTION AND THERAPEUTIC POTENTIAL,” ORGANIZED BY DRS. MICHAELA FRYE, SCHRAGA SCHWARTZ, YUNSUN NAM AND ECKHARD JANKOWSKY, WITH SCIENTIFIC PROGRAMMING INPUT FROM KEYSTONE SYMPOSIA. THE MEETING WILL TAKE PLACE MARCH 9–12, 2026 AT KEYSTONE RESORT IN KEYSTONE, COLORADO USA. THE RAPID GROWTH IN RNA MODIFICATION RESEARCH HAS SHOWN THAT CHEMICAL MODIFICATIONS OF NUCLEOTIDES REGULATE RNA METABOLISM AND INFLUENCE CELL FUNCTIONS. MOREOVER, THE ABILITY OF SINGLE CHEMICALLY MODIFIED NUCLEOTIDES TO CHANGE THE ELECTROSTATIC CHARGE, BASE PAIRING AND STABILITY OF RNA MOLECULES CAN NOW BE USED IN CLINICAL APPLICATIONS. THIS INCLUDES CREATING STABLE ARTIFICIAL RNA TRANSCRIPTS, SUCH AS MRNA VACCINES OR SYNTHETIC SMALL RNA MOLECULES, TO INCREASE OR DECREASE THE EXPRESSION OF THERAPEUTIC PROTEINS. HOWEVER, OUR UNDERSTANDING OF THE HUMAN TRANSCRIPTOME REMAINS INCOMPLETE BECAUSE WE LACK FULL-LENGTH RNA SEQUENCES THAT INCLUDE ALL THEIR MODIFICATIONS. THIS KNOWLEDGE IS CRUCIAL, AS RNA MODIFICATIONS REGULATE EVERY STAGE OF GENE EXPRESSION, AND THEIR PATHWAYS ARE FREQUENTLY DYSREGULATED ACROSS DIVERSE CANCER TYPES. IN 2022, THE FIRST RNA MODIFICATION INHIBITOR ENTERED PHASE I CLINICAL TRIALS FOR LATE-STAGE CANCER PATIENTS (CLINICALTRIALS.GOV; NCT05584111), HIGHLIGHTING THE TRANSLATIONAL POTENTIAL OF THIS FIELD. THIS KEYSTONE SYMPOSIA CONFERENCE WILL CONVENE FIELD-LEADING EXPERTS TO DISCUSS THE MULTIDISCIPLINARY ASPECTS OF RNA MODIFICATION RESEARCH, PROVIDING ATTENDEES WITH A BROAD OVERVIEW OF STATE-OF-THE-ART RESEARCH THAT IS NOT AVAILABLE IN OTHER MEETINGS OR WORKSHOPS CENTERED AROUND RNA. THE CONFERENCE PROGRAM HAS BEEN DESIGNED TO HIGHLIGHT GROUNDBREAKING RESEARCH DEVELOPMENTS, DISCUSS CURRENT CHALLENGES AND FOCUS ON THERAPEUTIC OPPORTUNITIES. IMPORTANTLY, THIS CONFERENCE PROGRAM WILL EXPLORE INNOVATIVE STRATEGIES TO TARGET RNA MODIFICATIONS IN HUMAN DISEASES LIKE CANCER, AS WELL AS NEUROLOGICAL AND METABOLIC DISORDERS. CUTTING-EDGE THERAPEUTIC APPROACHES, WITH AN EMPHASIS ON THE INTEGRATION OF ADVANCED TECHNOLOGIES IN CANCER RESEARCH, WILL BE EMPHASIZED THROUGHOUT THIS MEETING. DYNAMIC SCIENTIFIC SESSIONS COUPLED WITH INFORMAL NETWORKING EVENTS WILL ENCOURAGE AN OPEN EXCHANGE OF EMERGING RESEARCH CONCEPTS AND DIRECTIONS IN THE FIELD OF RNA MODIFICATIONS AND FOSTER NEW COLLABORATIONS.",NON,NOT RECOVERY ACT,M,NONPROFIT WITH 501C3 IRS STATUS (OTHER THAN AN INSTITUTION OF HIGHER EDUCATION),2,NON-AGGREGATE RECORD,,,,,,,,,,,https://www.usaspending.gov/award/ASST_NON_R13CA310684_075/,2026-03-05 22:04:43.296484+00
ASST_NON_R21NS142515_075,R21NS142515,R21NS142515-3233471051,SAI UNAVAILABLE,,,,,,2026-03-02,2026,427712.00,,152712.00,0.00,427712.00,0.00,0.00,2026-03-02,2026,2026-03-02,2028-02-29,075,Department of Health and Human Services,7529,National Institutes of Health,75NQ00,NIH National Institute of Neurological Disorders and Stroke,075,Department of Health and Human Services,7529,National Institutes of Health,75NQ00,NIH National Institute of Neurological Disorders and Stroke,,,,,MW8JHK6ZYEX8,,THE REGENTS OF THE UNIVERSITY OF COLORADO,THE REGENTS OF THE UNIVERSITY OF COLORADO,HM5CZ7K2HHN5,,THE REGENTS OF THE UNIVERSITY OF COLORADO,USA,UNITED STATES,13001 E 17TH PL STE F428,,04000,AURORA,08001,ADAMS,08,CO,COLORADO,80045,2571,CO-06,CO-06,,,,SINGLE ZIP CODE,USA,UNITED STATES,CO04000,AURORA,08001,ADAMS,08,COLORADO,800452530,CO-06,CO-06,,93.853: EXTRAMURAL RESEARCH PROGRAMS IN THE NEUROSCIENCES AND NEUROLOGICAL DISORDERS,PA-25-150,"(1) TO SUPPORT EXTRAMURAL RESEARCH FUNDED BY THE NATIONAL INSTITUTE OF NEUROLOGICAL DISORDERS AND STROKE (NINDS) INCLUDING: BASIC RESEARCH THAT EXPLORES THE FUNDAMENTAL STRUCTURE AND FUNCTION OF THE BRAIN AND THE NERVOUS SYSTEM, RESEARCH TO UNDERSTAND THE CAUSES AND ORIGINS OF PATHOLOGICAL CONDITIONS OF THE NERVOUS SYSTEM WITH THE GOAL OF PREVENTING THESE DISORDERS, RESEARCH ON THE NATURAL COURSE OF NEUROLOGICAL DISORDERS, IMPROVED METHODS OF DISEASE PREVENTION, NEW METHODS OF DIAGNOSIS AND TREATMENT, DRUG DEVELOPMENT, DEVELOPMENT OF NEURAL DEVICES, CLINICAL TRIALS, AND RESEARCH TRAINING IN BASIC, TRANSLATIONAL AND CLINICAL NEUROSCIENCE. THE INSTITUTE IS THE LARGEST FUNDER OF BASIC NEUROSCIENCE IN THE US AND SUPPORTS RESEARCH ON TOPICS INCLUDING BUT NOT LIMITED TO: DEVELOPMENT OF THE NERVOUS SYSTEM, INCLUDING NEUROGENESIS AND PROGENITOR CELL BIOLOGY, SIGNAL TRANSDUCTION IN DEVELOPMENT AND PLASTICITY, AND PROGRAMMED CELL DEATH, SYNAPSE FORMATION, FUNCTION, AND PLASTICITY,  LEARNING AND MEMORY, CHANNELS, TRANSPORTERS, AND PUMPS, CIRCUIT FORMATION AND MODULATION,  BEHAVIORAL AND COGNITIVE NEUROSCIENCE, SENSORIMOTOR LEARNING, INTEGRATION AND EXECUTIVE FUNCTION, NEUROENDOCRINE SYSTEMS, SLEEP AND CIRCADIAN RHYTHMS, AND SENSORY AND MOTOR SYSTEMS.  IN ADDITION, THE INSTITUTE SUPPORTS BASIC, TRANSLATIONAL AND CLINICAL STUDIES ON A NUMBER OF DISORDERS OF THE NERVOUS SYSTEM INCLUDING (BUT NOT LIMITED TO): STROKE, TRAUMATIC INJURY TO THE BRAIN, SPINAL CORD AND PERIPHERAL NERVOUS SYSTEM, NEURODEGENERATIVE DISORDERS, MOVEMENT DISORDERS, BRAIN TUMORS, CONVULSIVE DISORDERS, INFECTIOUS DISORDERS OF THE BRAIN AND NERVOUS SYSTEM, IMMUNE DISORDERS OF THE BRAIN AND NERVOUS SYSTEM, INCLUDING MULTIPLE SCLEROSIS, DISORDERS RELATED TO SLEEP, AND PAIN. PROGRAMMATIC AREAS, WHICH ARE PRIMARILY SUPPORTED BY THE DIVISION OF NEUROSCIENCE, ARE ALSO SUPPORTED BY THE DIVISION OF EXTRAMURAL ACTIVITIES, THE DIVISION OF TRANSLATIONAL RESEARCH, THE DIVISION OF CLINICAL RESEARCH, THE OFFICE OF TRAINING AND WORKFORCE DEVELOPMENT, THE OFFICE OF PROGRAMS TO ENHANCE NEUROSCIENCE WORKFORCE DEVELOPMENT, AND THE OFFICE OF INTERNATIONAL ACTIVITIES. (2) TO EXPAND AND IMPROVE THE SMALL BUSINESS INNOVATION RESEARCH (SBIR) PROGRAM, TO INCREASE PRIVATE SECTOR COMMERCIALIZATION OF INNOVATIONS DERIVED FROM FEDERAL RESEARCH AND DEVELOPMENT, TO INCREASE SMALL BUSINESS PARTICIPATION IN FEDERAL RESEARCH AND DEVELOPMENT, AND TO FOSTER AND ENCOURAGE PARTICIPATION OF SOCIALLY AND ECONOMICALLY DISADVANTAGED SMALL BUSINESS CONCERNS AND WOMEN-OWNED SMALL BUSINESS CONCERNS IN TECHNOLOGICAL INNOVATION. TO UTILIZE THE SMALL BUSINESS TECHNOLOGY TRANSFER (STTR) PROGRAM, TO STIMULATE AND FOSTER SCIENTIFIC AND TECHNOLOGICAL INNOVATION THROUGH COOPERATIVE RESEARCH AND DEVELOPMENT CARRIED OUT BETWEEN SMALL BUSINESS CONCERNS AND RESEARCH INSTITUTIONS, TO FOSTER TECHNOLOGY TRANSFER BETWEEN SMALL BUSINESS CONCERNS AND RESEARCH INSTITUTIONS, TO INCREASE PRIVATE SECTOR COMMERCIALIZATION OF INNOVATIONS DERIVED FROM FEDERAL RESEARCH AND DEVELOPMENT, AND TO FOSTER AND ENCOURAGE PARTICIPATION OF SOCIALLY AND ECONOMICALLY DISADVANTAGED SMALL BUSINESS CONCERNS AND WOMEN-OWNED SMALL BUSINESS CONCERNS IN TECHNOLOGICAL INNOVATION.",04,PROJECT GRANT (B),"CLASSIFICATION OF DISEASE ASSOCIATED B CELL RECEPTORS IN MULTIPLE SCLEROSIS - PROJECT SUMMARY/ABSTRACT: MULTIPLE SCLEROSIS (MS) IS A CHRONIC INFLAMMATORY DEMYELINATING DISEASE. IT AFFECTS OVER 2 MILLION PEOPLE WORLDWIDE BUT HAS HISTORICALLY BEEN CHALLENGING TO DIAGNOSE, CATEGORIZE, AND TREAT. MS HAS AN AUTOIMMUNE COMPONENT THAT INVOLVES THE PRODUCTION OF B CELL RECEPTORS (BCRS) AND IMMUNOGLOBULINS (IGS) THAT INAPPROPRIATELY TARGET THE TISSUES IN PATIENTS. WE HAVE RECENTLY REANALYZED ALL PUBLICLY AVAILABLE RNA SEQUENCING DATA FROM MS PATIENTS AND EXTRACTED OVER 5 MILLION BCR IMMUNOGLOBULIN HEAVY CHAIN (IGH) SEQUENCES. WE THEN DEVELOPED A LANGUAGE MODEL CAPABLE OF IDENTIFYING BCR SEQUENCES ASSOCIATED WITH MS. IN THIS PROJECT, WE PROPOSE TO TEST THE EFFECTIVENESS OF THIS APPROACH IN DISTINGUISHING BETWEEN MS PATIENT PERIPHERAL BCR REPERTOIRES AND THOSE OF PATIENTS WITH OTHER NEUROINFLAMMATORY DISEASES. WE WILL SELECT A SUBSET OF PAIRED BCRS HEAVY AND LIGHT CHAINS WITH A HIGH PROBABILITY OF ASSOCIATION WITH MS AND EXPRESS THEM RECOMBINANTLY AS ANTIBODIES. WE WILL DETERMINE IF THESE ANTIBODIES BIND NEURONS, MYELIN, GLIA, OR OTHER CENTRAL NERVOUS SYSTEM (CNS) TARGETS USING A VARIETY OF METHODS. BASED ON OUR STRONG PRELIMINARY DATA, WE EXPECT THAT WE WILL BE ABLE TO ACCURATELY DISTINGUISH MS PATIENTS FROM OTHER NEUROINFLAMMATORY CONTROLS. WE DO NOT EXPECT ALL RECOMBINANT ANTIBODIES WE EXPRESS WILL BIND CNS TARGETS, BUT THE FREQUENCY OF CNS TARGET BINDING IS ANTICIPATED TO BE SIGNIFICANTLY INCREASED WHEN COMPARED TO RANDOMLY SELECTED CONTROL ANTIBODIES. THIS PROJECT IS HIGHLY INNOVATIVE AND OFFERS TO MAKE MAJOR ADVANCES IN THE FIELD WHILE BEING SUPPORTED BY STRONG PRELIMINARY DATA AND AN INTERDISCIPLINARY TEAM. COMPLETION OF THIS PROJECT MAY ADVANCE OUR ABILITY TO DETECT MS AND OTHER AUTOIMMUNE DISEASES IN BLOOD SAMPLES AND SPEED OUR ABILITY TO IDENTIFY AND STUDY PATHOGENIC ANTIBODIES IN A VARIETY OF CONDITIONS.",NON,NOT RECOVERY ACT,H,PUBLIC/STATE CONTROLLED INSTITUTION OF HIGHER EDUCATION,2,NON-AGGREGATE RECORD,,,,,,,,,,,https://www.usaspending.gov/award/ASST_NON_R21NS142515_075/,2026-03-05 22:04:43.296484+00
ASST_NON_R35GM161567_075,R35GM161567,R35GM161567-619102747,SAI UNAVAILABLE,,,,,,2026-03-03,2026,411285.00,,136285.00,0.00,411285.00,0.00,0.00,2026-03-03,2026,2026-04-01,2031-03-31,075,Department of Health and Human Services,7529,National Institutes of Health,75NS00,NIH National Institute of General Medical Sciences,075,Department of Health and Human Services,7529,National Institutes of Health,75NS00,NIH National Institute of General Medical Sciences,,,,,WCUGNQQ8DZU1,,UNIVERSITY OF DENVER,UNIVERSITY OF DENVER,WCUGNQQ8DZU1,,UNIVERSITY OF DENVER,USA,UNITED STATES,2199 S UNIVERSITY BLVD RM 222,,20000,DENVER,08031,DENVER,08,CO,COLORADO,80210,4711,CO-01,CO-01,,,,SINGLE ZIP CODE,USA,UNITED STATES,CO20000,DENVER,08031,DENVER,08,COLORADO,80210,CO-01,CO-01,,93.859: BIOMEDICAL RESEARCH AND RESEARCH TRAINING,PAR-22-180,"THE NATIONAL INSTITUTE OF GENERAL MEDICAL SCIENCES (NIGMS) SUPPORTS BASIC RESEARCH THAT INCREASES OUR UNDERSTANDING OF BIOLOGICAL PROCESSES AND LAYS THE FOUNDATION FOR ADVANCES IN DISEASE DIAGNOSIS, TREATMENT, AND PREVENTION. NIGMS ALSO SUPPORTS RESEARCH IN SPECIFIC CLINICAL AREAS THAT AFFECT MULTIPLE ORGAN SYSTEMS: ANESTHESIOLOGY AND PERI-OPERATIVE PAIN, CLINICAL PHARMACOLOGY ?COMMON TO MULTIPLE DRUGS AND TREATMENTS, AND INJURY, CRITICAL ILLNESS, SEPSIS, AND WOUND HEALING.? NIGMS-FUNDED SCIENTISTS INVESTIGATE HOW LIVING SYSTEMS WORK AT A RANGE OF LEVELSFROM MOLECULES AND CELLS TO TISSUES AND ORGANSIN RESEARCH ORGANISMS, HUMANS, AND POPULATIONS. ADDITIONALLY, TO ENSURE THE VITALITY AND CONTINUED PRODUCTIVITY OF THE RESEARCH ENTERPRISE, NIGMS PROVIDES LEADERSHIP IN SUPPORTING THE TRAINING OF THE NEXT GENERATION OF SCIENTISTS, ENHANCING THE DIVERSITY OF THE SCIENTIFIC WORKFORCE, AND DEVELOPING RESEARCH CAPACITY THROUGHOUT THE COUNTRY.",04,PROJECT GRANT (B),"DEFINING THE BUILDING BLOCKS OF MULTICELLULARITY: ADHESION, RECOGNITION, AND IMMUNITY - THE EVOLUTION OF MULTICELLULARITY WAS A PIVOTAL TRANSITION THAT LAID THE FOUNDATION FOR CELL BIOLOGY, DEVELOPMENT, PHYSIOLOGY, AND IMMUNITY IN ANIMALS. BUILDING ON OUR PREVIOUS WORK IN CELL-CELL ADHESION AND SELF/NONSELF RECOGNITION AS UNIFYING ELEMENTS OF MULTICELLULAR DEVELOPMENT, IN THE NEXT FIVE YEARS WE WILL EXAMINE THE EVOLUTIONARY FOUNDATIONS OF ANTIBACTERIAL IMMUNITY. OUR WORK CENTERS ON SPONGES, INVERTEBRATE ANIMALS WITH UNIQUE RELEVANCE FOR IDENTIFYING BOTH ANCIENTLY CONSERVED AND NOVEL IMMUNE PARADIGMS FOR REGULATING INTERACTIONS WITH BACTERIA. LIKE ALL ANIMALS, SPONGES MUST DEFEND AGAINST OPPORTUNISTIC PATHOGENS, BUT LIKE PROTISTS THEY FEED BY DIRECT PHAGOCYTOSIS OF BACTERIA. ALSO, LIVING IN AQUATIC HABITATS THEY ARE CONSTANTLY BATHED IN ENVIRONMENTAL BACTERIA FROM WHICH THEY CULTIVATE COMPLEX COMMUNITIES OF BENEFICIAL SYMBIONTS WITHIN THEIR TISSUES. WITH GENOMIC RESOURCES, A CELL ATLAS, AND TRANSGENIC TOOLS IN-HAND, WE ARE UNIQUELY POSITIONED TO PROBE SPONGE IMMUNE PATHWAYS IN UNPRECEDENTED DEPTH. OUR PRELIMINARY FINDINGS HAVE ALREADY REVEALED A NOVEL FAMILY OF GLYCAN-BINDING PATTERN RECOGNITION RECEPTORS (PRRS) THAT HAVE NEVER BEFORE BEEN STUDIED. CHARACTERIZING THEIR BIOCHEMICAL AND FUNCTIONAL PROPERTIES WILL PROVIDE CRITICAL NEW INSIGHTS INTO BACTERIAL RECOGNITION AND RESPONSE. FURTHERMORE, THE GLYCAN-BINDING REGION OF THESE PRRS IS COMPOSED OF THREE-SIDED BETA-HELICES THAT HOLD TREMENDOUS PROMISE AS NOVEL DIAGNOSTIC AND THERAPEUTIC TOOLS. WE HAVE ALSO ESTABLISHED THAT THE VERSATILE INTRACELLULAR PATHOGEN LEGIONELLA PNEUMOPHILA CAN BE USED TO INFECT SPONGES AND THEREBY MODEL AN AUTHENTIC IMMUNE RESPONSE. AS L. PNEUMOPHILA INFECTION HAS BEEN EXTENSIVELY STUDIED IN HUMAN MACROPHAGES AND AMOEBAE, THERE EXISTS A RICH FRAMEWORK FOR COMPARING INFECTION DYNAMICS ACROSS NEARLY 1.8 BILLION YEARS OF EVOLUTIONARY HISTORY, SPANNING THE DIVIDE BETWEEN UNICELLULARITY AND MULTICELLULARITY. OUR RESEARCH SEEKS TO DEFINE FOUNDATIONAL PRINCIPLES OF IMMUNITY, BRIDGING EVOLUTIONARY BIOLOGY AND BIOMEDICAL SCIENCE TO ADDRESS CRITICAL CHALLENGES IN HEALTH AND DISEASE.",NON,NOT RECOVERY ACT,O,PRIVATE INSTITUTION OF HIGHER EDUCATION,2,NON-AGGREGATE RECORD,,,,,,,,,,,https://www.usaspending.gov/award/ASST_NON_R35GM161567_075/,2026-03-05 22:04:43.296484+00
ASST_NON_R35GM161752_075,R35GM161752,R35GM161752-3178932508,SAI UNAVAILABLE,,,,,,2026-03-02,2026,406250.00,,156250.00,0.00,406250.00,0.00,0.00,2026-03-02,2026,2026-03-02,2030-12-31,075,Department of Health and Human Services,7529,National Institutes of Health,75NS00,NIH National Institute of General Medical Sciences,075,Department of Health and Human Services,7529,National Institutes of Health,75NS00,NIH National Institute of General Medical Sciences,,,,,GM1XX56LEP58,,"TRUSTEES OF THE UNIVERSITY OF PENNSYLVANIA, THE","TRUSTEES OF THE UNIVERSITY OF PENNSYLVANIA, THE",GM1XX56LEP58,,"TRUSTEES OF THE UNIVERSITY OF PENNSYLVANIA, THE",USA,UNITED STATES,3451 WALNUT STREET,,60000,PHILADELPHIA,42101,PHILADELPHIA,42,PA,PENNSYLVANIA,19104,6205,PA-03,PA-03,,,,SINGLE ZIP CODE,USA,UNITED STATES,PA60000,PHILADELPHIA,42101,PHILADELPHIA,42,PENNSYLVANIA,191044863,PA-03,PA-03,,93.859: BIOMEDICAL RESEARCH AND RESEARCH TRAINING,PAR-22-180,"THE NATIONAL INSTITUTE OF GENERAL MEDICAL SCIENCES (NIGMS) SUPPORTS BASIC RESEARCH THAT INCREASES OUR UNDERSTANDING OF BIOLOGICAL PROCESSES AND LAYS THE FOUNDATION FOR ADVANCES IN DISEASE DIAGNOSIS, TREATMENT, AND PREVENTION. NIGMS ALSO SUPPORTS RESEARCH IN SPECIFIC CLINICAL AREAS THAT AFFECT MULTIPLE ORGAN SYSTEMS: ANESTHESIOLOGY AND PERI-OPERATIVE PAIN, CLINICAL PHARMACOLOGY ?COMMON TO MULTIPLE DRUGS AND TREATMENTS, AND INJURY, CRITICAL ILLNESS, SEPSIS, AND WOUND HEALING.? NIGMS-FUNDED SCIENTISTS INVESTIGATE HOW LIVING SYSTEMS WORK AT A RANGE OF LEVELSFROM MOLECULES AND CELLS TO TISSUES AND ORGANSIN RESEARCH ORGANISMS, HUMANS, AND POPULATIONS. ADDITIONALLY, TO ENSURE THE VITALITY AND CONTINUED PRODUCTIVITY OF THE RESEARCH ENTERPRISE, NIGMS PROVIDES LEADERSHIP IN SUPPORTING THE TRAINING OF THE NEXT GENERATION OF SCIENTISTS, ENHANCING THE DIVERSITY OF THE SCIENTIFIC WORKFORCE, AND DEVELOPING RESEARCH CAPACITY THROUGHOUT THE COUNTRY.",04,PROJECT GRANT (B),"HARNESSING XNAS TO EXPAND THE GENETIC TOOLKIT FOR RNA SILENCING AND RNA EDITING - PROJECT SUMMARY THE OBJECTIVE OF MY RESEARCH PROGRAM OVER THE NEXT FIVE YEARS IS TO ADVANCE NUCLEIC ACID CHEMISTRY AND HARNESS IN VITRO SELECTION (SELEX) TECHNIQUES TO EXPAND THE GENETIC TOOLKIT FOR RNA SILENCING AND EDITING, LAYING A FOUNDATION FOR NEXT-GENERATION RNA THERAPEUTICS. RNA SILENCING AND EDITING HOLD TRANSFORMATIVE POTENTIAL FOR TREATING GENETIC DISORDERS CAUSED BY SINGLE-POINT MUTATIONS WITHOUT ALTERING THE GENETIC CODE. HOWEVER, CURRENT RNA SILENCERS LACK SUFFICIENT ALLELE SPECIFICITY, AND SITE-DIRECTED RNA ADENOSINE-TO-INOSINE (A-TO-I) EDITING REMAINS IN ITS EARLY STAGE. TO ADDRESS THESE CHALLENGES, MY PROGRAM FOCUSES ON THE CHEMISTRY, STRUCTURE, AND FUNCTION OF DE NOVO XNAS (XENO NUCLEIC ACIDS)—SYNTHETIC NUCLEIC ACID ANALOGS WITH MODIFIED BACKBONES THAT ENHANCE NUCLEASE RESISTANCE, EXTEND HALF-LIFE, AND CONFER UNIQUE THERMODYNAMIC PROPERTIES. WHILE CHEMICAL BACKBONE MODIFICATIONS HAVE REVOLUTIONIZED RNA THERAPEUTICS, THEY OFTEN COMPROMISE THE NATURAL FUNCTIONALITY OF CATALYTIC RNAS OR APTAMERS, WHEN INCORPORATED AFTER THE EVOLUTION PROCESS. TO OVERCOME THESE LIMITATIONS, WE ARE DEVELOPING AN INNOVATIVE XNA-SELEX PLATFORM TO GENERATE FUNCTIONAL XNA MOLECULES. OVER THE PAST FIVE YEARS, I HAVE EXTENSIVELY INVESTIGATED THE EFFECTS OF CHEMICAL MODIFICATIONS ON NUCLEOBASES AND SUGAR BACKBONES, ANALYZING THEIR IMPACT ON RNA BASE PAIRING, SELF-ASSEMBLY, AND STRUCTURE. ALONGSIDE, I HAVE DEVELOPED ENZYMATIC AND NON-ENZYMATIC TOOLS FOR RNA/XNA MANIPULATION. THESE EFFORTS FORM A STRONG GROUNDWORK FOR CREATING FUNCTIONAL XNAS TO ADDRESS BIOMEDICAL CHALLENGES. BUILDING ON THIS WORK, WE AIM TO DESIGN NOVEL XNAZYMES AND XNA APTAMERS BASED ON 3′-NP-DNA (N3′-P5′ LINKED PHOSPHORAMIDATE DNA) AND 2′-F-RNA (2′-FLUORO-RNA). THESE XNAS EXHIBIT ENHANCED THERMAL STABILITY, RIGID SECONDARY STRUCTURES, ENZYMATIC RESISTANCE, AND BIOCOMPATIBILITY, MAKING THEM IDEAL FOR ALLELE-SPECIFIC SILENCING AND PRECISE RECRUITMENT OF PROTEIN ENZYMES FOR RNA EDITING. THEIR PERFORMANCE WILL BE OPTIMIZED IN CELLULAR MODELS TO ACHIEVE EFFICIENT SILENCING AND EDITING OF DISEASE-ASSOCIATED ALLELES. IN PARALLEL, WE WILL INVESTIGATE THE TERTIARY STRUCTURES AND FOLDING PROPERTIES OF 3′-NP-DNA AND 2′-F-RNA TO UNCOVER NOVEL STRUCTURAL MOTIFS AND ELUCIDATE THEIR FUNCTIONAL ROLES. THESE FINDINGS WILL GUIDE THE DESIGN OF NEXT-GENERATION XNAZYMES AND APTAMERS, EXPANDING THEIR THERAPEUTIC POTENTIAL FOR RNA TARGETING AND EDITING. BY INTEGRATING CHEMICAL BIOLOGY, STRUCTURAL ANALYSIS, AND FUNCTIONAL VALIDATION, THIS PROGRAM AIMS TO ESTABLISH A ROBUST PLATFORM FOR XNA-BASED TECHNOLOGIES. THE COMPACT SIZE AND ENHANCED STABILITY OF XNAZYMES AND APTAMERS PROVIDE SIGNIFICANT ADVANTAGES FOR IN VIVO DELIVERY, ADDRESSING KEY BARRIERS IN THERAPEUTIC RNA SILENCING AND EDITING. THIS WORK WILL ADVANCE BOTH FUNDAMENTAL INSIGHTS AND TRANSLATIONAL APPLICATIONS, PAVING THE WAY FOR INNOVATIVE XNA TECHNOLOGIES IN BIOTECHNOLOGY AND MEDICINE.",NON,NOT RECOVERY ACT,O,PRIVATE INSTITUTION OF HIGHER EDUCATION,2,NON-AGGREGATE RECORD,,,,,,,,,,,https://www.usaspending.gov/award/ASST_NON_R35GM161752_075/,2026-03-05 22:04:43.296484+00
ASST_NON_R35GM162265_075,R35GM162265,R35GM162265-3730257883,SAI UNAVAILABLE,,,,,,2026-03-03,2026,321304.00,,112387.00,0.00,321304.00,0.00,0.00,2026-03-03,2026,2026-04-01,2031-03-31,075,Department of Health and Human Services,7529,National Institutes of Health,75NS00,NIH National Institute of General Medical Sciences,075,Department of Health and Human Services,7529,National Institutes of Health,75NS00,NIH National Institute of General Medical Sciences,,,,,YVVTQD8CJC79,,RUTGERS THE STATE UNIVERSITY OF NEW JERSEY,RUTGERS THE STATE UNIVERSITY OF NEW JERSEY,YHAYMDR5EXX7,,"RUTGERS, THE STATE UNIVERSITY",USA,UNITED STATES,65 BERGEN ST,STE 1,51000,NEWARK,34013,ESSEX,34,NJ,NEW JERSEY,07107,3001,NJ-10,NJ-10,,,,SINGLE ZIP CODE,USA,UNITED STATES,NJ51000,NEWARK,34013,ESSEX,34,NEW JERSEY,071073001,NJ-10,NJ-10,,93.859: BIOMEDICAL RESEARCH AND RESEARCH TRAINING,PAR-23-145,"THE NATIONAL INSTITUTE OF GENERAL MEDICAL SCIENCES (NIGMS) SUPPORTS BASIC RESEARCH THAT INCREASES OUR UNDERSTANDING OF BIOLOGICAL PROCESSES AND LAYS THE FOUNDATION FOR ADVANCES IN DISEASE DIAGNOSIS, TREATMENT, AND PREVENTION. NIGMS ALSO SUPPORTS RESEARCH IN SPECIFIC CLINICAL AREAS THAT AFFECT MULTIPLE ORGAN SYSTEMS: ANESTHESIOLOGY AND PERI-OPERATIVE PAIN, CLINICAL PHARMACOLOGY ?COMMON TO MULTIPLE DRUGS AND TREATMENTS, AND INJURY, CRITICAL ILLNESS, SEPSIS, AND WOUND HEALING.? NIGMS-FUNDED SCIENTISTS INVESTIGATE HOW LIVING SYSTEMS WORK AT A RANGE OF LEVELSFROM MOLECULES AND CELLS TO TISSUES AND ORGANSIN RESEARCH ORGANISMS, HUMANS, AND POPULATIONS. ADDITIONALLY, TO ENSURE THE VITALITY AND CONTINUED PRODUCTIVITY OF THE RESEARCH ENTERPRISE, NIGMS PROVIDES LEADERSHIP IN SUPPORTING THE TRAINING OF THE NEXT GENERATION OF SCIENTISTS, ENHANCING THE DIVERSITY OF THE SCIENTIFIC WORKFORCE, AND DEVELOPING RESEARCH CAPACITY THROUGHOUT THE COUNTRY.",04,PROJECT GRANT (B),"METABOLIC REGULATION OF INNATE IMMUNITY-DEPENDENT WOUND HEALING IN SITU - PROJECT SUMMARY THE FOCUS OF THIS APPLICATION IS TO UNDERSTAND THE INTEGRATED METABOLIC REGULATION OF WOUND HEALING. PRODUCTIVE TISSUE REPAIR IS A FUNDAMENTAL REQUIREMENT FOR AN ORGANISM TO MAINTAIN TISSUE HOMEOSTASIS AND ORGAN FUNCTION. DYSREGULATED WOUND HEALING IS RELEVANT TO VARIOUS HUMAN DISEASES, INCLUDING HEART DISEASE, AUTOIMMUNE DISEASES, CHRONIC WOUNDS, CANCER, AND INFECTION. TISSUE REPAIR REQUIRES THE COORDINATED ACTION OF MULTIPLE CELL TYPES, INCLUDING IMMUNE AND STROMAL CELLS, THROUGH SEVERAL PHASES OF WOUND HEALING THAT TAKE DAYS TO MONTHS. INTRACELLULAR METABOLISM IS A CENTRAL REGULATOR OF CELLULAR EFFECTOR FUNCTIONS AND HAS BECOME A THERAPEUTIC TARGET TO MODULATE DISEASE PROGRESSION AND PATIENT OUTCOME. DESPITE THE PROGRESS IN UNDERSTANDING THE SIGNALING NETWORKS THAT REGULATE WOUND HEALING, THE METABOLIC REGULATION OF WOUND HEALING IN VIVO REMAINS POORLY UNDERSTOOD. KEY GAPS INCLUDE UNDERSTANDING HOW THE INTRACELLULAR METABOLISM OF INDIVIDUAL CELLS IS REGULATED TO INFLUENCE EFFECTOR FUNCTIONS AND HOW METABOLIC CROSSTALK BETWEEN DIFFERENT CELL TYPES IS COORDINATED FOR PRODUCTIVE WOUND HEALING. WE USE ZEBRAFISH (DANIO RERIO) AS OUR IN VIVO MODEL OF INFLAMMATION AND TISSUE REPAIR. THE OPTICAL TRANSPARENCY, EASE OF GENETIC MANIPULATION, AND HIGH SIMILARITY TO THE HUMAN IMMUNE SYSTEM AND GENOME MAKE ZEBRAFISH AN IDEAL MODEL FOR DISSECTING MULTI-CELLULAR INTERACTIONS DURING TISSUE REPAIR IN SITU. WE HAVE SHOWN THAT FLUORESCENCE LIFETIME IMAGING MICROSCOPY (FLIM) OF ENDOGENOUS METABOLIC COENZYMES, NICOTINAMIDE ADENINE DINUCLEOTIDE (PHOSPHATE) (NAD(P)H) AND FLAVIN ADENINE DINUCLEOTIDE (FAD) ARE SENSITIVE TO DYNAMIC CHANGES IN THE INTRACELLULAR METABOLISM OF MACROPHAGES DURING WOUND RESPONSES IN LIVE ZEBRAFISH LARVAE. WE WILL CONTINUE IMPLEMENTING FLIM MODALITIES AND ANALYTICAL TOOLS TO ENABLE THE SPATIOTEMPORAL ANALYSIS OF INTRACELLULAR METABOLISM IN NATIVE INTERSTITIAL SPACES IN A LIVING ANIMAL. WE FOUND THAT MITOCHONDRIAL ROS CONTRIBUTES TO MACROPHAGE METABOLISM DURING THE EARLY PRO-INFLAMMATORY PHASE OF WOUND RESPONSE. WE WILL EMPLOY SINGLE CELL-BASED IMAGING, INCLUDING FLIM AND FLUORESCENT METABOLIC SENSORS USING STANDARD CONFOCAL MICROSCOPY, AND SPATIAL METABOLOMICS TO DISSECT THE ROLE OF CANONICAL AND NON-CANONICAL PATHWAYS IN MITOCHONDRIAL FUNCTION TO REGULATE INNATE IMMUNITY AND INTERACTION WITH EPITHELIAL CELLS DURING TISSUE REPAIR. OUR STUDIES WILL CONTRIBUTE TO A BETTER UNDERSTANDING OF THE METABOLIC REGULATION OF TISSUE REPAIR AND MAY PROVIDE NEW TARGETS TO TREAT HUMAN DISEASE.",NON,NOT RECOVERY ACT,H,PUBLIC/STATE CONTROLLED INSTITUTION OF HIGHER EDUCATION,2,NON-AGGREGATE RECORD,,,,,,,,,,,https://www.usaspending.gov/award/ASST_NON_R35GM162265_075/,2026-03-05 22:04:43.296484+00
ASST_NON_R35GM162610_075,R35GM162610,R35GM162610-516482325,SAI UNAVAILABLE,,,,,,2026-03-03,2026,423500.00,,148500.00,0.00,423500.00,0.00,0.00,2026-03-03,2026,2026-04-01,2031-01-31,075,Department of Health and Human Services,7529,National Institutes of Health,75NS00,NIH National Institute of General Medical Sciences,075,Department of Health and Human Services,7529,National Institutes of Health,75NS00,NIH National Institute of General Medical Sciences,,,,,LL8GLEVH6MG3,,UNIVERSITY OF UTAH,UNIVERSITY OF UTAH,,,THE UNIVERSITY OF UTAH,USA,UNITED STATES,201 PRESIDENTS CIR,,67000,SALT LAKE CITY,49035,SALT LAKE,49,UT,UTAH,84112,9049,UT-01,UT-01,,,,SINGLE ZIP CODE,USA,UNITED STATES,UT67000,SALT LAKE CITY,49035,SALT LAKE,49,UTAH,841125820,UT-01,UT-01,,93.859: BIOMEDICAL RESEARCH AND RESEARCH TRAINING,PAR-23-145,"THE NATIONAL INSTITUTE OF GENERAL MEDICAL SCIENCES (NIGMS) SUPPORTS BASIC RESEARCH THAT INCREASES OUR UNDERSTANDING OF BIOLOGICAL PROCESSES AND LAYS THE FOUNDATION FOR ADVANCES IN DISEASE DIAGNOSIS, TREATMENT, AND PREVENTION. NIGMS ALSO SUPPORTS RESEARCH IN SPECIFIC CLINICAL AREAS THAT AFFECT MULTIPLE ORGAN SYSTEMS: ANESTHESIOLOGY AND PERI-OPERATIVE PAIN, CLINICAL PHARMACOLOGY ?COMMON TO MULTIPLE DRUGS AND TREATMENTS, AND INJURY, CRITICAL ILLNESS, SEPSIS, AND WOUND HEALING.? NIGMS-FUNDED SCIENTISTS INVESTIGATE HOW LIVING SYSTEMS WORK AT A RANGE OF LEVELSFROM MOLECULES AND CELLS TO TISSUES AND ORGANSIN RESEARCH ORGANISMS, HUMANS, AND POPULATIONS. ADDITIONALLY, TO ENSURE THE VITALITY AND CONTINUED PRODUCTIVITY OF THE RESEARCH ENTERPRISE, NIGMS PROVIDES LEADERSHIP IN SUPPORTING THE TRAINING OF THE NEXT GENERATION OF SCIENTISTS, ENHANCING THE DIVERSITY OF THE SCIENTIFIC WORKFORCE, AND DEVELOPING RESEARCH CAPACITY THROUGHOUT THE COUNTRY.",04,PROJECT GRANT (B),"INVESTIGATING THE BIOLOGICAL FUNCTIONS, BIOSYNTHESIS, AND DYNAMIC REGULATIONS OF RNA CHEMICAL MODIFICATIONS - ABSTRACT RNA-BASED THERAPEUTICS HOLD GREAT PROMISE FOR TREATING DISEASES, YET THEIR FULL POTENTIAL RELIES ON A DEEP UNDERSTANDING OF HOW GENE EXPRESSION IS REGULATED AT THE RNA LEVEL. RNA IS A DIVERSE AND DYNAMIC MOLECULE THAT UNDERGOES VARIOUS POST-TRANSCRIPTIONAL PROCESSING. AMONG THESE, CHEMICAL MODIFICATIONS WIDELY INSTALLED ON RNA SIGNIFICANTLY EXPAND ITS DIVERSITY, AND HAVE GREAT POTENTIAL TO REGULATE GENE EXPRESSION THROUGH MODULATING RNA’S STRUCTURE, STABILITY, LOCALIZATION, AND INTERACTIONS, AMONG OTHERS. SEVERAL TYPES OF RNA MODIFICATIONS HAVE BEEN EXTENSIVELY STUDIED AND FOUND TO INFLUENCE MULTIPLE STAGES OF THE RNA LIFE CYCLE AND IMPACT NUMEROUS PHYSIOLOGICAL PATHWAYS. DYSREGULATIONS OF RNA MODIFICATION LANDSCAPE OR MALFUNCTIONS OF THEIR ASSOCIATED EFFECTOR PROTEINS HAVE BEEN LINKED TO VARIOUS HUMAN DISEASES. HOWEVER, DESPITE THIS PROGRESS, MOST RNA MODIFICATIONS REMAIN UNDEREXPLORED, AND THEIR IMPACT ON RNA FUNCTION IS STILL LARGELY UNKNOWN. OUR RESEARCH PROGRAM AIMS TO ADVANCE THE FUNDAMENTAL UNDERSTANDING OF RNA MODIFICATIONS BY ADDRESSING THREE KEY CHALLENGES. THE FIRST CRITICAL CHALLENGE IS IDENTIFYING PROTEINS THAT SPECIFICALLY INTERACT WITH THE MODIFIED NUCLEOTIDES. REVEALING THESE “READER” PROTEINS IS THE KEY TO UNDERSTANDING THE FUNCTIONS OF THE MODIFICATIONS AND BIOLOGICAL PROCESSES REGULATED BY THEM, POTENTIALLY PROVIDING NEW INSIGHTS INTO DISEASE MECHANISMS. WHILE “READER” PROTEINS HAVE BEEN IDENTIFIED FOR A FEW TYPES OF MODIFICATIONS, EFFECTOR PROTEINS FOR MOST OTHER MODIFICATIONS REMAIN LARGELY UNKNOWN. WE WILL DEVELOP A NEW APPROACH TO SYSTEMATICALLY IDENTIFY MODIFICATION- MEDIATED RNA-PROTEIN INTERACTIONS AS THEY OCCUR IN CELLS. ADDITIONALLY, PRECISE MAPPING OF MODIFICATION SITES RAISES FUNDAMENTAL QUESTIONS REGARDING THE RULES GOVERNING THEIR SELECTIVE DEPOSITION. WHILE SEQUENCE MOTIFS CAN OFTEN BE ACQUIRED FROM MODIFICATION MAPPING DATA, RNA STRUCTURES THAT CONTRIBUTE TO MODIFICATION SELECTIVITY IS CHALLENGING TO DETERMINE AND REMAINS LARGELY UNEXPLORED. WE WILL INVESTIGATE RNA STRUCTURAL FEATURES THAT SUPPORT THE SITE-SPECIFIC DEPOSITION OF THE RNA PSEUDOURIDINE MODIFICATION DURING ITS BIOSYNTHESIS. LASTLY, PROBING THE DYNAMIC NATURE OF RNA MODIFICATIONS HAS BEEN A SIGNIFICANT CHALLENGE, AS CURRENT METHODS ARE INEFFICIENT FOR DISSECTING THEIR SPATIAL AND TEMPORAL DYNAMICS IN LIVING CELLS. WE ARE DEVELOPING GENETICALLY ENCODED BIOSENSORS TO ENABLE REAL-TIME PROBING OF RNA MODIFICATION DYNAMICS IN LIVING CELLS. WE WILL APPLY THIS TOOL TO STUDY RNA MODIFICATIONS IN PHYSIOLOGICAL CONTEXTS, SUCH AS NEURONAL DEVELOPMENT. BY INTEGRATING INNOVATIVE BIOCHEMICAL, MULTI-OMICS, AND IMAGING APPROACHES, OUR WORK HAS THE POTENTIAL TO TRANSFORM THE FIELD BY PROVIDING NOVEL TOOLS THAT CAN BE APPLIED TO A WIDE RANGE OF RNA CHEMICAL MODIFICATIONS IN VARIOUS BIOLOGICAL SYSTEMS, WHILE ALSO ACCELERATING OUR UNDERSTANDING ABOUT THE FUNCTIONS, DEPOSITION MECHANISMS AND DYNAMIC REGULATIONS OF RNA MODIFICATIONS. MOREOVER, OUR RESEARCH MAY LEAD TO NEW INSIGHTS INTO DISEASE MECHANISMS, FACILITATE THE DEVELOPMENT OF DIAGNOSTIC TOOLS, AND REVEAL NEW DRUG TARGETS RELATED TO RNA-BASED GENE EXPRESSION REGULATION MECHANISMS.",NON,NOT RECOVERY ACT,H,PUBLIC/STATE CONTROLLED INSTITUTION OF HIGHER EDUCATION,2,NON-AGGREGATE RECORD,,,,,,,,,,,https://www.usaspending.gov/award/ASST_NON_R35GM162610_075/,2026-03-05 22:04:43.296484+00
ASST_NON_R61DA065218_075,R61DA065218,R61DA065218-803442258,SAI UNAVAILABLE,,,,,,2026-03-03,2026,453000.00,,153000.00,0.00,453000.00,0.00,0.00,2026-03-03,2026,2026-03-15,2028-02-28,075,Department of Health and Human Services,7529,National Institutes of Health,75N600,NIH National Insitute on Drug Abuse,075,Department of Health and Human Services,7529,National Institutes of Health,75N600,NIH National Insitute on Drug Abuse,,,,,NHV3GTWSALA7,,THE MEDICAL UNIVERSITY OF SOUTH CAROLINA,THE MEDICAL UNIVERSITY OF SOUTH CAROLINA,,,,USA,UNITED STATES,179 ASHLEY AVE,,13330,CHARLESTON,45019,CHARLESTON,45,SC,SOUTH CAROLINA,29425,8908,SC-06,SC-06,,,,SINGLE ZIP CODE,USA,UNITED STATES,SC13330,CHARLESTON,45019,CHARLESTON,45,SOUTH CAROLINA,29425,SC-06,SC-06,,93.279: DRUG USE AND ADDICTION RESEARCH PROGRAMS,RFA-DA-25-078,"<P>TO SUPPORT BASIC, CLINICAL, TRANSLATIONAL, AND IMPLEMENTATION RESEARCH IN THE FIELD OF SUBSTANCE USE. TO DEVELOP NEW KNOWLEDGE AND APPROACHES FOR THE PREVENTION, DIAGNOSIS, AND TREATMENT OF DRUG USE, MISUSE, AND ADDICTION, DRUG OVERDOSE, AND RELATED HEALTH OUTCOMES, INCLUDING HIV/AIDS.&NBSP;</P>",04,PROJECT GRANT (B),"EMPOWERING EMPATH UNITS: TRAINING FOR INTERGRATED MENTAL HEALTH AND OPIOID DISORDER MANAGEMENT - PROJECT ABSTRACT EMERGENCY DEPARTMENTS (EDS) FACE SIGNIFICANT CHALLENGES MANAGING MENTAL HEALTH CRISES, OFTEN LACKING SPECIALIZED RESOURCES AND LEADING TO INAPPROPRIATE PLACEMENTS AND INSUFFICIENT FOLLOW-UP CARE. EMERGENCY PSYCHIATRIC ASSESSMENT, TREATMENT, AND HEALING (EMPATH) UNITS ARE DESIGNED TO SPECIALLY ADDRESS THESE ISSUES. HOWEVER, A SIGNIFICANT PROPORTION OF INDIVIDUALS EXPERIENCING MENTAL HEALTH CRISES ALSO HAVE CO-OCCURRING SUBSTANCE USE DISORDERS, PARTICULARLY OPIOID USE DISORDER (OUD). BUPRENORPHINE HAS BEEN SHOWN TO REDUCE ALL-CAUSE MORTALITY. FURTHERMORE, EMERGENCY DEPARTMENT-INITIATED BUPRENORPHINE (EDIB) HAS DEMONSTRATED A DOUBLING OF 30-DAY TREATMENT RETENTION COMPARED TO REFERRAL ALONE. THIS SIGNIFICANT SUCCESS MAKES INTEGRATING EDIB INTO THE EMPATH UNIT MODEL A LOGICAL AND POTENTIALLY TRANSFORMATIVE STEP TOWARD IMPROVED PATIENT OUTCOMES. HOWEVER, ADEQUATELY ADDRESSING WORKFORCE TRAINING NEEDS IS CRUCIAL FOR THE SUCCESSFUL IMPLEMENTATION AND SUSTAINED IMPROVEMENT OF PATIENT CARE. THIS PROJECT WILL DEVELOP AND IMPLEMENT A TRAINING CURRICULUM FOR EMPATH PERSONNEL FOCUSED ON THE ACUTE MANAGEMENT OF OUD, EMPHASIZING INITIATION OF MEDICATION FOR OPIOID USE DISORDER (MOUD) WITH BUPRENORPHINE. A PHASED APPROACH WILL INVOLVE STAKEHOLDER INPUT, PROTOCOL REFINEMENT, AND RIGOROUS EVALUATION. PHASE 1 (R-61) WILL FOCUS ON CURRICULUM DEVELOPMENT, INCORPORATING INPUT FROM AN EXTERNAL ADVISORY BOARD, PILOTING THE INTERVENTION IN ONE EMPATH UNIT, AND GATHERING QUALITATIVE FEEDBACK TO REFINE THE PROTOCOL. PHASE 2 (R-33) WILL UTILIZE A STEPPED-WEDGE DESIGN TO: 1) ASSESS THE NUMBER OF INDIVIDUALS IDENTIFIED WITH OUD WHILE IN EMPATH UNITS (PRIMARY OUTCOME) AND THE NUMBER OF INDIVIDUALS ADMINISTERED BUPRENORPHINE AND/OR GIVEN A PRESCRIPTION FOR BUPRENORPHINE (SECONDARY OUTCOME); AND 2) ASSESS EMPATH STAFF SATISFACTION, BURNOUT, CONFIDENCE, KNOWLEDGE, AND STIGMA WHEN WORKING WITH PATIENTS WITH OPIOID USE DISORDER PRIOR TO IMPLEMENTATION AND AT 3, 6, 9, AND 12 MONTHS POST-IMPLEMENTATION/TRAINING. THIS STUDY AIMS TO CREATE A REPLICABLE AND SCALABLE MODEL FOR INTEGRATING STATE-OF-THE-ART OUD MANAGEMENT INTO PSYCHIATRIC EMERGENCY SETTINGS, IMPROVING PATIENT OUTCOMES AND WORKFORCE PREPAREDNESS. THE COLLABORATION WITH THE SOUTH CAROLINA HOSPITAL ASSOCIATION, DEPARTMENT OF MENTAL HEALTH, AND DAODAS STRENGTHENS THE PROJECT'S IMPACT AND SUSTAINABILITY.",NON,NOT RECOVERY ACT,H,PUBLIC/STATE CONTROLLED INSTITUTION OF HIGHER EDUCATION,2,NON-AGGREGATE RECORD,,,,,,,,,,,https://www.usaspending.gov/award/ASST_NON_R61DA065218_075/,2026-03-05 22:04:43.296484+00
ASST_NON_UM1TR006055_075,UM1TR006055,UM1TR006055-4263192810,SAI UNAVAILABLE,,,,,,2026-03-02,2026,3124604.00,,738294.00,0.00,3124604.00,0.00,0.00,2026-03-02,2026,2026-03-02,2030-12-31,075,Department of Health and Human Services,7529,National Institutes of Health,75NR00,NIH National Center for Advancing Translational Sciences,075,Department of Health and Human Services,7529,National Institutes of Health,75NA00,NIH OFFICE OF THE DIRECTOR,,,,,KU3DCFJJTVN3,,TEXAS A&M AGRILIFE RESEARCH,TEXAS A&M AGRILIFE RESEARCH,ZM3QVJ8ACN11,,TEXAS A & M UNIVERSITY SYSTEM,USA,UNITED STATES,2147 TAMU,,15976,COLLEGE STATION,48041,BRAZOS,48,TX,TEXAS,77843,0001,TX-10,TX-10,,,,SINGLE ZIP CODE,USA,UNITED STATES,TX15976,COLLEGE STATION,48041,BRAZOS,48,TEXAS,778430001,TX-10,TX-10,,93.310: TRANS-NIH RESEARCH SUPPORT,RFA-RM-24-010,"<P><SPAN STYLE=""BACKGROUND-COLOR:WHITE;"">THE OFFICE OF STRATEGIC COORDINATION (</SPAN><A HREF=""HTTPS://COMMONFUND.NIH.GOV/""><SPAN STYLE=""BACKGROUND-COLOR:WHITE;"">COMMON FUND</SPAN></A><SPAN STYLE=""BACKGROUND-COLOR:WHITE;"">)</SPAN><SPAN STYLE=""BACKGROUND-COLOR:#F9F9F9;""> SUPPORTS RESEARCH AND OTHER PROJECTS THAT WILL ACCELERATE FUNDAMENTAL BIOMEDICAL DISCOVERY AND TRANSLATION OF THAT KNOWLEDGE INTO EFFECTIVE PREVENTION STRATEGIES AND NEW TREATMENTS.</SPAN></P>",05,COOPERATIVE AGREEMENT (B),"NAMS-DECISIONS CENTER: NEW APPROACH METHODS FOR DECISIONS ON INDUSTRIAL AND CONSUMER-USE CHEMICALS - PROJECT SUMMARY THE NAMS DECISIONS CENTER IS A MULTIDISCIPLINARY TEAM OF SCIENTISTS, ENGINEERS, MODELERS, AND EDUCATORS WORKING TO INTEGRATE NEW APPROACH METHODOLOGIES (NAMS) INTO REGULATORY DECISION-MAKING FOR CHEMICAL SAFETY ASSESSMENT. THE PRIMARY GOAL OF THE CENTER IS TO DEVELOP DEFINED APPROACHES FOR USING MATURE COMBINATORIAL IN VITRO AND IN SILICO NAMS TO ENHANCE READ-ACROSS METHODS, REDUCING RELIANCE ON ANIMAL TESTING. A KEY CHALLENGE IN REPLACING TRADITIONAL ANIMAL TESTS IS PROVING SUFFICIENT SIMILARITY BETWEEN CHEMICALS, WHICH IS REQUIRED FOR REGULATORY ACCEPTANCE OF READ-ACROSS APPROACHES. A SYSTEMATIC REVIEW OF OVER 1,100 INDUSTRY-PROPOSED READ- ACROSS ADAPTATIONS SUBMITTED TO THE EUROPEAN CHEMICALS AGENCY (ECHA) FOUND THAT ONLY 8% WERE ACCEPTED, PRIMARILY DUE TO INSUFFICIENT TOXICOKINETIC AND TOXICODYNAMIC DATA—GAPS THAT NAMS COULD HELP FILL. TO ADDRESS THIS, THE CENTER PROPOSES FIVE SPECIFIC AIMS. AIM 1: CENTER MANAGEMENT AND INTERNATIONAL INTEGRATION, WILL ENSURE EFFECTIVE GOVERNANCE THROUGH AN INTERNAL STEERING COMMITTEE AND GUIDANCE FROM AN EXTERNAL ADVISORY COMMITTEE WITH INTERNATIONAL REPRESENTATION FROM REGULATORY AGENCIES, INDUSTRY AND NGOS. AIM 2: DEVELOPING POPULATION-BASED NAMS FOR READ-ACROSS, WILL BE FOCUSED ON IMPROVING READ-ACROSS APPROACHES USING POPULATION-BASED IN VITRO AND IN SILICO NAMS. THIS WORK WILL INCLUDE COMPLEX IN VITRO MODELS FOR GUT PERMEABILITY, LIVER METABOLISM, AND RENAL CLEARANCE, POPULATION VARIABILITY STUDIES USING HUMAN-DERIVED CELL PANELS, ION MOBILITY SPECTROMETRY-MASS SPECTROMETRY AS A RAPID TOOL FOR TOXICOKINETICS, TOXICODYNAMIC VARIABILITY ASSESSMENT WITH HUMAN LYMPHOBLAST CELL LINES, THESE WILL BE COMBINED INTO POPULATION-TOXICOKINETICS/TOXICODYNAMICS NAMS. THREE PILOT PROJECTS FOCUSED ON CENTER-RELEVANT STUDIES WILL BE ALSO INCLUDED. AIM 3: NAMS TECHNOLOGY DEVELOPMENT AND COMMERCIALIZATION, WILL CONSIST OF THREE CORES: ADMINISTRATIVE CORE WILL PROVIDE CENTER OVERSIGHT, DATA MANAGEMENT & BIOINFORMATICS CORE WILL BE RESPONSIBLE FOR DATA INTEGRATION AND BIOSTATISTICS SUPPORT, AND NAMS RESOURCES CORE WILL INCLUDE RESOURCES FOR DEVICE FABRICATION AND TRANSCRIPTOMICS. AIM 4: NAMS QUALIFICATION AND REGULATORY ACCEPTANCE, WILL ENSURE THE ROBUSTNESS AND REPRODUCIBILITY OF THE INDIVIDUAL AND COMBINATORIAL NAMS. WITH EXPERTISE IN REGULATORY QUALIFICATION, THIS AIM WILL HELP FACILITATE REGULATORY ACCEPTANCE OF CENTER- DEVELOPED NAMS-BASED APPROACHES. AIM 5: TRAINING, OUTREACH, AND STAKEHOLDER ENGAGEMENT, WILL CONDUCT ETHICAL, LEGAL, AND SOCIAL IMPLICATIONS (ELSI) RESEARCH (IDENTIFY STAKEHOLDER CONCERNS, CLARIFY VALIDATION EXPECTATIONS, AND REFINE COMMUNICATION STRATEGIES), WORKFORCE DEVELOPMENT & TRAINING (CREATE NAMS EDUCATION MATERIALS FOR HIGH-SCHOOL/COLLEGE STUDENTS, REGULATORS, INDUSTRY PROFESSIONALS, AND ACADEMICS), AND COMMUNITY ENGAGEMENT (ENCOURAGE REGULATORY ADOPTION THROUGH TARGETED WORKSHOPS AND READ-ACROSS CASE STUDIES). OVERALL, THE NAMS DECISIONS CENTER AIMS TO REVOLUTIONIZE CHEMICAL SAFETY ASSESSMENTS BY INTEGRATING NAMS INTO DEFINED READ-ACROSS APPROACHES. BY ACCELERATING CHEMICAL EVALUATIONS AND REDUCING RELIANCE ON ANIMAL TESTING, THIS INITIATIVE WILL MAKE A SIGNIFICANT IMPACT ON PUBLIC HEALTH AND REGULATORY DECISION-MAKING.",NON,NOT RECOVERY ACT,H,PUBLIC/STATE CONTROLLED INSTITUTION OF HIGHER EDUCATION,2,NON-AGGREGATE RECORD,,,,,,,,,,,https://www.usaspending.gov/award/ASST_NON_UM1TR006055_075/,2026-03-05 22:04:43.296484+00
ASST_NON_12CCCEAUCEU5283211_012,12CCCEAUCEU5283211,,SAI EXEMPT,,,,,,2026-03-05,2026,3387.82,,,,3387.82,0.00,0.00,2026-03-05,2026,,,012,Department of Agriculture,12D2,Farm Service Agency,12346T,Deputy Administrator Farm Programs,012,Department of Agriculture,12D2,Farm Service Agency,12346T,Deputy Administrator Farm Programs,,,,,DVCGD7P9BKP2,,AMERICAN & EFIRD LLC,AMERICAN & EFIRD LLC,UEPUAYZBKB59,,WALLENIUS WILHELMSEN ASA,USA,UNITED STATES,24 AMERICAN STREET,,44960,MOUNT HOLLY,37071,GASTON,37,NC,NORTH CAROLINA,28120,0507,NC-10,NC-14,,,,SINGLE ZIP CODE,USA,UNITED STATES,NC44960,MOUNT HOLLY,37071,GASTON,37,NORTH CAROLINA,28120-0507,NC-10,NC-14,,10.051: COMMODITY LOANS AND LOAN DEFICIENCY PAYMENTS,,,06,"DIRECT PAYMENT FOR SPECIFIED USE, AS A SUBSIDY OR OTHER NON-REIMBURSABLE DIRECT FINANCIAL AID (C)",ECONOMIC ADJUSTMENT ASSISTANCE TO USERS OF UPLAND COTTON,NON,NOT RECOVERY ACT,X,OTHER,2,NON-AGGREGATE RECORD,,,,,,,,,,,https://www.usaspending.gov/award/ASST_NON_12CCCEAUCEU5283211_012/,2026-03-06 19:20:01.101823+00
ASST_NON_693JJ32640206_069,693JJ32640206,,,,,,,,2026-03-05,2026,780000.00,,0.00,195000.00,975000.00,0.00,0.00,2026-03-05,2026,2026-03-05,2029-03-04,069,Department of Transportation,6925,Federal Highway Administration,693JJ3,693JJ3 ACQUISITION AND GRANTS MGT,069,Department of Transportation,6925,Federal Highway Administration,693JH9,FHWA OFFICE OF SAFETY,,,,,EWFNJF9GM6U4,,CITY OF TRACY,CITY OF TRACY,,,,USA,UNITED STATES,333 CIVIC CENTER PLZ,,80238,TRACY,06077,SAN JOAQUIN,06,CA,CALIFORNIA,95376,4062,CA-09,CA-09,,,,CITY-WIDE,USA,UNITED STATES,CA80238,TRACY,06077,SAN JOAQUIN,06,CALIFORNIA,CITY-WIDE,CA-09,CA-09,,20.939: SAFE STREETS AND ROADS FOR ALL,DOT-SS4A-FY24-01,"THE PURPOSE OF SS4A GRANTS IS TO IMPROVE ROADWAY SAFETY BY SIGNIFICANTLY REDUCING OR ELIMINATING ROADWAY FATALITIES AND SERIOUS INJURIES THROUGH SAFETY ACTION PLAN DEVELOPMENT AND REFINEMENT AND IMPLEMENTATION FOCUSED ON ALL USERS, INCLUDING PEDESTRIANS, BICYCLISTS, PUBLIC TRANSPORTATION USERS, MOTORISTS, PERSONAL CONVEYANCE AND MICROMOBILITY USERS, AND COMMERCIAL VEHICLE OPERATORS. THE PROGRAM PROVIDES FUNDING TO DEVELOP THE TOOLS TO HELP STRENGTHEN A COMMUNITYS APPROACH TO ROADWAY SAFETY AND SAVE LIVES AND IS DESIGNED TO MEET THE NEEDS OF DIVERSE LOCAL, TRIBAL, AND REGIONAL COMMUNITIES THAT DIFFER DRAMATICALLY IN SIZE, LOCATION, AND EXPERIENCE ADMINISTERING FEDERAL FUNDING.",04,PROJECT GRANT (B),TO DEVELOP A COMPREHENSIVE SAFETY ACTION PLAN WITHIN THE CITY OF TRACY TO REDUCE AND EVENTUALLY ELIMINATE ROADWAY FATALITIES/SERIOUS INJURIES BY IMPROVING ROADWAY SAFETY FOR ALL USERS.,NON,NOT RECOVERY ACT,C,CITY OR TOWNSHIP GOVERNMENT,2,NON-AGGREGATE RECORD,,,,,,,,,,,https://www.usaspending.gov/award/ASST_NON_693JJ32640206_069/,2026-03-06 20:31:37.958052+00
ASST_NON_693JJ32640312_069,693JJ32640312,,,,,,,,2026-03-05,2026,1100000.00,,0.00,0.00,1100000.00,0.00,0.00,2026-03-05,2026,2026-03-05,2029-06-30,069,Department of Transportation,6925,Federal Highway Administration,693JJ3,693JJ3 ACQUISITION AND GRANTS MGT,069,Department of Transportation,6925,Federal Highway Administration,693JH6,FHWA OFFICE OF OPERATIONS,,,,,KN7AL7HF44B3,,CITY OF RAPID CITY,RAPID CITY SD CITY OF,,,CITY OF RAPID CITY,USA,UNITED STATES,300 6TH ST,,52980,RAPID CITY,46103,PENNINGTON,46,SD,SOUTH DAKOTA,57701,5034,SD-00,SD-00,,,,CITY-WIDE,USA,UNITED STATES,SD52980,RAPID CITY,46103,PENNINGTON,46,SOUTH DAKOTA,CITY-WIDE,SD-00,SD-00,,20.933: NATIONAL INFRASTRUCTURE INVESTMENTS,DTOS59-24-RA-RAISE,RAISE GRANTS ARE FOR CAPITAL INVESTMENTS IN SURFACE TRANSPORTATION THAT WILL HAVE A SIGNIFICANT LOCAL OR REGIONAL IMPACT.,04,PROJECT GRANT (B),"CITY OF RAPID CITY, SD - COMPREHENSIVE DOWNTOWN RAILROAD SAFETY SOLUTIONS UNDER THE REBUILDING AMERICAN INFRASTRUCTURE WITH SUSTAINABILITY AND EQUITY PROGRAM",NON,NOT RECOVERY ACT,C,CITY OR TOWNSHIP GOVERNMENT,2,NON-AGGREGATE RECORD,,,,,,,,,,,https://www.usaspending.gov/award/ASST_NON_693JJ32640312_069/,2026-03-06 12:10:53.417735+00
ASST_NON_693JJ32640360_069,693JJ32640360,,,,,,,,2026-03-05,2026,136000.00,,0.00,0.00,136000.00,0.00,0.00,2026-03-05,2026,2026-03-05,2027-04-30,069,Department of Transportation,6925,Federal Highway Administration,693JJ3,693JJ3 ACQUISITION AND GRANTS MGT,069,Department of Transportation,6925,Federal Highway Administration,693JH9,FHWA OFFICE OF SAFETY,,,,,XUNLT7LUTU83,,"SMITHFIELD, TOWN OF","SMITHFIELD, TOWN OF",,,TOWN OF SMITHFIELD,USA,UNITED STATES,310 INSTITUTE ST,,73202,SMITHFIELD,51093,ISLE OF WIGHT,51,VA,VIRGINIA,23430,1114,VA-02,VA-02,,,,CITY-WIDE,USA,UNITED STATES,VA73200,SMITHFIELD,51093,ISLE OF WIGHT,51,VIRGINIA,CITY-WIDE,VA-02,VA-02,,20.939: SAFE STREETS AND ROADS FOR ALL,DOT-SS4A-FY23-01,"THE PURPOSE OF SS4A GRANTS IS TO IMPROVE ROADWAY SAFETY BY SIGNIFICANTLY REDUCING OR ELIMINATING ROADWAY FATALITIES AND SERIOUS INJURIES THROUGH SAFETY ACTION PLAN DEVELOPMENT AND REFINEMENT AND IMPLEMENTATION FOCUSED ON ALL USERS, INCLUDING PEDESTRIANS, BICYCLISTS, PUBLIC TRANSPORTATION USERS, MOTORISTS, PERSONAL CONVEYANCE AND MICROMOBILITY USERS, AND COMMERCIAL VEHICLE OPERATORS. THE PROGRAM PROVIDES FUNDING TO DEVELOP THE TOOLS TO HELP STRENGTHEN A COMMUNITYS APPROACH TO ROADWAY SAFETY AND SAVE LIVES AND IS DESIGNED TO MEET THE NEEDS OF DIVERSE LOCAL, TRIBAL, AND REGIONAL COMMUNITIES THAT DIFFER DRAMATICALLY IN SIZE, LOCATION, AND EXPERIENCE ADMINISTERING FEDERAL FUNDING.",04,PROJECT GRANT (B),THIS AWARD WILL BE USED BY THE TOWN OF SMITHFIELD VA TO DEVELOP A COMPREHENSIVE SAFETY ACTION PLAN.,NON,NOT RECOVERY ACT,C,CITY OR TOWNSHIP GOVERNMENT,2,NON-AGGREGATE RECORD,,,,,,,,,,,https://www.usaspending.gov/award/ASST_NON_693JJ32640360_069/,2026-03-06 11:40:45.166139+00
ASST_NON_693JJ32640365_069,693JJ32640365,,,,,,,,2026-03-05,2026,1672000.00,,0.00,4450000.00,6122000.00,0.00,0.00,2026-03-05,2026,2026-03-05,2031-03-04,069,Department of Transportation,6925,Federal Highway Administration,693JJ3,693JJ3 ACQUISITION AND GRANTS MGT,069,Department of Transportation,6925,Federal Highway Administration,693JH9,FHWA OFFICE OF SAFETY,,,,,FJEHNN9JALF8,,CITY OF KNOXVILLE,CITY OF KNOXVILLE,,,,USA,UNITED STATES,400 W MAIN ST,,40000,KNOXVILLE,47093,KNOX,47,TN,TENNESSEE,37902,2405,TN-02,TN-02,,,,CITY-WIDE,USA,UNITED STATES,TN40000,KNOXVILLE,47093,KNOX,47,TENNESSEE,CITY-WIDE,TN-02,TN-02,,20.939: SAFE STREETS AND ROADS FOR ALL,DOT-SS4A-FY24-01,"THE PURPOSE OF SS4A GRANTS IS TO IMPROVE ROADWAY SAFETY BY SIGNIFICANTLY REDUCING OR ELIMINATING ROADWAY FATALITIES AND SERIOUS INJURIES THROUGH SAFETY ACTION PLAN DEVELOPMENT AND REFINEMENT AND IMPLEMENTATION FOCUSED ON ALL USERS, INCLUDING PEDESTRIANS, BICYCLISTS, PUBLIC TRANSPORTATION USERS, MOTORISTS, PERSONAL CONVEYANCE AND MICROMOBILITY USERS, AND COMMERCIAL VEHICLE OPERATORS. THE PROGRAM PROVIDES FUNDING TO DEVELOP THE TOOLS TO HELP STRENGTHEN A COMMUNITY S APPROACH TO ROADWAY SAFETY AND SAVE LIVES AND IS DESIGNED TO MEET THE NEEDS OF DIVERSE LOCAL, TRIBAL, AND REGIONAL COMMUNITIES THAT DIFFER DRAMATICALLY IN SIZE, LOCATION, AND EXPERIENCE ADMINISTERING FEDERAL FUNDING.",04,PROJECT GRANT (B),THIS PROJECT INVOLVES THE DESIGN AND CONSTRUCTION OF ROADWAY AND MULTIMODAL IMPROVEMENTS ALONG CHAPMAN HWY; AS WELL AS SUPPLEMENTAL PLANNING ACTIVITIES TO ADVANCE GOALS OUTLINED IN THE CITY OF KNOXVILLE VISION ZERO ACTION PLAN.,NON,NOT RECOVERY ACT,C,CITY OR TOWNSHIP GOVERNMENT,2,NON-AGGREGATE RECORD,,,,,,,,,,,https://www.usaspending.gov/award/ASST_NON_693JJ32640365_069/,2026-03-06 20:31:37.958052+00
ASST_NON_693JJ32640390_069,693JJ32640390,,,,,,,,2026-03-02,2026,2753920.00,,0.00,0.00,2753920.00,0.00,0.00,2026-03-02,2026,2026-03-02,2029-09-02,069,Department of Transportation,6925,Federal Highway Administration,693JJ3,693JJ3 ACQUISITION AND GRANTS MGT,069,Department of Transportation,6925,Federal Highway Administration,693JH9,FHWA OFFICE OF SAFETY,,,,,WVMETVAGGBU5,,ATLANTA REGIONAL COMMISSION,ATLANTA REGIONAL COMMISSION,,,,USA,UNITED STATES,229 PEACHTREE ST NE STE 100,,04000,ATLANTA,13121,FULTON,13,GA,GEORGIA,30303,1601,GA-05,GA-05,,,,CITY-WIDE,USA,UNITED STATES,GA04000,ATLANTA,13089,DEKALB,13,GEORGIA,CITY-WIDE,GA-05,GA-90,,20.939: SAFE STREETS AND ROADS FOR ALL,DOT-SS4A-FY24-01,"THE PURPOSE OF SS4A GRANTS IS TO IMPROVE ROADWAY SAFETY BY SIGNIFICANTLY REDUCING OR ELIMINATING ROADWAY FATALITIES AND SERIOUS INJURIES THROUGH SAFETY ACTION PLAN DEVELOPMENT AND REFINEMENT AND IMPLEMENTATION FOCUSED ON ALL USERS, INCLUDING PEDESTRIANS, BICYCLISTS, PUBLIC TRANSPORTATION USERS, MOTORISTS, PERSONAL CONVEYANCE AND MICROMOBILITY USERS, AND COMMERCIAL VEHICLE OPERATORS. THE PROGRAM PROVIDES FUNDING TO DEVELOP THE TOOLS TO HELP STRENGTHEN A COMMUNITY S APPROACH TO ROADWAY SAFETY AND SAVE LIVES AND IS DESIGNED TO MEET THE NEEDS OF DIVERSE LOCAL, TRIBAL, AND REGIONAL COMMUNITIES THAT DIFFER DRAMATICALLY IN SIZE, LOCATION, AND EXPERIENCE ADMINISTERING FEDERAL FUNDING.",04,PROJECT GRANT (B),"FY24 SS4A GRANT TO THE ATLANTA REGIONAL COMMISSION, GA FOR THE PROJECT 'SUPPLEMENTAL PLANNING AND DEMONSTRATION GRANT IN METRO ATLANTA COMMUNITIES'.",NON,NOT RECOVERY ACT,E,REGIONAL ORGANIZATION,2,NON-AGGREGATE RECORD,,,,,,,,,,,https://www.usaspending.gov/award/ASST_NON_693JJ32640390_069/,2026-03-06 20:31:37.958052+00
ASST_NON_SBH20026GR0002_019,SBH20026GR0002,,SAIEXEMPT,,,,,,2026-03-05,2026,4000.00,,0.00,,4000.00,0.00,0.00,2026-03-05,2026,2026-07-01,2026-12-11,019,Department of State,1900,Department of State,19BH20,U.S.EMBASSY BELMOPAN,019,Department of State,1900,Department of State,19XECA,BUREAU OF EDUCATIONAL AND CULTURAL,,,,,LN9PU5M2YZN5,,MISCELLANEOUS FOREIGN AWARDEES,UNIVERSITY OF BELIZE,LN9PU5M2YZN5,,MISCELLANEOUS FOREIGN AWARDEES,BLZ,BELIZE,HUMMING BIRD AVENUE,,,,,,,,,,,,,BELMOPAN,,,FOREIGN,BLZ,BELIZE,00FORGN,,,,,,,,,//BLZ,19.040: PUBLIC DIPLOMACY PROGRAMS,NOT APPLICABLE,NOT APPLICABLE,04,PROJECT GRANT (B),THE EDUSA CENTER FOCUS IS TO ENCOURAGE UB UNDERGRADUATES TO PURSUE GRADUATE STUDIES IN THE UNITED STATES AND EXPAND ITS OUTREACH TO HIGH SCHOOL STUDENTS NATIONWIDE AND PROVIDE INFORMATION ON UNDERGRADUATE OPPORTUNITIES.,NON,NOT RECOVERY ACT,O,PRIVATE INSTITUTION OF HIGHER EDUCATION,2,NON-AGGREGATE RECORD,,,,,,,,,,,https://www.usaspending.gov/award/ASST_NON_SBH20026GR0002_019/,2026-03-06 19:02:04.447262+00
ASST_NON_26TCEP0033_020,26TCEP0033,,SAI EXEMPT,,,,,,2026-03-06,2026,5750.00,,0.00,,5750.00,0.00,0.00,2026-03-06,2026,2025-10-01,2026-09-30,020,Department of the Treasury,2050,Internal Revenue Service,2031HS,WAGE AND INVESTMENT,020,Department of the Treasury,2050,Internal Revenue Service,2031HS,WAGE AND INVESTMENT,,,,,N351NWJU9H33,,INTERFAITH COMMUNITY SERVICES INC,INTERFAITH COMMUNITY SERVICES INC,N351NWJU9H33,,INTERFAITH COMMUNITY SERVICES INC,USA,UNITED STATES,5400 KING HILL AVENUE,,64550,SAINT JOSEPH,29021,BUCHANAN,29,MO,MISSOURI,64504,1503,MO-06,MO-06,,,,STATE-WIDE,USA,UNITED STATES,MO*****,,,,29,MISSOURI,,MO-90,,,21.006: TAX COUNSELING FOR THE ELDERLY,TCE-2026,A CONSERVATIVE GROWTH RATE OF 1 PERCENT IS PROJECTED AS NOTED WITHIN THE ASSISTANCE LISTING FOR THE CFDA,05,COOPERATIVE AGREEMENT (B),PURPOSE: THE TAX COUNSELING FOR THE ELDERLY (TCE) GRANT PROGRAM WAS TO ESTABLISH FUNDING FOR ORGANIZATIONS WHO PROVIDE TAX COUNSELING AND ASSISTANCE TO PERSONS 60 YEARS OF AGE OR OLDER. ACTIVITIES TO BE PERFORMED: THE TCE GRANT PROGRAM PROVIDES FINANCIAL SUPPORT TO PRIVATE OR PUBLIC NONPROFIT AGENCIES OR ORGANIZATIONS TO 1) TRAIN AND OFFER TECHNICAL ASSISTANCE TO VOLUNTEERS; AND 2) PROVIDE FREE TAX COUNSELING ASSISTANCE AND RETURN PREPARATION FOR THE ELDERLY. END GOAL/EXPECTED OUTCOMES: TCE GRANT RECIPIENTS ARE EXPECTED TO 1) ENSURE AT LEAST 65% OF ELECTRONICALLY FILED RETURNS ARE COMPLETED FOR TAXPAYERS WHO ARE 60 OR OLDER; 2) FOLLOW EXISTING GUIDANCE GOVERNING TCE SITE OPERATIONS; AND 3) ACHIEVE 100% OF THEIR RETURN PRODUCTION GOALS. INTENDED BENEFICIARIES: TAXPAYERS WHO ARE 60 YEARS OF AGE OR OLDER. SUBRECIPIENT ACTIVITIES: SUBRECIPIENTS MAY BE UTILIZED BY GRANT RECIPIENTS TO HELP DELIVER KEY ELEMENTS OF THE PROGRAM AND MUST ADHERE TO GRANT PROGRAM GUIDELINES. BROADBAND: SPECIFIC ACTIVITIES RELATING TO BROADBAND USAGE ARE NOT KNOWN AT THE TIME OF AWARD.,NON,NOT RECOVERY ACT,M,NONPROFIT WITH 501C3 IRS STATUS (OTHER THAN AN INSTITUTION OF HIGHER EDUCATION),2,NON-AGGREGATE RECORD,,,,,,,,,,,https://www.usaspending.gov/award/ASST_NON_26TCEP0033_020/,2026-03-09 13:40:07.796187+00
ASST_NON_26VITA0096_020,26VITA0096,,SAI EXEMPT,,,,,,2026-03-04,2026,75000.00,,11250.00,,75000.00,0.00,0.00,2026-03-04,2026,2025-10-01,2026-09-30,020,Department of the Treasury,2050,Internal Revenue Service,2031HS,WAGE AND INVESTMENT,020,Department of the Treasury,2050,Internal Revenue Service,2031HS,WAGE AND INVESTMENT,,,,,HLRNPT4FBWB3,,HEART OF FLORIDA UNITED WAY INC,HEART OF FLORIDA UNITED WAY INC,,,,USA,UNITED STATES,1940 CANNERY WAY,,53000,ORLANDO,12095,ORANGE,12,FL,FLORIDA,32804,4718,FL-10,FL-10,,,,STATE-WIDE,USA,UNITED STATES,FL*****,,,,12,FLORIDA,,FL-90,,,21.009: VOLUNTEER INCOME TAX ASSISTANCE (VITA) MATCHING GRANT PROGRAM,VITA-2026-001,THE VITA GRANT REQUIRES GRANT RECIPIENTS TO SERVE LOW-TO-MODERATE-INCOME TAXPAYERS IN UNDERSERVED POPULATIONS AT NO CHARGE FOR THE TAXPAYER.  ORGANIZATIONS WILL RECRUIT AND TRAIN VOLUNTEERS TO HELP OPERATE THEIR PROGRAM AND PREPARE FEDERAL TAX RETURNS FOR TAXPAYERS.,04,PROJECT GRANT (B),"PURPOSE:  THE VOLUNTEER INCOME TAX ASSISTANCE (VITA) GRANT WAS ESTABLISHED AS A MATCHING GRANT PROGRAM TO PROVIDE FUNDING FOR ORGANIZATIONS WHO SUPPORT COMMUNITY VOLUNTEER INCOME TAX ASSISTANCE.
ACTIVITIES TO BE PERFORMED:  THE VITA GRANT PROGRAM PROVIDES FINANCIAL SUPPORT TO ORGANIZATIONS WHO 1) EXTEND SERVICES TO UNDERSERVED POPULATIONS IN HARDEST TO REACH AREAS BOTH URBAN AND NON-URBAN; 2) INCREASE THE CAPACITY TO FILE RETURNS ELECTRONICALLY; 3) HEIGHTEN QUALITY CONTROL; 4) ENHANCE TRAINING OF VOLUNTEERS; AND 5) SIGNIFICANTLY IMPROVE THE ACCURACY RATE OF RETURNS PREPARED AT VITA SITES.
END GOAL/EXPECTED OUTCOMES: VITA GRANT RECIPIENTS ARE EXPECTED TO 1) FOLLOW EXISTING GUIDANCE GOVERNING VITA SITE OPERATIONS; 2) ENSURE AT LEAST 90% OF RETURNS PREPARED ARE FOR INDIVIDUALS WHOSE INCOME IS EQUAL TO OR LESS THAN THE MAXIMUM EARNED INCOME TAX CREDIT (EITC) THRESHOLDS; 2) FILE ALL ELIGIBLE RETURNS ELECTRONICALLY; 3) ACHIEVE 100% OF THEIR RETURN PRODUCTION GOALS; 4) BECOME MORE EFFICIENT WITH GRANT FUNDS; AND 5) SHOW INCREMENTAL INCREASES IN RETURN PREPARATION EACH YEAR.
INTENDED BENEFICIARIES:  TAXPAYERS WHO ARE LOW TO MODERATE INCOME INDIVIDUALS, PERSONS WITH DISABILITIES, THOSE FOR WHOM ENGLISH IS A SECOND LANGUAGE, NATIVE AMERICANS, INDIVIDUALS LIVING IN RURAL AREAS, MEMBERS OF THE ARMED FORCES AND THEIR FAMILIES, AND THE ELDERLY. 
SUBRECIPIENT ACTIVITIES: SUBRECIPIENTS MAY BE UTILIZED BY GRANT RECIPIENTS TO HELP DELIVER KEY ELEMENTS OF THE PROGRAM AND MUST ADHERE TO GRANT PROGRAM GUIDELINES.  BROADBAND: SPECIFIC ACTIVITIES RELATING TO BROADBAND USAGE ARE NOT KNOWN AT THE TIME OF AWARD.",NON,NOT RECOVERY ACT,M,NONPROFIT WITH 501C3 IRS STATUS (OTHER THAN AN INSTITUTION OF HIGHER EDUCATION),2,NON-AGGREGATE RECORD,,,,,,,,,,,https://www.usaspending.gov/award/ASST_NON_26VITA0096_020/,2026-03-09 12:50:00.524153+00
ASST_NON_26VITA0104_020,26VITA0104,,SAI EXEMPT,,,,,,2026-03-09,2026,15000.00,,2250.00,,15000.00,0.00,0.00,2026-03-09,2026,2025-10-01,2026-09-30,020,Department of the Treasury,2050,Internal Revenue Service,2031HS,WAGE AND INVESTMENT,020,Department of the Treasury,2050,Internal Revenue Service,2031HS,WAGE AND INVESTMENT,,,,,NZR5JNKSQ2N5,,THE UNITED WAY OF COLLIER & THE KEYS INC,THE UNITED WAY OF COLLIER & THE KEYS INC,,,,USA,UNITED STATES,9015 STRADA STELL CT; STE 204,,47625,NAPLES,12021,COLLIER,12,FL,FLORIDA,34109,4373,FL-19,FL-19,,,,STATE-WIDE,USA,UNITED STATES,FL*****,,,,12,FLORIDA,,FL-90,,,21.009: VOLUNTEER INCOME TAX ASSISTANCE (VITA) MATCHING GRANT PROGRAM,VITA-2026-001,THE VITA GRANT REQUIRES GRANT RECIPIENTS TO SERVE LOW-TO-MODERATE-INCOME TAXPAYERS IN UNDERSERVED POPULATIONS AT NO CHARGE FOR THE TAXPAYER.  ORGANIZATIONS WILL RECRUIT AND TRAIN VOLUNTEERS TO HELP OPERATE THEIR PROGRAM AND PREPARE FEDERAL TAX RETURNS FOR TAXPAYERS.,04,PROJECT GRANT (B),"PURPOSE:  THE VOLUNTEER INCOME TAX ASSISTANCE (VITA) GRANT WAS ESTABLISHED AS A MATCHING GRANT PROGRAM TO PROVIDE FUNDING FOR ORGANIZATIONS WHO SUPPORT COMMUNITY VOLUNTEER INCOME TAX ASSISTANCE.
ACTIVITIES TO BE PERFORMED:  THE VITA GRANT PROGRAM PROVIDES FINANCIAL SUPPORT TO ORGANIZATIONS WHO 1) EXTEND SERVICES TO UNDERSERVED POPULATIONS IN HARDEST TO REACH AREAS BOTH URBAN AND NON-URBAN; 2) INCREASE THE CAPACITY TO FILE RETURNS ELECTRONICALLY; 3) HEIGHTEN QUALITY CONTROL; 4) ENHANCE TRAINING OF VOLUNTEERS; AND 5) SIGNIFICANTLY IMPROVE THE ACCURACY RATE OF RETURNS PREPARED AT VITA SITES.
END GOAL/EXPECTED OUTCOMES: VITA GRANT RECIPIENTS ARE EXPECTED TO 1) FOLLOW EXISTING GUIDANCE GOVERNING VITA SITE OPERATIONS; 2) ENSURE AT LEAST 90% OF RETURNS PREPARED ARE FOR INDIVIDUALS WHOSE INCOME IS EQUAL TO OR LESS THAN THE MAXIMUM EARNED INCOME TAX CREDIT (EITC) THRESHOLDS; 2) FILE ALL ELIGIBLE RETURNS ELECTRONICALLY; 3) ACHIEVE 100% OF THEIR RETURN PRODUCTION GOALS; 4) BECOME MORE EFFICIENT WITH GRANT FUNDS; AND 5) SHOW INCREMENTAL INCREASES IN RETURN PREPARATION EACH YEAR.
INTENDED BENEFICIARIES:  TAXPAYERS WHO ARE LOW TO MODERATE INCOME INDIVIDUALS, PERSONS WITH DISABILITIES, THOSE FOR WHOM ENGLISH IS A SECOND LANGUAGE, NATIVE AMERICANS, INDIVIDUALS LIVING IN RURAL AREAS, MEMBERS OF THE ARMED FORCES AND THEIR FAMILIES, AND THE ELDERLY. 
SUBRECIPIENT ACTIVITIES: SUBRECIPIENTS MAY BE UTILIZED BY GRANT RECIPIENTS TO HELP DELIVER KEY ELEMENTS OF THE PROGRAM AND MUST ADHERE TO GRANT PROGRAM GUIDELINES. BROADBAND: SPECIFIC ACTIVITIES RELATING TO BROADBAND USAGE ARE NOT KNOWN AT THE TIME OF AWARD.",NON,NOT RECOVERY ACT,M,NONPROFIT WITH 501C3 IRS STATUS (OTHER THAN AN INSTITUTION OF HIGHER EDUCATION),2,NON-AGGREGATE RECORD,,,,,,,,,,,https://www.usaspending.gov/award/ASST_NON_26VITA0104_020/,2026-03-09 12:50:00.524153+00
ASST_NON_26VITA0122_020,26VITA0122,,SAI EXEMPT,,,,,,2026-03-06,2026,125000.00,,18750.00,,125000.00,0.00,0.00,2026-03-06,2026,2025-10-01,2026-09-30,020,Department of the Treasury,2050,Internal Revenue Service,2031HS,WAGE AND INVESTMENT,020,Department of the Treasury,2050,Internal Revenue Service,2031HS,WAGE AND INVESTMENT,,,,,KPANKHNK4MA9,,RURAL DYNAMICS INC,RURAL DYNAMICS INC,,,"GREENPATH, INC.",USA,UNITED STATES,410 CENTRAL AVE; STE 401,,32800,GREAT FALLS,30013,CASCADE,30,MT,MONTANA,59401,3128,MT-02,MT-02,,,,MULTI-STATE,USA,UNITED STATES,00*****,,,,,MULTI-STATE,,,90,,21.009: VOLUNTEER INCOME TAX ASSISTANCE (VITA) MATCHING GRANT PROGRAM,VITA-2026-001,THE VITA GRANT REQUIRES GRANT RECIPIENTS TO SERVE LOW-TO-MODERATE-INCOME TAXPAYERS IN UNDERSERVED POPULATIONS AT NO CHARGE FOR THE TAXPAYER.  ORGANIZATIONS WILL RECRUIT AND TRAIN VOLUNTEERS TO HELP OPERATE THEIR PROGRAM AND PREPARE FEDERAL TAX RETURNS FOR TAXPAYERS.,04,PROJECT GRANT (B),"PURPOSE:  THE VOLUNTEER INCOME TAX ASSISTANCE (VITA) GRANT WAS ESTABLISHED AS A MATCHING GRANT PROGRAM TO PROVIDE FUNDING FOR ORGANIZATIONS WHO SUPPORT COMMUNITY VOLUNTEER INCOME TAX ASSISTANCE.
ACTIVITIES TO BE PERFORMED:  THE VITA GRANT PROGRAM PROVIDES FINANCIAL SUPPORT TO ORGANIZATIONS WHO 1) EXTEND SERVICES TO UNDERSERVED POPULATIONS IN HARDEST TO REACH AREAS BOTH URBAN AND NON-URBAN; 2) INCREASE THE CAPACITY TO FILE RETURNS ELECTRONICALLY; 3) HEIGHTEN QUALITY CONTROL; 4) ENHANCE TRAINING OF VOLUNTEERS; AND 5) SIGNIFICANTLY IMPROVE THE ACCURACY RATE OF RETURNS PREPARED AT VITA SITES.
END GOAL/EXPECTED OUTCOMES: VITA GRANT RECIPIENTS ARE EXPECTED TO 1) FOLLOW EXISTING GUIDANCE GOVERNING VITA SITE OPERATIONS; 2) ENSURE AT LEAST 90% OF RETURNS PREPARED ARE FOR INDIVIDUALS WHOSE INCOME IS EQUAL TO OR LESS THAN THE MAXIMUM EARNED INCOME TAX CREDIT (EITC) THRESHOLDS; 2) FILE ALL ELIGIBLE RETURNS ELECTRONICALLY; 3) ACHIEVE 100% OF THEIR RETURN PRODUCTION GOALS; 4) BECOME MORE EFFICIENT WITH GRANT FUNDS; AND 5) SHOW INCREMENTAL INCREASES IN RETURN PREPARATION EACH YEAR.
INTENDED BENEFICIARIES:  TAXPAYERS WHO ARE LOW TO MODERATE INCOME INDIVIDUALS, PERSONS WITH DISABILITIES, THOSE FOR WHOM ENGLISH IS A SECOND LANGUAGE, NATIVE AMERICANS, INDIVIDUALS LIVING IN RURAL AREAS, MEMBERS OF THE ARMED FORCES AND THEIR FAMILIES, AND THE ELDERLY. 
SUBRECIPIENT ACTIVITIES: SUBRECIPIENTS MAY BE UTILIZED BY GRANT RECIPIENTS TO HELP DELIVER KEY ELEMENTS OF THE PROGRAM AND MUST ADHERE TO GRANT PROGRAM GUIDELINES. BROADBAND: SPECIFIC ACTIVITIES RELATING TO BROADBAND USAGE ARE NOT KNOWN AT THE TIME OF AWARD.",NON,NOT RECOVERY ACT,M,NONPROFIT WITH 501C3 IRS STATUS (OTHER THAN AN INSTITUTION OF HIGHER EDUCATION),2,NON-AGGREGATE RECORD,,,,,,,,,,,https://www.usaspending.gov/award/ASST_NON_26VITA0122_020/,2026-03-09 12:50:00.524153+00
ASST_NON_26VITA0125_020,26VITA0125,,SAI EXEMPT,,,,,,2026-03-06,2026,150000.00,,0.00,,150000.00,0.00,0.00,2026-03-06,2026,2025-10-01,2026-09-30,020,Department of the Treasury,2050,Internal Revenue Service,2031HS,WAGE AND INVESTMENT,020,Department of the Treasury,2050,Internal Revenue Service,2031HS,WAGE AND INVESTMENT,,,,,NNUMU7L71AK4,,NEVADA FREE TAXES COALITION,NEVADA FREE TAXES COALITION,,,,USA,UNITED STATES,4825 S RAINBOW BLVD STE 212,,40000,LAS VEGAS,32003,CLARK,32,NV,NEVADA,89103,4748,NV-03,NV-03,,,,STATE-WIDE,USA,UNITED STATES,NV*****,,,,32,NEVADA,,NV-90,,,21.009: VOLUNTEER INCOME TAX ASSISTANCE (VITA) MATCHING GRANT PROGRAM,VITA-2026-001,THE VITA GRANT REQUIRES GRANT RECIPIENTS TO SERVE LOW-TO-MODERATE-INCOME TAXPAYERS IN UNDERSERVED POPULATIONS AT NO CHARGE FOR THE TAXPAYER.  ORGANIZATIONS WILL RECRUIT AND TRAIN VOLUNTEERS TO HELP OPERATE THEIR PROGRAM AND PREPARE FEDERAL TAX RETURNS FOR TAXPAYERS.,04,PROJECT GRANT (B),"PURPOSE:  THE VOLUNTEER INCOME TAX ASSISTANCE (VITA) GRANT WAS ESTABLISHED AS A MATCHING GRANT PROGRAM TO PROVIDE FUNDING FOR ORGANIZATIONS WHO SUPPORT COMMUNITY VOLUNTEER INCOME TAX ASSISTANCE.
ACTIVITIES TO BE PERFORMED:  THE VITA GRANT PROGRAM PROVIDES FINANCIAL SUPPORT TO ORGANIZATIONS WHO 1) EXTEND SERVICES TO UNDERSERVED POPULATIONS IN HARDEST TO REACH AREAS BOTH URBAN AND NON-URBAN; 2) INCREASE THE CAPACITY TO FILE RETURNS ELECTRONICALLY; 3) HEIGHTEN QUALITY CONTROL; 4) ENHANCE TRAINING OF VOLUNTEERS; AND 5) SIGNIFICANTLY IMPROVE THE ACCURACY RATE OF RETURNS PREPARED AT VITA SITES.
END GOAL/EXPECTED OUTCOMES: VITA GRANT RECIPIENTS ARE EXPECTED TO 1) FOLLOW EXISTING GUIDANCE GOVERNING VITA SITE OPERATIONS; 2) ENSURE AT LEAST 90% OF RETURNS PREPARED ARE FOR INDIVIDUALS WHOSE INCOME IS EQUAL TO OR LESS THAN THE MAXIMUM EARNED INCOME TAX CREDIT (EITC) THRESHOLDS; 2) FILE ALL ELIGIBLE RETURNS ELECTRONICALLY; 3) ACHIEVE 100% OF THEIR RETURN PRODUCTION GOALS; 4) BECOME MORE EFFICIENT WITH GRANT FUNDS; AND 5) SHOW INCREMENTAL INCREASES IN RETURN PREPARATION EACH YEAR.
INTENDED BENEFICIARIES:  TAXPAYERS WHO ARE LOW TO MODERATE INCOME INDIVIDUALS, PERSONS WITH DISABILITIES, THOSE FOR WHOM ENGLISH IS A SECOND LANGUAGE, NATIVE AMERICANS, INDIVIDUALS LIVING IN RURAL AREAS, MEMBERS OF THE ARMED FORCES AND THEIR FAMILIES, AND THE ELDERLY. 
SUBRECIPIENT ACTIVITIES: SUBRECIPIENTS MAY BE UTILIZED BY GRANT RECIPIENTS TO HELP DELIVER KEY ELEMENTS OF THE PROGRAM AND MUST ADHERE TO GRANT PROGRAM GUIDELINES. BROADBAND: SPECIFIC ACTIVITIES RELATING TO BROADBAND USAGE ARE NOT KNOWN AT THE TIME OF AWARD.",NON,NOT RECOVERY ACT,M,NONPROFIT WITH 501C3 IRS STATUS (OTHER THAN AN INSTITUTION OF HIGHER EDUCATION),2,NON-AGGREGATE RECORD,,,,,,,,,,,https://www.usaspending.gov/award/ASST_NON_26VITA0125_020/,2026-03-09 12:50:00.524153+00
ASST_NON_26VITA0126_020,26VITA0126,,SAI EXEMPT,,,,,,2026-03-06,2026,85000.00,,12750.00,,85000.00,0.00,0.00,2026-03-06,2026,2025-10-01,2026-09-30,020,Department of the Treasury,2050,Internal Revenue Service,2031HS,WAGE AND INVESTMENT,020,Department of the Treasury,2050,Internal Revenue Service,2031HS,WAGE AND INVESTMENT,,,,,CK4TYNDHPLA5,,HAMPTON ROADS COMMUNITY ACTION,HAMPTON ROADS COMMUNITY ACTION,CK4TYNDHPLA5,,HAMPTON ROADS COMMUNITY ACTION,USA,UNITED STATES,2410 WICKHAM AVE,,56000,NEWPORT NEWS,51700,NEWPORT NEWS (CITY),51,VA,VIRGINIA,23607,4628,VA-03,VA-03,,,,STATE-WIDE,USA,UNITED STATES,VA*****,,,,51,VIRGINIA,,VA-90,,,21.009: VOLUNTEER INCOME TAX ASSISTANCE (VITA) MATCHING GRANT PROGRAM,VITA-2026-001,THE VITA GRANT REQUIRES GRANT RECIPIENTS TO SERVE LOW-TO-MODERATE-INCOME TAXPAYERS IN UNDERSERVED POPULATIONS AT NO CHARGE FOR THE TAXPAYER.  ORGANIZATIONS WILL RECRUIT AND TRAIN VOLUNTEERS TO HELP OPERATE THEIR PROGRAM AND PREPARE FEDERAL TAX RETURNS FOR TAXPAYERS.,04,PROJECT GRANT (B),"PURPOSE:  THE VOLUNTEER INCOME TAX ASSISTANCE (VITA) GRANT WAS ESTABLISHED AS A MATCHING GRANT PROGRAM TO PROVIDE FUNDING FOR ORGANIZATIONS WHO SUPPORT COMMUNITY VOLUNTEER INCOME TAX ASSISTANCE.
ACTIVITIES TO BE PERFORMED:  THE VITA GRANT PROGRAM PROVIDES FINANCIAL SUPPORT TO ORGANIZATIONS WHO 1) EXTEND SERVICES TO UNDERSERVED POPULATIONS IN HARDEST TO REACH AREAS BOTH URBAN AND NON-URBAN; 2) INCREASE THE CAPACITY TO FILE RETURNS ELECTRONICALLY; 3) HEIGHTEN QUALITY CONTROL; 4) ENHANCE TRAINING OF VOLUNTEERS; AND 5) SIGNIFICANTLY IMPROVE THE ACCURACY RATE OF RETURNS PREPARED AT VITA SITES.
END GOAL/EXPECTED OUTCOMES: VITA GRANT RECIPIENTS ARE EXPECTED TO 1) FOLLOW EXISTING GUIDANCE GOVERNING VITA SITE OPERATIONS; 2) ENSURE AT LEAST 90% OF RETURNS PREPARED ARE FOR INDIVIDUALS WHOSE INCOME IS EQUAL TO OR LESS THAN THE MAXIMUM EARNED INCOME TAX CREDIT (EITC) THRESHOLDS; 2) FILE ALL ELIGIBLE RETURNS ELECTRONICALLY; 3) ACHIEVE 100% OF THEIR RETURN PRODUCTION GOALS; 4) BECOME MORE EFFICIENT WITH GRANT FUNDS; AND 5) SHOW INCREMENTAL INCREASES IN RETURN PREPARATION EACH YEAR.
INTENDED BENEFICIARIES:  TAXPAYERS WHO ARE LOW TO MODERATE INCOME INDIVIDUALS, PERSONS WITH DISABILITIES, THOSE FOR WHOM ENGLISH IS A SECOND LANGUAGE, NATIVE AMERICANS, INDIVIDUALS LIVING IN RURAL AREAS, MEMBERS OF THE ARMED FORCES AND THEIR FAMILIES, AND THE ELDERLY. 
SUBRECIPIENT ACTIVITIES: SUBRECIPIENTS MAY BE UTILIZED BY GRANT RECIPIENTS TO HELP DELIVER KEY ELEMENTS OF THE PROGRAM AND MUST ADHERE TO GRANT PROGRAM GUIDELINES. BROADBAND: SPECIFIC ACTIVITIES RELATING TO BROADBAND USAGE ARE NOT KNOWN AT THE TIME OF AWARD.",NON,NOT RECOVERY ACT,M,NONPROFIT WITH 501C3 IRS STATUS (OTHER THAN AN INSTITUTION OF HIGHER EDUCATION),2,NON-AGGREGATE RECORD,,,,,,,,,,,https://www.usaspending.gov/award/ASST_NON_26VITA0126_020/,2026-03-09 12:50:00.524153+00
ASST_NON_693JJ32640105_069,693JJ32640105,,,,,,,,2026-03-02,2026,490030.00,,0.00,0.00,490030.00,0.00,0.00,2026-03-02,2026,2026-03-02,2031-03-02,069,Department of Transportation,6925,Federal Highway Administration,693JJ3,693JJ3 ACQUISITION AND GRANTS MGT,069,Department of Transportation,6925,Federal Highway Administration,693JH9,FHWA OFFICE OF SAFETY,,,,,P9Y8CAFT4GB5,,CITY OF BOULDER,CITY OF BOULDER,,,,USA,UNITED STATES,1777 BROADWAY,,07850,BOULDER,08013,BOULDER,08,CO,COLORADO,80302,6220,CO-02,CO-02,,,,CITY-WIDE,USA,UNITED STATES,CO07850,BOULDER,08013,BOULDER,08,COLORADO,CITY-WIDE,CO-02,CO-02,,20.939: SAFE STREETS AND ROADS FOR ALL,DOT-SS4A-FY23-01,"THE PURPOSE OF SS4A GRANTS IS TO IMPROVE ROADWAY SAFETY BY SIGNIFICANTLY REDUCING OR ELIMINATING ROADWAY FATALITIES AND SERIOUS INJURIES THROUGH SAFETY ACTION PLAN DEVELOPMENT AND REFINEMENT AND IMPLEMENTATION FOCUSED ON ALL USERS, INCLUDING PEDESTRIANS, BICYCLISTS, PUBLIC TRANSPORTATION USERS, MOTORISTS, PERSONAL CONVEYANCE AND MICROMOBILITY USERS, AND COMMERCIAL VEHICLE OPERATORS. THE PROGRAM PROVIDES FUNDING TO DEVELOP THE TOOLS TO HELP STRENGTHEN A COMMUNITY'S APPROACH TO ROADWAY SAFETY AND SAVE LIVES AND IS DESIGNED TO MEET THE NEEDS OF DIVERSE LOCAL, TRIBAL, AND REGIONAL COMMUNITIES THAT DIFFER DRAMATICALLY IN SIZE, LOCATION, AND EXPERIENCE ADMINISTERING FEDERAL FUNDING.",04,PROJECT GRANT (B),"CITY OF BOULDER, CO FOR THE PROJECT 'SAFE STREETS FOR BOULDER: SYSTEMIC SAFETY COUNTERMEASURE IMPLEMENTATION",NON,NOT RECOVERY ACT,C,CITY OR TOWNSHIP GOVERNMENT,2,NON-AGGREGATE RECORD,,,,,,,,,,,https://www.usaspending.gov/award/ASST_NON_693JJ32640105_069/,2026-03-09 10:40:20.094663+00
ASST_NON_CA-2026-021_069,CA-2026-021,CA-2026-021-00-20.507,SAI EXEMPT,,,,,,2026-03-04,2026,5883415.00,,0.00,5883415.00,11766830.00,0.00,0.00,2026-03-04,2026,2026-03-04,2026-12-31,069,Department of Transportation,6955,Federal Transit Administration,699J58,REGION 9 DOT  FTA,069,Department of Transportation,6955,Federal Transit Administration,693JJ8,OFFICE OF BUDGET AND POLICY(TBP),,,,,D9KXK8SRNEL4,,IMPERIAL COUNTY TRANSPORTATION COMMISSION,IMPERIAL COUNTY TRANSPORTATION COMMISSION,,,,USA,UNITED STATES,1503 N IMPERIAL AVE,STE 104,21782,EL CENTRO,06025,IMPERIAL,06,CA,CALIFORNIA,92243,6301,CA-25,CA-25,,,,STATE-WIDE,USA,UNITED STATES,CA*****,,,,06,CALIFORNIA,,CA-90,,,20.507: FEDERAL TRANSIT FORMULA GRANTS,NOT APPLICABLE,NOT APPLICABLE,03,FORMULA GRANT (A),APPLICATION PURPOSE: THE PURPOSE OF THIS AWARD IS TO PROVIDE 1 YEAR OF OPERATING ASSISTANCE AND MAINTENANCE FOR IMPERIAL VALLEY TRANSIT (FIXED ROUTE) IVT ACCESS (ADA PARATRANSIT) IVT RIDE (DIAL-A-RIDE) AND IVT MEDTRANS DURING THE PERIOD OF 7/1/2025 THROUGH 6/30/2026.; ACTIVITIES PERFORMED: FUNDS WILL BE USED TO COVER ALL ELIGIBLE OPERATING EXPENSES SUCH AS DRIVER SALARIES FUEL DISPATCHING SALARIES PREVENTATIVE MAINTENANCE ETC. IN ORDER TO CONTINUE TO PROVIDE OPERATIONS.; EXPECTED OUTCOMES: FUNDING WILL PERMIT THE IMPERIAL COUNTY TRANSPORTATION COMMISSION (ICTC) TO CONTINUE TO PROVIDE PUBLIC TRANSIT OPERATIONS.; INTENDED BENEFICIARIES: THE GENERAL PUBLIC WILL CONTINUE TO BENEFIT FROM RELIABLE CONTINUED SERVICE TO GET TO WORK SCHOOL AND OTHER DESTINATIONS.; SUBRECIPIENT ACTIVITIES: ICTC DOES NOT INTEND TO SUBAWARD FUNDS.,NON,NOT RECOVERY ACT,D,SPECIAL DISTRICT GOVERNMENT,2,NON-AGGREGATE RECORD,,,,,,,,,,,https://www.usaspending.gov/award/ASST_NON_CA-2026-021_069/,2026-03-09 19:36:34.095465+00
ASST_NON_ID-2026-010_069,ID-2026-010,ID-2026-010-00-20.507,SAI EXEMPT,,,,,,2026-03-04,2026,2501820.00,,0.00,198180.00,2700000.00,0.00,0.00,2026-03-04,2026,2026-03-04,2026-12-31,069,Department of Transportation,6955,Federal Transit Administration,6905A5,REGION 10 DOT FTA,069,Department of Transportation,6955,Federal Transit Administration,693JJ8,OFFICE OF BUDGET AND POLICY(TBP),,,,,JZAGN29CGAT6,,VALLEY REGIONAL TRANSIT,VALLEY REGIONAL TRANSIT,JZAGN29CGAT6,,VALLEY REGIONAL TRANSIT,USA,UNITED STATES,700 E 2ND ST STE 100,N/A,52120,MERIDIAN,16001,ADA,16,ID,IDAHO,83642,2672,ID-01,ID-01,,,,STATE-WIDE,USA,UNITED STATES,ID*****,,,,16,IDAHO,,ID-90,,,20.507: FEDERAL TRANSIT FORMULA GRANTS,NOT APPLICABLE,NOT APPLICABLE,03,FORMULA GRANT (A),APPLICATION PURPOSE: THE PURPOSE OF THIS GRANT IS TO FUND THE ARCHITECTURAL DESIGN CONSTRUCTION AND NECESSARY INFRASTRUCTURE UPGRADES FOR A NEW ADMINISTRATIVE AND MAINTENANCE FACILITY AT THE VALLEY REGIONAL TRANSIT ORCHARD FACILITY. THIS INCLUDES BUILDING A 4700-SQUARE-FOOT STRUCTURE WITH OFFICES AND A GARAGE UPGRADING UTILITIES AND CONSTRUCTING A PAVED YARD WITH FENCING AND SECURITY FEATURES.; ACTIVITIES PERFORMED: THE ACTIVITIES TO BE PERFORMED UNDER THIS GRANT INCLUDE SEVERAL KEY COMPONENTS:ARCHITECTURAL DESIGN: DEVELOP THE DESIGN FOR A NEW 4700-SQUARE-FOOT ADMINISTRATIVE AND GARAGE/STORAGE BUILDING FEATURING OFFICES A CONFERENCE ROOM RESTROOMS AND A GARAGE BAY WITH STORAGE AND SHOP AREAS. THE DESIGN WILL UTILIZE A PRE-ENGINEERED METAL BUILDING CONSTRUCTION TYPE.SITE PREPARATION AND UTILITY UPGRADES: UPGRADE UTILITIES FOR SEWER WATER AND POWER ACROSS APPROXIMATELY 2.24 ACRES SURROUNDING THE NEW BUILDING. THIS INCLUDES GRADING AND COMPACTION FOR THE SUB-BASE AND ASPHALT BASE CREATING A GRAVEL LAYDOWN LOT AND IMPLEMENTING DRAINAGE AND STORMWATER CONVEYANCE SYSTEMS COMPLIANT WITH IDAHO STANDARDS FOR PUBLIC WORKS CONSTRUCTION (ISPWC).CONSTRUCTION ENGINEERING AND INSPECTION SERVICES: PROVIDE BIDDING SUPPORT COST ESTIMATES AND PROCUREMENT STANDARDS. ENSURE COMPLIANCE WITH FEDERAL CONSTRUCTION SPECIFICATIONS INCLUDING BEST VALUE AND PREVAILING WAGES DURING CONSTRUCTION.YARD CONSTRUCTION: CONSTRUCT APPROXIMATELY 1 ACRE OF PAVEMENT INSTALL 880 LINEAR FEET OF FENCING PER HOMELAND SECURITY AND BOISE AIRPORT STANDARDS AND SET UP TWO NEW CARD READER ACCESSIBLE VEHICLE GATES AND YARD LIGHTING. ESTABLISH A 1-ACRE GRAVEL LAYDOWN YARD FOR BULK STORAGE AND AS AN OVERFLOW AREA.VERTICAL CONSTRUCTION: BUILD THE NEW ADMINISTRATIVE AND MAINTENANCE FACILITY AT AN ESTIMATED COST OF $325 PER SQUARE FOOT TOTALING $1527500 FOR THE 4700-SQUARE-FOOT STRUCTURE.LANDSCAPING: LANDSCAPE THE PERIMETER OF THE SITE AND THE AREAS SURROUNDING THE BUILDING TO ENHANCE THE AESTHETIC APPEAL AND FUNCTIONALITY OF THE FACILITY.; EXPECTED OUTCOMES: THE EXPECTED OUTCOMES OF THIS PROJECT INCLUDE THE SUCCESSFUL CONSTRUCTION OF A MODERN EFFICIENT 4700-SQUARE-FOOT ADMINISTRATIVE AND MAINTENANCE FACILITY AT THE VALLEY REGIONAL TRANSIT ORCHARD FACILITY. THIS WILL ENHANCE THE OPERATIONAL EFFICIENCY OF THE TRANSIT SYSTEM PROVIDING A CENTRALIZED LOCATION FOR ADMINISTRATIVE FUNCTIONS AND VEHICLE MAINTENANCE. THE UPGRADED UTILITIES AND IMPROVED INFRASTRUCTURE WILL ENSURE RELIABLE AND SUSTAINABLE SERVICE WHILE THE NEW YARD AND STORAGE AREAS WILL FACILITATE BETTER RESOURCE MANAGEMENT AND FUTURE EXPANSION. OVERALL THE PROJECT WILL SUPPORT THE GROWTH AND EFFECTIVENESS OF VALLEY REGIONAL TRANSIT CONTRIBUTING TO IMPROVED PUBLIC TRANSPORTATION SERVICES AND REDUCED CARBON EMISSIONS IN THE REGION.; INTENDED BENEFICIARIES: EMPLOYEES AND CUSTOMERS OF VALLEY REGIONAL TRANSIT; SUBRECIPIENT ACTIVITIES: NONE,NON,NOT RECOVERY ACT,X,OTHER,2,NON-AGGREGATE RECORD,,,,,,,,,,,https://www.usaspending.gov/award/ASST_NON_ID-2026-010_069/,2026-03-09 19:36:34.095465+00
ASST_NON_ID-2026-011_069,ID-2026-011,ID-2026-011-00-20.507,SAI EXEMPT,,,,,,2026-03-05,2026,709923.00,,0.00,177481.00,887404.00,0.00,0.00,2026-03-05,2026,2026-03-05,2026-12-30,069,Department of Transportation,6955,Federal Transit Administration,6905A5,REGION 10 DOT FTA,069,Department of Transportation,6955,Federal Transit Administration,693JJ8,OFFICE OF BUDGET AND POLICY(TBP),,,,,JZAGN29CGAT6,,VALLEY REGIONAL TRANSIT,VALLEY REGIONAL TRANSIT,JZAGN29CGAT6,,VALLEY REGIONAL TRANSIT,USA,UNITED STATES,700 E 2ND ST STE 100,N/A,52120,MERIDIAN,16001,ADA,16,ID,IDAHO,83642,2672,ID-01,ID-01,,,,STATE-WIDE,USA,UNITED STATES,ID*****,,,,16,IDAHO,,ID-90,,,20.507: FEDERAL TRANSIT FORMULA GRANTS,NOT APPLICABLE,NOT APPLICABLE,03,FORMULA GRANT (A),APPLICATION PURPOSE: THIS GRANT INCLUDES FY2022 FY2023 FY2024 SECTION 5307 NAMPA UZA FUNDS FOR PREVENTATIVE MAINTENANCE.; ACTIVITIES PERFORMED: FUNDS WILL BE USED FOR VEHICLE PREVENTIVE MAINTENANCE IN THE NAMPA URBANIZED AREA.; EXPECTED OUTCOMES: VEHICLES OPERATING IN THE NAMPA URBANIZED AREAS WILL BE MAINTAINED IN A STATE OF GOOD REPAIR.; INTENDED BENEFICIARIES: USERS AND EMPLOYEES OF THE VRT PUBLIC TRANSIT SYSTEM.; SUBRECIPIENT ACTIVITIES: NONE,NON,NOT RECOVERY ACT,X,OTHER,2,NON-AGGREGATE RECORD,,,,,,,,,,,https://www.usaspending.gov/award/ASST_NON_ID-2026-011_069/,2026-03-09 19:36:34.095465+00
ASST_NON_ID-2026-012_069,ID-2026-012,ID-2026-012-00-20.507,SAI EXEMPT,,,,,,2026-03-06,2026,3000408.00,,0.00,750102.00,3750510.00,0.00,0.00,2026-03-06,2026,2026-03-06,2026-12-31,069,Department of Transportation,6955,Federal Transit Administration,6905A5,REGION 10 DOT FTA,069,Department of Transportation,6955,Federal Transit Administration,693JJ8,OFFICE OF BUDGET AND POLICY(TBP),,,,,JZAGN29CGAT6,,VALLEY REGIONAL TRANSIT,VALLEY REGIONAL TRANSIT,JZAGN29CGAT6,,VALLEY REGIONAL TRANSIT,USA,UNITED STATES,700 E 2ND ST STE 100,N/A,52120,MERIDIAN,16001,ADA,16,ID,IDAHO,83642,2672,ID-01,ID-01,,,,STATE-WIDE,USA,UNITED STATES,ID*****,,,,16,IDAHO,,ID-90,,,20.507: FEDERAL TRANSIT FORMULA GRANTS,NOT APPLICABLE,NOT APPLICABLE,03,FORMULA GRANT (A),APPLICATION PURPOSE: THIS GRANT INCLUDES $2350408 IN FY2025 SECTION 5307 BOISE UZA FUNDS FOR PREVENTATIVE MAINTENANCE ADA COMPLIMENTARY PARATRANSIT SERVICES IN THE BOISE URBANIZED AREA.; ACTIVITIES PERFORMED: FUNDS WILL BE USED FOR VEHICLE PREVENTIVE MAINTENANCE AND ADA COMPLIMENTARY PARATRANSIT SERVICES IN THE BOISE URBANIZED AREA.; EXPECTED OUTCOMES: VEHICLES OPERATING IN THE BOISE URBANIZED AREAS WILL BE MAINTAINED IN A STATE OF GOOD REPAIR.SUSTAINED ADA COMPLIMENTARY PARATRANSIT SERVICES WITHIN THE BOISE URBANIZED AREA.; INTENDED BENEFICIARIES: PUBLIC TRANSIT USERS AND EMPLOYEES OF THE VRT SYSTEM.; SUBRECIPIENT ACTIVITIES: NONE,NON,NOT RECOVERY ACT,X,OTHER,2,NON-AGGREGATE RECORD,,,,,,,,,,,https://www.usaspending.gov/award/ASST_NON_ID-2026-012_069/,2026-03-09 19:36:34.095465+00
ASST_NON_IL-95-X030_069,IL-95-X030,IL-95-X030-01-20.507,,Q: Not Designated Nonemergency/Emergency/Disaster/Wildfire Suppression,,,,,2026-03-02,2026,-16178445.00,9262553.00,0.00,0.00,-16178445.00,0.00,0.00,2026-03-02,2026,2012-08-24,2017-12-31,069,Department of Transportation,6955,Federal Transit Administration,695124,REGION 5 DOT FTA,069,Department of Transportation,6955,Federal Transit Administration,693JJ8,OFFICE OF BUDGET AND POLICY(TBP),069-X-8350-000,069-8350,"41.0: Grants, subsidies, and contributions",0001: URBANIZED AREA PROGRAMS,GL45ADFMRGQ3,,REGIONAL TRANSPORTATION AUTHORITY,REGIONAL TRANSPORTATION AUTHORITY,GL45ADFMRGQ3,,REGIONAL TRANSPORTATION AUTHORITY,USA,UNITED STATES,175 W JACKSON BLVD STE 1550,N/A,14000,CHICAGO,17031,COOK,17,IL,ILLINOIS,60604,0000,IL-07,IL-07,,,,STATE-WIDE,USA,UNITED STATES,IL*****,,,,17,ILLINOIS,,IL-90,,,20.507: FEDERAL TRANSIT FORMULA GRANTS,NOT APPLICABLE,NOT APPLICABLE,03,FORMULA GRANT (A),THIS GRANT PROVIDES FY 2012 CMAQ FUNDING FOR A FIVE-YEAR PROGRAM OF TRANSIT SIGNAL PRIORITY (TSP) IMPLEMENTATION ALONG PRIORITY CORRIDORS AND STRATEGIC CTA AND PACE BUS ROUTES IN THE NORTHEASTERN IL REGION. IN ACCORDANCE WITH FHWA POLICY THE FEDERAL SHARE IS 90%. ADDITIONALLY THE LOCAL MATCH WILL COME FROM THE RTAS CAPITAL PROGRAM.THE RTA PROPOSES A FIVE-YEAR PROGRAM OF TRANSIT SIGNAL PRIORITY (TSP) IMPLEMENTATION ALONG PRIORITY CORRIDORS AND STRATEGIC CTA AND PACE BUS ROUTES. TSP IS AN OPERATIONAL STRATEGY THAT FACILITATES THE MOVEMENT OF IN-SERVICE TRANSIT VEHICLES IN THIS CASE CTA AND PACE BUSES THROUGH TRAFFIC-SIGNAL CONTROLLED INTERSECTIONS. BY REDUCING THE TIME THAT TRANSIT VEHICLES SPEND DELAYED AT INTERSECTION QUEUES TSP CAN REDUCE TRANSIT DELAY AND TRAVEL TIME AND IMPROVE TRANSIT SERVICE RELIABILITY THEREBY INCREASING TRANSIT QUALITY OF SERVICE. IT ALSO HAS THE POTENTIAL FOR REDUCING OVERALL DELAY AT THE INTERSECTION ON A PER-PERSON BASIS. AT THE SAME TIME TSP ATTEMPTS TO PROVIDE THESE BENEFITS WITH A MINIMUM OF IMPACT ON OTHER FACILITY USERS INCLUDING CROSS-TRAFFIC AND PEDESTRIANS. THIS PROJECT BUILDS ON AND ENABLES THE FULL REALIZATION OF THE RTAS 2003 REGIONAL TRANSIT SIGNAL PRIORITY INTEGRATION PLAN (RTSPIP) WHICH WAS DEVELOPED USING CMAQ GRANT FUNDS. THE RTSPIP SYSTEMATICALLY IDENTIFIED PRIORITY CORRIDORS. THE PROGRAM WILL INVOLVE ALMOST 400 MILES OF ROADWAY AND 1000 SIGNALIZED INTERSECTIONS ACROSS MULTIPLE JURISDICTIONS. AN ANNUAL MIX OF ENGINEERING AND IMPLEMENTATION ACTIVITIES WILL BE CONDUCTED DURING THE FIVE-YEAR IMPLEMENTATION PERIOD STARTING IN FY 2012. PRODUCTS AND SERVICES WILL INCLUDE PROGRAM MANAGMENT ENGINEERING DESIGN PLAN SPECIFICATIONS COMMUNICATIONS EQUIPMENT TRAFFIC CONTROLLER EQUIPMENT SOFTWARE HARDWARE CONSTRUCTION AND TRAINING ACTIVITIES. THIS PROGRAM BUILDS ON PREVIOUSLY FEDERALLY-FUNDED PROJECTS IL-90-X456-00 AND IL-90-X556-00. THESE TWO PROJECTS INITIATED THE DEVELOPMENT OF THE REGIONAL TRANSIT SIGNAL PRIORITY INTEGRATION PLAN (RTSPIP)-THE FRAMEWORK FOR IMPLEMENTING A REGIONALLY COORDINATED AND INTEGRATED TSP SYSTEM. THE RTSPIP WAS DEVELOPED BY THE RTA IN PARTNERSHIP WITH TRANSIT AND TRAFFIC-SIGNAL OPERATORS THROUGHOUT THE REGION- INCLUDING CTA PACE IDOT AND CDOT. IT INCLUDED IDENTIFICATION OF PRIORITY TSP CORRIDORS AND FIELD DEMONSTRATIONS OF TSP TECHNOLOGIES BY CTA AND PACE.,NON,NOT RECOVERY ACT,X,OTHER,2,NON-AGGREGATE RECORD,,,,,,,,,,,https://www.usaspending.gov/award/ASST_NON_IL-95-X030_069/,2026-03-09 19:36:34.095465+00
ASST_NON_IL-95-X035_069,IL-95-X035,IL-95-X035-01-20.507,,Q: Not Designated Nonemergency/Emergency/Disaster/Wildfire Suppression,,,,,2026-03-02,2026,-876098.00,1601440.00,0.00,0.00,-876098.00,0.00,0.00,2026-03-02,2026,2012-08-31,2017-06-30,069,Department of Transportation,6955,Federal Transit Administration,695124,REGION 5 DOT FTA,069,Department of Transportation,6955,Federal Transit Administration,693JJ8,OFFICE OF BUDGET AND POLICY(TBP),069-X-8350-000,069-8350,"41.0: Grants, subsidies, and contributions",0001: URBANIZED AREA PROGRAMS,GL45ADFMRGQ3,,REGIONAL TRANSPORTATION AUTHORITY,REGIONAL TRANSPORTATION AUTHORITY,GL45ADFMRGQ3,,REGIONAL TRANSPORTATION AUTHORITY,USA,UNITED STATES,175 W JACKSON BLVD STE 1550,N/A,14000,CHICAGO,17031,COOK,17,IL,ILLINOIS,60604,0000,IL-07,IL-07,,,,STATE-WIDE,USA,UNITED STATES,IL*****,,,,17,ILLINOIS,,IL-90,,,20.507: FEDERAL TRANSIT FORMULA GRANTS,NOT APPLICABLE,NOT APPLICABLE,03,FORMULA GRANT (A),THIS GRANT WILL UTILIZE $3780000 IN FY 2012 CMAQ FUNDS. LOCAL SHARE IS BEING PROVIDED BY RTA THROUGH RTA TAX REVENUE. THE INTERAGENCY TRANSFER PASSENGER INFORMATION DISPLAY (ITPID) PROJECT WILL EXPAND UPON THE CMAQ FUNDED DEMONSTRATION PROJECT THAT THE RTA IS CURRENTLY IMPLEMENTING AT FOUR INTERAGENCY TRANSFER LOCATIONS (DAVIS VAN BUREN JOLIET AND 95TH AND WESTERN). EACH TRANSIT AGENCY (CTA METRA AND PACE) MANAGES THEIR OWN SERVICE DELIVERY INCLUDING ROUTE ALIGNMENTS SCHEDULES AND FARE POLICY AS WELL AS INFORMATION DISPLAYS AND SIGNAGE. THIS INSTITUTIONAL ARRANGEMENT HAS RESULTED IN EITHER THE TOTAL LACK OF INTERAGENCY INFORMATION AND/OR THE DISPLAY OF PASSENGER INFORMATION THAT IS OFTEN CONFUSING TO THE CUSTOMER WHO NEEDS TO MAKE AN INTERAGENCY TRANSFER TO COMPLETE THEIR TRIP.THIS PROJECT ADDRESSES THESE ISSUES BY FUNDING THE CONSTRUCTION AND INSTALLATION OF COORDINATED INTERAGENCY SIGNAGE AND INFORMATION DISPLAYS. SPECIFIC PRODUCTS INCLUDE: AN INTEGRATED SUITE OF WAYFINDING TRAIL-BLAZER SIGNS THAT WILL ASSIST PASSENGERS IN NAVIGATING BETWEEN INTERAGENCY BOARDING AREAS; TRAIN CONNECTION MAPS THAT COMBINE THE CTA AND METRA RAIL SYSTEMS AND HIGHLIGHT WHERE CONNECTIONS CAN BE MADE; BUS CONNECTION MAPS THAT IDENTIFY ALL THE BUS SERVICES THAT RADIATE FROM AN INTERAGENCY TRANSFER LOCATION; BUS TIME PANELS; COORDINATED BUS STOP SIGNS; AND LOCAL NEIGHBORHOOD MAPS.,NON,NOT RECOVERY ACT,X,OTHER,2,NON-AGGREGATE RECORD,,,,,,,,,,,https://www.usaspending.gov/award/ASST_NON_IL-95-X035_069/,2026-03-09 19:36:34.095465+00
ASST_NON_MO-04-0121_069,MO-04-0121,MO-04-0121-01-20.500,SAI EXEMPT,Q: Not Designated Nonemergency/Emergency/Disaster/Wildfire Suppression,,,,,2026-03-03,2026,0.00,508829.00,0.00,0.00,0.00,0.00,0.00,2026-03-03,2026,2008-07-21,2026-12-31,069,Department of Transportation,6955,Federal Transit Administration,696482,REGION 7 DOT FTA,069,Department of Transportation,6955,Federal Transit Administration,693JJ8,OFFICE OF BUDGET AND POLICY(TBP),069-X-8350-000,069-8350,"41.0: Grants, subsidies, and contributions",0001: URBANIZED AREA PROGRAMS,HZLXEB71YNQ7,,MISSOURI DEPARTMENT OF TRANSPORTATION,MISSOURI DEPARTMENT OF TRANSPORTATION,,,,USA,UNITED STATES,105 W CAPITOL AVE,N/A,37000,JEFFERSON CITY,29027,CALLAWAY,29,MO,MISSOURI,65101,0000,MO-03,MO-03,,,,STATE-WIDE,USA,UNITED STATES,MO*****,,,,29,MISSOURI,,MO-90,,,20.500: FEDERAL TRANSIT CAPITAL INVESTMENT GRANTS,NOT APPLICABLE,NOT APPLICABLE,04,PROJECT GRANT (B),APPLICATION PURPOSE: THIS GRANT IS FOR IT ASSISTANCE FOR OATS AND SMTS.; ACTIVITIES PERFORMED: TO PURCHASE IT EQUIPMENT FOR OATS AND SMTS.; EXPECTED OUTCOMES: TO PROVIDE HIGHER LEVEL OF CORRESPONDENCE INTERNALLY AND EXTERNALLY.; INTENDED BENEFICIARIES: OATS AND SMTS; SUBRECIPIENT ACTIVITIES: TO PURCHASE IT EQUIPMENT.,NON,NOT RECOVERY ACT,A,STATE GOVERNMENT,2,NON-AGGREGATE RECORD,,,,,,,,,,,https://www.usaspending.gov/award/ASST_NON_MO-04-0121_069/,2026-03-09 19:36:34.095465+00
ASST_NON_NM-2026-013_069,NM-2026-013,NM-2026-013-00-20.526,SAI EXEMPT,,,,,,2026-03-04,2026,289446.00,,0.00,51079.00,340525.00,0.00,0.00,2026-03-04,2026,2026-03-04,2027-10-31,069,Department of Transportation,6955,Federal Transit Administration,6974U7,REGION 6 DOT FTA,069,Department of Transportation,6955,Federal Transit Administration,693JJ8,OFFICE OF BUDGET AND POLICY(TBP),,,,,J3ZLWA2K1X47,,CITY OF LAS CRUCES,CITY OF LAS CRUCES,,,CITY OF LAS CRUCES,USA,UNITED STATES,700 N MAIN ST # 3134,N/A,39380,LAS CRUCES,35013,DOÑA ANA,35,NM,NEW MEXICO,88001,0000,NM-02,NM-02,,,,STATE-WIDE,USA,UNITED STATES,NM*****,,,,35,NEW MEXICO,,NM-02,,,"20.526: BUSES AND BUS FACILITIES FORMULA, COMPETITIVE, AND LOW OR NO EMISSIONS PROGRAMS",NOT APPLICABLE,NOT APPLICABLE,03,FORMULA GRANT (A),APPLICATION PURPOSE: THE PURPOSE OF THIS AWARD IS TO ACQUIRE TWO (2) FULLY ADA-ACCESSIBLE REPLACEMENT PARATRANSIT VEHICLES. ALL VEHICLES HAVE MET THEIR USEFUL LIFE (UL) PER FTA MINIMUM USEFUL LIFE POLICY.; ACTIVITIES PERFORMED: PURCHASE TWO (2) PARATRANSIT VEHICLES TO REPLACE TWO (2) OLDER PARATRANSIT VEHICLES THAT ARE OUT OF THEIR USEFUL LIFE. ANY FUNDS LEFT WILL BE USED IN COMBINATION WITH FY2026 5339 FUNDS TO PURCHASE A 3RD PARATRANSIT VEHICLE THAT HAS EXCEEDED ITS USEFUL LIFE.; EXPECTED OUTCOMES: THIS FUNDING WILL PERMIT ROADRUNNER TRANSIT TO PROCURE TWO PARATRANSIT VEHICLES TO REPLACE TWO EXISTING PARATRANSIT VEHICLES THAT HAVE EXCEEDED THEIR UL AND ARE EXPENSIVE TO MAINTAIN. THESE VEHICLE REPLACEMENTS WILL HELP ENSURE THAT THE PARATRANSIT FLEET CONTINUES TO REMAIN RELIABLE. ANY FUNDS LEFT WILL BE USED IN COMBINATION WITH FY2026 5339 FUNDS TO PURCHASE A 3RD PARATRANSIT VEHICLE THAT HAS EXCEEDED ITS USEFUL LIFE.; INTENDED BENEFICIARIES: INTENDED BENEFICIARIES ARE RESIDENTS AND VISITORS WHO RELY ON PARATRANSIT SERVICES. THIS PURCHASE WILL HELP TO ENSURE THAT THE PARATRANSIT VEHICLE FLEET REMAINS IN A STATE OF GOOD REPAIR SO THAT RELIABLE PARATRANSIT SERVICE CONTINUES.; SUBRECIPIENT ACTIVITIES: N/A - THERE ARE NO SUBRECIPIENTS.,NON,NOT RECOVERY ACT,C,CITY OR TOWNSHIP GOVERNMENT,2,NON-AGGREGATE RECORD,,,,,,,,,,,https://www.usaspending.gov/award/ASST_NON_NM-2026-013_069/,2026-03-09 19:36:34.095465+00
ASST_NON_DRA26AR10161_517,DRA26AR10161,,,,,,,,2026-03-06,2026,500000.00,,0.00,,500000.00,0.00,0.00,2026-03-06,2026,2026-03-06,2028-03-06,517,Delta Regional Authority,9547,Delta Regional Authority,,,,,,,,,,,,,KQFQADMEFTG5,,CITY OF PARKIN,CITY OF PARKIN,,,,USA,UNITED STATES,122 WILSON ST,,53600,PARKIN,05037,CROSS,05,AR,ARKANSAS,72373,9117,AR-01,AR-01,,,,SINGLE ZIP CODE,USA,UNITED STATES,AR72373,PARKIN,05037,CROSS,05,ARKANSAS,72373-9117,AR-01,AR-01,,90.201: DELTA AREA ECONOMIC DEVELOPMENT,,,10,"DIRECT PAYMENT WITH UNRESTRICTED USE (RETIREMENT, PENSION, VETERANS BENEFITS, ETC.) (D)",CITY OF PARKIN WILL ADDRESS CRITICAL INFRASTRUCTURE FAILURE WITHIN ITS WASTEWATER COLLECTION SYSTEM,NON,NOT RECOVERY ACT,A,STATE GOVERNMENT,2,NON-AGGREGATE RECORD,,,,,,,,,,,https://www.usaspending.gov/award/ASST_NON_DRA26AR10161_517/,2026-03-10 20:02:54.839561+00
ASST_NON_DRA26AR10255_517,DRA26AR10255,,,,,,,,2026-03-06,2026,348978.00,,0.00,,348978.00,0.00,0.00,2026-03-06,2026,2026-03-06,2028-03-06,517,Delta Regional Authority,9547,Delta Regional Authority,,,,,,,,,,,,,V2BDJK5JZU56,,"SAVE THE CHILDREN FEDERATION, INC.",SAVE THE CHILDREN,F8GERK3HDSD3,,"SAVE THE CHILDREN FEDERATION, INC.",USA,UNITED STATES,501 KINGS HWY E STE 400,,26690,FAIRFIELD,09120,GREATER BRIDGEPORT,09,CT,CONNECTICUT,06825,4861,CT-04,CT-04,,,,SINGLE ZIP CODE,USA,UNITED STATES,CT06825,FAIRFIELD,09120,GREATER BRIDGEPORT,09,CONNECTICUT,06825-4861,CT-04,CT-04,,90.201: DELTA AREA ECONOMIC DEVELOPMENT,,,10,"DIRECT PAYMENT WITH UNRESTRICTED USE (RETIREMENT, PENSION, VETERANS BENEFITS, ETC.) (D)",INCREASE WORKFORCE PARTICIPATION AND QUALIFICATIONS IN THE EARLY CHILDHOOD EDUCATION INDUSTRY IN 16 PRIMARILY RURAL ECONOMICALLY DISTRESSED COUNTIES IN AR,NON,NOT RECOVERY ACT,A,STATE GOVERNMENT,2,NON-AGGREGATE RECORD,,,,,,,,,,,https://www.usaspending.gov/award/ASST_NON_DRA26AR10255_517/,2026-03-10 20:02:54.839561+00
ASST_NON_DRA26AR10329_517,DRA26AR10329,,,,,,,,2026-03-06,2026,300000.00,,0.00,,300000.00,0.00,0.00,2026-03-06,2026,2026-03-06,2028-03-06,517,Delta Regional Authority,9547,Delta Regional Authority,,,,,,,,,,,,,E953SRE8KX77,,ST BERNARDS DEVELOPMENT,ST BERNARDS DEVELOPMENT FOUNDATION,,,,USA,UNITED STATES,400 EAST ST,,35710,JONESBORO,05031,CRAIGHEAD,05,AR,ARKANSAS,72401,2935,AR-01,AR-01,,,,SINGLE ZIP CODE,USA,UNITED STATES,AR72401,JONESBORO,05031,CRAIGHEAD,05,ARKANSAS,72401-2935,AR-01,AR-01,,90.201: DELTA AREA ECONOMIC DEVELOPMENT,,,10,"DIRECT PAYMENT WITH UNRESTRICTED USE (RETIREMENT, PENSION, VETERANS BENEFITS, ETC.) (D)",ADDRESS THE CRITICAL NURSING SHORTAGE IN NORTHEAST AR BY TRAINING 100 REGISTERED NURSES THROUGH A 24 MONTH EARN TO LEARN MODEL,NON,NOT RECOVERY ACT,A,STATE GOVERNMENT,2,NON-AGGREGATE RECORD,,,,,,,,,,,https://www.usaspending.gov/award/ASST_NON_DRA26AR10329_517/,2026-03-10 20:02:54.839561+00
ASST_NON_DRA26AR10824_517,DRA26AR10824,,,,,,,,2026-03-06,2026,495550.00,,0.00,,495550.00,0.00,0.00,2026-03-06,2026,2026-03-06,2028-03-06,517,Delta Regional Authority,9547,Delta Regional Authority,,,,,,,,,,,,,YAM5SUPDKKF4,,CITY OF BROOKLAND CITY HALL,CITY OF BROOKLAND,,,,USA,UNITED STATES,613 N HOLMAN ST,,09100,BROOKLAND,05031,CRAIGHEAD,05,AR,ARKANSAS,72417,8846,AR-01,AR-01,,,,SINGLE ZIP CODE,USA,UNITED STATES,AR72417,BROOKLAND,05031,CRAIGHEAD,05,ARKANSAS,72417-8846,AR-01,AR-01,,90.201: DELTA AREA ECONOMIC DEVELOPMENT,,,10,"DIRECT PAYMENT WITH UNRESTRICTED USE (RETIREMENT, PENSION, VETERANS BENEFITS, ETC.) (D)",COMPLETE CRITICAL WASTEWATER TREATMENT FACILITY IMPROVEMENTS INCLUDING REPLACEMENT OF THE HARDWORKS CHANNEL AND INSTALLATION OF A NEW GRIT REMOVAL UNIT,NON,NOT RECOVERY ACT,A,STATE GOVERNMENT,2,NON-AGGREGATE RECORD,,,,,,,,,,,https://www.usaspending.gov/award/ASST_NON_DRA26AR10824_517/,2026-03-10 20:02:54.839561+00
ASST_NON_DRA26AR10853_517,DRA26AR10853,,,,,,,,2026-03-06,2026,500000.00,,0.00,,500000.00,0.00,0.00,2026-03-06,2026,2026-03-06,2028-03-06,517,Delta Regional Authority,9547,Delta Regional Authority,,,,,,,,,,,,,TXNGR2HMJDG3,,THE ECONOMIC DEVELOPMENT CORPORATION OF PARAGOULD,ECONOMIC DEVELOPMENT CORP OF PARAGOULD,,,,USA,UNITED STATES,300 W COURT ST,,53390,PARAGOULD,05055,GREENE,05,AR,ARKANSAS,72450,4318,AR-01,AR-01,,,,SINGLE ZIP CODE,USA,UNITED STATES,AR72450,PARAGOULD,05055,GREENE,05,ARKANSAS,72450-4318,AR-01,AR-01,,90.201: DELTA AREA ECONOMIC DEVELOPMENT,,,10,"DIRECT PAYMENT WITH UNRESTRICTED USE (RETIREMENT, PENSION, VETERANS BENEFITS, ETC.) (D)",EXTEND THE RAIL SPUR CLOSER TO AXIS A RAIL AXLE MANUFACTURER,NON,NOT RECOVERY ACT,A,STATE GOVERNMENT,2,NON-AGGREGATE RECORD,,,,,,,,,,,https://www.usaspending.gov/award/ASST_NON_DRA26AR10853_517/,2026-03-10 20:02:54.839561+00
ASST_NON_DRA26IL10172_517,DRA26IL10172,,,,,,,,2026-03-06,2026,94652.00,,0.00,,94652.00,0.00,0.00,2026-03-06,2026,2026-03-06,2028-03-06,517,Delta Regional Authority,9547,Delta Regional Authority,,,,,,,,,,,,,L6T7JZQRHRE6,,COMMUNITY COLLEGE DISTRICT 533,SOUTHEASTERN ILLINOIS COLLEGE,L6T7JZQRHRE6,,COMMUNITY COLLEGE DISTRICT 533,USA,UNITED STATES,3575 COLLEGE RD,,33136,HARRISBURG,17165,SALINE,17,IL,ILLINOIS,62946,4925,IL-12,IL-12,,,,SINGLE ZIP CODE,USA,UNITED STATES,IL62946,HARRISBURG,17165,SALINE,17,ILLINOIS,62946-4925,IL-12,IL-12,,90.201: DELTA AREA ECONOMIC DEVELOPMENT,,,10,"DIRECT PAYMENT WITH UNRESTRICTED USE (RETIREMENT, PENSION, VETERANS BENEFITS, ETC.) (D)",PURCHASE A SIMCABRX MEDICATION DISPENSATION CABINET SIMEMR WEB BASED CHARTING SOFTWARE AND HEADWALL SUCTION OXYGEN UNITS FOR THE ALLIED HEALTH PROGRAM,NON,NOT RECOVERY ACT,A,STATE GOVERNMENT,2,NON-AGGREGATE RECORD,,,,,,,,,,,https://www.usaspending.gov/award/ASST_NON_DRA26IL10172_517/,2026-03-10 20:02:54.839561+00
ASST_NON_DRA26LA10156_517,DRA26LA10156,,,,,,,,2026-03-06,2026,354839.00,,0.00,,354839.00,0.00,0.00,2026-03-06,2026,2026-03-06,2028-03-06,517,Delta Regional Authority,9547,Delta Regional Authority,,,,,,,,,,,,,MH75JJMFMHW6,,TOWN OF URANIA,TOWN OF URANIA,,,,USA,UNITED STATES,2021 E HARDTNER DR,,77490,URANIA,22059,LASALLE,22,LA,LOUISIANA,71480,0301,LA-05,LA-05,,,,SINGLE ZIP CODE,USA,UNITED STATES,LA71480,URANIA,22059,LASALLE,22,LOUISIANA,71480-0301,LA-05,LA-05,,90.201: DELTA AREA ECONOMIC DEVELOPMENT,,,10,"DIRECT PAYMENT WITH UNRESTRICTED USE (RETIREMENT, PENSION, VETERANS BENEFITS, ETC.) (D)",TOWN OF URANIA WILL UPGRADE ITS WATER SYSTEM TO MEET DEMAND OF INDUSTRY GROWTH AND PROVIDE FOR CRITICAL DRINKING WATER AND FIRE PROTECTION,NON,NOT RECOVERY ACT,A,STATE GOVERNMENT,2,NON-AGGREGATE RECORD,,,,,,,,,,,https://www.usaspending.gov/award/ASST_NON_DRA26LA10156_517/,2026-03-10 20:02:54.839561+00
ASST_NON_DRA26LA10479_517,DRA26LA10479,,,,,,,,2026-03-06,2026,500000.00,,0.00,,500000.00,0.00,0.00,2026-03-06,2026,2026-03-06,2028-03-06,517,Delta Regional Authority,9547,Delta Regional Authority,,,,,,,,,,,,,G1HBH99BJ3D9,,CITY OF VILLE PLATTE,CITY OF VILLE PLATTE,,,,USA,UNITED STATES,126 E MAIN ST,,78715,VILLE PLATTE,22039,EVANGELINE,22,LA,LOUISIANA,70586,4512,LA-04,LA-04,,,,SINGLE ZIP CODE,USA,UNITED STATES,LA70586,VILLE PLATTE,22039,EVANGELINE,22,LOUISIANA,70586-4512,LA-04,LA-04,,90.201: DELTA AREA ECONOMIC DEVELOPMENT,,,10,"DIRECT PAYMENT WITH UNRESTRICTED USE (RETIREMENT, PENSION, VETERANS BENEFITS, ETC.) (D)",FUNDING TO REHABLITATE AND ELONGATE THE INTRACHANNEL BOAT CLARIFIER IN OXIDATION DITCH NO. 2 AT ITS MUNICIPAL WASTERWATER TREATMENT FACILITY,NON,NOT RECOVERY ACT,A,STATE GOVERNMENT,2,NON-AGGREGATE RECORD,,,,,,,,,,,https://www.usaspending.gov/award/ASST_NON_DRA26LA10479_517/,2026-03-10 20:02:54.839561+00
ASST_NON_DRA26LA10626_517,DRA26LA10626,,,,,,,,2026-03-06,2026,425000.00,,0.00,,425000.00,0.00,0.00,2026-03-06,2026,2026-03-06,2028-03-06,517,Delta Regional Authority,9547,Delta Regional Authority,,,,,,,,,,,,,FJKJA3ZZJ2J4,,MADISON PARISH PORT COMMISSION,MADISON PARISH PORT,,,,USA,UNITED STATES,1603 FELICIA AVE,,74690,TALLULAH,22065,MADISON,22,LA,LOUISIANA,71282,8201,LA-05,LA-05,,,,SINGLE ZIP CODE,USA,UNITED STATES,LA71282,TALLULAH,22065,MADISON,22,LOUISIANA,71282-8201,LA-05,LA-05,,90.201: DELTA AREA ECONOMIC DEVELOPMENT,,,10,"DIRECT PAYMENT WITH UNRESTRICTED USE (RETIREMENT, PENSION, VETERANS BENEFITS, ETC.) (D)",MADISON PARISH PORT PROJECT CONSISTS OF DREDGING A SECTION OF THE MS RIVER NEAR RIVER MILE 457,NON,NOT RECOVERY ACT,A,STATE GOVERNMENT,2,NON-AGGREGATE RECORD,,,,,,,,,,,https://www.usaspending.gov/award/ASST_NON_DRA26LA10626_517/,2026-03-10 20:02:54.839561+00
ASST_NON_DRA26LA10654_517,DRA26LA10654,,,,,,,,2026-03-06,2026,254100.00,,0.00,,254100.00,0.00,0.00,2026-03-06,2026,2026-03-06,2028-03-06,517,Delta Regional Authority,9547,Delta Regional Authority,,,,,,,,,,,,,UL9PLJLY26Q5,,CITY OF SPRINGHILL,CITY OF SPRINGHILL,,,,USA,UNITED STATES,101 MACHEN DR,,72485,SPRINGHILL,22119,WEBSTER,22,LA,LOUISIANA,71075,3245,LA-04,LA-04,,,,SINGLE ZIP CODE,USA,UNITED STATES,LA71075,SPRINGHILL,22119,WEBSTER,22,LOUISIANA,71075-3245,LA-04,LA-04,,90.201: DELTA AREA ECONOMIC DEVELOPMENT,,,10,"DIRECT PAYMENT WITH UNRESTRICTED USE (RETIREMENT, PENSION, VETERANS BENEFITS, ETC.) (D)",LIFT STATION ON 7TH ST SE IN SPRINGHILL IS AN UNDERSIZED FACILITY THAT HAS BECOME INCREASINGLY OVERBURDENED DUE TO UPSTREAM DEVELOPMENT,NON,NOT RECOVERY ACT,A,STATE GOVERNMENT,2,NON-AGGREGATE RECORD,,,,,,,,,,,https://www.usaspending.gov/award/ASST_NON_DRA26LA10654_517/,2026-03-10 20:02:54.839561+00
ASST_NON_DRA26LA10846_517,DRA26LA10846,,,,,,,,2026-03-06,2026,500000.00,,0.00,,500000.00,0.00,0.00,2026-03-06,2026,2026-03-06,2028-03-06,517,Delta Regional Authority,9547,Delta Regional Authority,,,,,,,,,,,,,K6AYEHZALMR7,,PLAQUEMINES PARISH GOVERNMENT,PLAQUEMINES PARISH GOVERNEMENT,,,PLAQUEMINES PARISH GOVERNMENT,USA,UNITED STATES,333 EDWARD HERBERT BLVD,,06120,BELLE CHASSE,22075,PLAQUEMINES,22,LA,LOUISIANA,70037,0089,LA-01,LA-01,,,,SINGLE ZIP CODE,USA,UNITED STATES,LA70037,BELLE CHASSE,22075,PLAQUEMINES,22,LOUISIANA,70037-0089,LA-01,LA-01,,90.201: DELTA AREA ECONOMIC DEVELOPMENT,,,10,"DIRECT PAYMENT WITH UNRESTRICTED USE (RETIREMENT, PENSION, VETERANS BENEFITS, ETC.) (D)",RECONSTRUCT A MAJOR SEWER LIFT STATION SERVING THE DAVANT AREA; THE SEWER SYSTEM OWNED BY PLAQUEMINES PARISH GOVERNMENT,NON,NOT RECOVERY ACT,A,STATE GOVERNMENT,2,NON-AGGREGATE RECORD,,,,,,,,,,,https://www.usaspending.gov/award/ASST_NON_DRA26LA10846_517/,2026-03-10 20:02:54.839561+00
ASST_NON_DRA26MO10404_517,DRA26MO10404,,,,,,,,2026-03-06,2026,396000.00,,0.00,,396000.00,0.00,0.00,2026-03-06,2026,2026-03-06,2028-03-06,517,Delta Regional Authority,9547,Delta Regional Authority,,,,,,,,,,,,,YBBEFCP9LY54,,CITY OF DEXTER,CITY OF DEXTER,,,,USA,UNITED STATES,301 E STODDARD ST,,19396,DEXTER,29207,STODDARD,29,MO,MISSOURI,63841,1341,MO-08,MO-08,,,,SINGLE ZIP CODE,USA,UNITED STATES,MO63841,DEXTER,29207,STODDARD,29,MISSOURI,63841-1341,MO-08,MO-08,,90.201: DELTA AREA ECONOMIC DEVELOPMENT,,,10,"DIRECT PAYMENT WITH UNRESTRICTED USE (RETIREMENT, PENSION, VETERANS BENEFITS, ETC.) (D)",TYPE C BAND RADAR STATION IN DEXTER MO,NON,NOT RECOVERY ACT,A,STATE GOVERNMENT,2,NON-AGGREGATE RECORD,,,,,,,,,,,https://www.usaspending.gov/award/ASST_NON_DRA26MO10404_517/,2026-03-10 20:02:54.839561+00
ASST_NON_DRA26MO10565_517,DRA26MO10565,,,,,,,,2026-03-06,2026,500000.00,,0.00,,500000.00,0.00,0.00,2026-03-06,2026,2026-03-06,2028-03-06,517,Delta Regional Authority,9547,Delta Regional Authority,,,,,,,,,,,,,UCRVX98R97L9,,CITY OF ST MARY,CITY OF SAINT MARY,,,,USA,UNITED STATES,782 3RD ST,,65034,SAINT MARY,29186,STE. GENEVIEVE,29,MO,MISSOURI,63673,9324,MO-08,MO-08,,,,SINGLE ZIP CODE,USA,UNITED STATES,MO63673,SAINT MARY,29186,STE. GENEVIEVE,29,MISSOURI,63673-9324,MO-08,MO-08,,90.201: DELTA AREA ECONOMIC DEVELOPMENT,,,10,"DIRECT PAYMENT WITH UNRESTRICTED USE (RETIREMENT, PENSION, VETERANS BENEFITS, ETC.) (D)",THE EMERGENCY PROJECT WILL PERFORM TARGETED REPAIRS TO THE OXIDATION DITCH ROTORS AND THE SECONDARY CLARIFIER MECHANISMS DAMAGED DURING THE MAJOR RAIN EVENT IN SPRING 2025,NON,NOT RECOVERY ACT,A,STATE GOVERNMENT,2,NON-AGGREGATE RECORD,,,,,,,,,,,https://www.usaspending.gov/award/ASST_NON_DRA26MO10565_517/,2026-03-10 20:02:54.839561+00
ASST_NON_DRA26MO10601_517,DRA26MO10601,,,,,,,,2026-03-06,2026,261070.00,,0.00,,261070.00,0.00,0.00,2026-03-06,2026,2026-03-06,2028-03-06,517,Delta Regional Authority,9547,Delta Regional Authority,,,,,,,,,,,,,DDK2CMC7M556,,CITY OF EDGAR SPRINGS WASTEWATER TR,CITY OF EDGAR SPRINGS,,,,USA,UNITED STATES,555 BROADWAY ST,,21214,EDGAR SPRINGS,29161,PHELPS,29,MO,MISSOURI,65462,8588,MO-08,MO-08,,,,SINGLE ZIP CODE,USA,UNITED STATES,MO65462,EDGAR SPRINGS,29161,PHELPS,29,MISSOURI,65462-8588,MO-08,MO-08,,90.201: DELTA AREA ECONOMIC DEVELOPMENT,,,10,"DIRECT PAYMENT WITH UNRESTRICTED USE (RETIREMENT, PENSION, VETERANS BENEFITS, ETC.) (D)",EDGAR SPRINGS PROPOSES TO MAKE SIGNIFICANT INVESTMENTS IN UPGRADING ITS LOCAL TRANSPORTATION SYSTEM BY UPGRADING BROADWAY ST THE MAIN STREET IN TOWN THAT ACCESSES THE SMALL BUSINESSES,NON,NOT RECOVERY ACT,A,STATE GOVERNMENT,2,NON-AGGREGATE RECORD,,,,,,,,,,,https://www.usaspending.gov/award/ASST_NON_DRA26MO10601_517/,2026-03-10 20:02:54.839561+00
ASST_NON_DRA26MO10638_517,DRA26MO10638,,,,,,,,2026-03-06,2026,500000.00,,0.00,,500000.00,0.00,0.00,2026-03-06,2026,2026-03-06,2028-03-06,517,Delta Regional Authority,9547,Delta Regional Authority,,,,,,,,,,,,,WK21UKSYYDN3,,CITY OF ELLINGTON,CITY OF ELLINGTON,,,,USA,UNITED STATES,100 TUBBS AVE,,21844,ELLINGTON,29179,REYNOLDS,29,MO,MISSOURI,63638,0361,MO-08,MO-08,,,,SINGLE ZIP CODE,USA,UNITED STATES,MO63638,ELLINGTON,29179,REYNOLDS,29,MISSOURI,63638-0361,MO-08,MO-08,,90.201: DELTA AREA ECONOMIC DEVELOPMENT,,,10,"DIRECT PAYMENT WITH UNRESTRICTED USE (RETIREMENT, PENSION, VETERANS BENEFITS, ETC.) (D)",CITY OF ELLINGTON MO WILL PROVIDE WATER SECURITY AND SAFETY THROUGH THE INSTALLATIN AND DRILLING OF A NEW WELL FOR THEIR EXISTING WATER SYSTEM,NON,NOT RECOVERY ACT,A,STATE GOVERNMENT,2,NON-AGGREGATE RECORD,,,,,,,,,,,https://www.usaspending.gov/award/ASST_NON_DRA26MO10638_517/,2026-03-10 20:02:54.839561+00
ASST_NON_DRA26TN10141_517,DRA26TN10141,,,,,,,,2026-03-06,2026,1500000.00,,0.00,,1500000.00,0.00,0.00,2026-03-06,2026,2026-03-06,2028-03-06,517,Delta Regional Authority,9547,Delta Regional Authority,,,,,,,,,,,,,GW46L4GP5QU9,,"LEXINGTON, CITY OF",CITY OF LEXINGTON,,,,USA,UNITED STATES,33 1ST ST,,41980,LEXINGTON,47077,HENDERSON,47,TN,TENNESSEE,38351,1699,TN-08,TN-08,,,,SINGLE ZIP CODE,USA,UNITED STATES,TN38351,LEXINGTON,47077,HENDERSON,47,TENNESSEE,38351-1699,TN-08,TN-08,,90.201: DELTA AREA ECONOMIC DEVELOPMENT,,,10,"DIRECT PAYMENT WITH UNRESTRICTED USE (RETIREMENT, PENSION, VETERANS BENEFITS, ETC.) (D)",CITY OF LEXINGTON WILL IMPROVE THEIR EXISTING MANUFACTURING FACILITY WITH THE NEED FOR CLIMATE CONTROL MEASURES WHICH WILL CREATE 50 NEW JOBS,NON,NOT RECOVERY ACT,A,STATE GOVERNMENT,2,NON-AGGREGATE RECORD,,,,,,,,,,,https://www.usaspending.gov/award/ASST_NON_DRA26TN10141_517/,2026-03-10 20:05:03.054118+00
ASST_NON_DRA26TN10749_517,DRA26TN10749,,,,,,,,2026-03-06,2026,465000.00,,0.00,,465000.00,0.00,0.00,2026-03-06,2026,2026-03-06,2028-03-06,517,Delta Regional Authority,9547,Delta Regional Authority,,,,,,,,,,,,,ST33FCBNDYA9,,LAUNCHYOURCITY INC,LAUNCHYOURCITY INC,ST33FCBNDYA9,,LAUNCHYOURCITY INC,USA,UNITED STATES,140 S MAIN ST,,16420,COLLIERVILLE,47157,SHELBY,47,TN,TENNESSEE,38017,3015,TN-08,TN-08,,,,SINGLE ZIP CODE,USA,UNITED STATES,TN38017,COLLIERVILLE,47157,SHELBY,47,TENNESSEE,38017-3015,TN-08,TN-08,,90.201: DELTA AREA ECONOMIC DEVELOPMENT,,,10,"DIRECT PAYMENT WITH UNRESTRICTED USE (RETIREMENT, PENSION, VETERANS BENEFITS, ETC.) (D)",CBID ACCELERATOR PROGRAM WILL FOCUS ON ASSESSING THE NEEDS OF SMALL BUSINESSES AND ENTREPRENEURS IN THE DOWNTOWN AREA,NON,NOT RECOVERY ACT,A,STATE GOVERNMENT,2,NON-AGGREGATE RECORD,,,,,,,,,,,https://www.usaspending.gov/award/ASST_NON_DRA26TN10749_517/,2026-03-10 20:05:03.054118+00
ASST_NON_31800130362026_069,31800130362026,,SAI NOT AVAILABLE,,,,,,2026-03-02,2026,109000.00,,0.00,5736.84,114736.84,0.00,0.00,2026-03-02,2026,2026-03-02,2030-03-01,069,Department of Transportation,6920,Federal Aviation Administration,69A235,CHICAGO AIRPORTS DIVISION OFFICE,069,Department of Transportation,6920,Federal Aviation Administration,69A235,CHICAGO AIRPORTS DIVISION OFFICE,,,,,VQPBHDBB6KY4,,CITY OF CONNERSVILLE,CITY OF CONNERSVILLE,,,CITY OF CONNERSVILLE,USA,UNITED STATES,500 N. CENTRAL AVENUE,,14932,CONNERSVILLE,18041,FAYETTE,18,IN,INDIANA,47331,2046,IN-06,IN-06,,,,SINGLE ZIP CODE,USA,UNITED STATES,IN14932,CONNERSVILLE,18041,FAYETTE,18,INDIANA,47331,IN-06,IN-06,,20.117: AIRPORT INFRASTRUCTURE GRANTS,NOT APPLICABLE,NOT APPLICABLE,04,PROJECT GRANT (B),"PURPOSE: CONSTRUCT/EXPAND HANGAR.  ACTIVITIES TO BE PERFORMED/EXPECTED OUTCOMES: THIS PROJECT CONSTRUCTS A NEW 9,600 SQUARE FOOT SPONSOR-OWNED HANGAR FOR TRANSIENT AIRCRAFT STORAGE TO ASSIST THE AIRPORT TO BE AS SELF-SUSTAINING AS POSSIBLE BY GENERATING REVENUE.  THE SPONSOR HAS ADEQUATELY FINANCED THE AIRSIDE NEEDS OF THE AIRPORT. THIS GRANT FUNDS PHASE 6, WHICH CONSISTS OF CONSTRUCTION OF 768 SQUARE FEET.  INTENDED BENEFICIARY: THIS GRANT WILL PROVIDE FEDERAL FUNDING FOR AIRPORTS ASSOCIATED WITH CONNERSVILLE, INDIANA.",NON,NOT RECOVERY ACT,C,CITY OR TOWNSHIP GOVERNMENT,2,NON-AGGREGATE RECORD,,,,,,,,,,,https://www.usaspending.gov/award/ASST_NON_31800130362026_069/,2026-03-11 11:48:54.057174+00
ASST_NON_32800640352026_069,32800640352026,,SAI NOT AVAILABLE,,,,,,2026-03-02,2026,139697.00,,0.00,7352.47,147049.47,0.00,0.00,2026-03-02,2026,2026-03-02,2030-03-01,069,Department of Transportation,6920,Federal Aviation Administration,69A280,JACKSON AIRPORTS DIVISION OFFICE,069,Department of Transportation,6920,Federal Aviation Administration,69A280,JACKSON AIRPORTS DIVISION OFFICE,,,,,MR6DMEM9SLH1,,HINDS COMMUNITY COLLEGE,HINDS COMM COLLEGE,D51TXC3E4T15,,HINDS COMMUNITY COLLEGE DISTRICT PUBLIC IMPROVEMENT CORPORATION (THE CORPORATION),USA,UNITED STATES,P. O. BOX 1100,,61160,RAYMOND,28049,HINDS,28,MS,MISSISSIPPI,39154,9700,MS-02,MS-02,,,,SINGLE ZIP CODE,USA,UNITED STATES,MS61160,RAYMOND,28049,HINDS,28,MISSISSIPPI,39154,MS-02,MS-02,,20.117: AIRPORT INFRASTRUCTURE GRANTS,NOT APPLICABLE,NOT APPLICABLE,04,PROJECT GRANT (B),"PURPOSE: CONSTRUCT/EXPAND HANGAR.  ACTIVITIES TO BE PERFORMED/EXPECTED OUTCOMES: THIS PROJECT CONSTRUCTS THREE NEW 3,900 SQUARE FOOT SPONSOR-OWNED BOX HANGARS FOR AIRCRAFT STORAGE TO ASSIST THE AIRPORT TO BE AS SELF-SUSTAINING AS POSSIBLE BY GENERATING REVENUE. THIS PROJECT IS ALLOWABLE UNDER THE INFRASTRUCTURE INVESTMENT AND JOBS ACT'S EXPANDED ELIGIBILITY. THIS GRANT FUNDS THE FINAL PHASE, WHICH CONSISTS OF 653 SQUARE FEET OF CONSTRUCTION.  INTENDED BENEFICIARY: THIS GRANT WILL PROVIDE FEDERAL FUNDING FOR AIRPORTS ASSOCIATED WITH RAYMOND, MISSISSIPPI.",NON,NOT RECOVERY ACT,B,COUNTY GOVERNMENT,2,NON-AGGREGATE RECORD,,,,,,,,,,,https://www.usaspending.gov/award/ASST_NON_32800640352026_069/,2026-03-11 11:48:54.057174+00
ASST_NON_DRA26IL10612_517,DRA26IL10612,,,,,,,,2026-03-02,2026,52586.17,,0.00,,52586.17,0.00,0.00,2026-03-02,2026,2026-03-02,2028-03-02,517,Delta Regional Authority,9547,Delta Regional Authority,,,,,,,,,,,,,Q6NSUM5K5ZC7,,SOUTHERN FIVE REGIONAL PLANNING DISTRICT,SOUTHERN FIVE REGIONAL PLANNING DISTRICT AND DEVELOPMENT COMMISSION,,,,USA,UNITED STATES,5 JUSTICE DRIVE,,76615,ULLIN,17153,PULASKI,17,IL,ILLINOIS,62992,2227,IL-12,IL-12,,,,SINGLE ZIP CODE,USA,UNITED STATES,IL62992,ULLIN,17153,PULASKI,17,ILLINOIS,62992-2227,IL-12,IL-12,,90.201: DELTA AREA ECONOMIC DEVELOPMENT,,,10,"DIRECT PAYMENT WITH UNRESTRICTED USE (RETIREMENT, PENSION, VETERANS BENEFITS, ETC.) (D)",PROVIDE TECHNICAL ASSISTANCE TO COMMUNITIES AND NOT FOR PROFIT AGENCIES WITHIN THE SOUTHERN FIVE REGION BY ASSESSING EACH INDIVIDUAL COMMUNITY NEEDS AND ASSISTING WITH PLANNING,NON,NOT RECOVERY ACT,A,STATE GOVERNMENT,2,NON-AGGREGATE RECORD,,,,,,,,,,,https://www.usaspending.gov/award/ASST_NON_DRA26IL10612_517/,2026-02-05 18:21:03.391138+00
ASST_NON_DRA26IL10641_517,DRA26IL10641,,,,,,,,2026-03-02,2026,51534.45,,0.00,,51534.45,0.00,0.00,2026-03-02,2026,2026-03-02,2028-03-02,517,Delta Regional Authority,9547,Delta Regional Authority,,,,,,,,,,,,,KG75N34FUA83,,SOUTHEASTERN ILLINOIS REGIONAL PLANNING,SOUTHEASTERN ILLINOIS REGIONAL PLANNING,,,,USA,UNITED STATES,230 W POPLAR STREET,,33136,HARRISBURG,17165,SALINE,17,IL,ILLINOIS,62946,1422,IL-12,IL-12,,,,SINGLE ZIP CODE,USA,UNITED STATES,IL62946,HARRISBURG,17165,SALINE,17,ILLINOIS,62946-1422,IL-12,IL-12,,90.201: DELTA AREA ECONOMIC DEVELOPMENT,,,10,"DIRECT PAYMENT WITH UNRESTRICTED USE (RETIREMENT, PENSION, VETERANS BENEFITS, ETC.) (D)",FUNDING TO FILL IN THE TECHNICAL GAP THAT COMMUNITIES FACE WHILE TRYING TO APPLY FOR FEDERAL STATE AND LOCAL FUNDING,NON,NOT RECOVERY ACT,A,STATE GOVERNMENT,2,NON-AGGREGATE RECORD,,,,,,,,,,,https://www.usaspending.gov/award/ASST_NON_DRA26IL10641_517/,2026-02-05 18:21:03.391138+00
ASST_NON_DRA26IL10918_517,DRA26IL10918,,,,,,,,2026-03-02,2026,10517.23,,0.00,,10517.23,0.00,0.00,2026-03-02,2026,2026-02-03,2028-02-03,517,Delta Regional Authority,9547,Delta Regional Authority,,,,,,,,,,,,,WA6SK7ENBAG8,,SW IL PLANNING,SOUTHWESTERN ILLINOIS METROPOLITAN AND REGIONAL PLANNING COMMISSION,,,,USA,UNITED STATES,10025 BUNKUM ROAD STE 201,,13139,CHESTER,17157,RANDOLPH,17,IL,ILLINOIS,62233,1969,IL-12,IL-12,,,,SINGLE ZIP CODE,USA,UNITED STATES,IL62233,CHESTER,17157,RANDOLPH,17,ILLINOIS,62233-1969,IL-12,IL-12,,90.201: DELTA AREA ECONOMIC DEVELOPMENT,,,10,"DIRECT PAYMENT WITH UNRESTRICTED USE (RETIREMENT, PENSION, VETERANS BENEFITS, ETC.) (D)",ADDRESS CHALLENGES BY PROVIDING TECHNICAL ASSISTANCE STRATEGIC PLANNING AND GRANT WRITING SUPPORT TO LOCAL GOVERNMENTS AND COMMUNITY ORGANIZATIONS,NON,NOT RECOVERY ACT,A,STATE GOVERNMENT,2,NON-AGGREGATE RECORD,,,,,,,,,,,https://www.usaspending.gov/award/ASST_NON_DRA26IL10918_517/,2026-02-05 18:21:03.391138+00
ASST_NON_DRA26KY10924_517,DRA26KY10924,,,,,,,,2026-03-02,2026,94655.11,,0.00,,94655.11,0.00,0.00,2026-03-02,2026,2026-03-02,2028-03-02,517,Delta Regional Authority,9547,Delta Regional Authority,,,,,,,,,,,,,M9K7NSGQXGB8,,"PENNYRILE AREA DEVELOPMENT DISTRICT, INC.",PENNYRILE AREA DEVELOPMENT DISTRICT,M9K7NSGQXGB8,,"PENNYRILE AREA DEVELOPMENT DISTRICT, INC.",USA,UNITED STATES,300 HAMMOND DRIVE,,37918,HOPKINSVILLE,21047,CHRISTIAN,21,KY,KENTUCKY,42240,7952,KY-01,KY-01,,,,SINGLE ZIP CODE,USA,UNITED STATES,KY42240,HOPKINSVILLE,21047,CHRISTIAN,21,KENTUCKY,42240-7952,KY-01,KY-01,,90.201: DELTA AREA ECONOMIC DEVELOPMENT,,,10,"DIRECT PAYMENT WITH UNRESTRICTED USE (RETIREMENT, PENSION, VETERANS BENEFITS, ETC.) (D)",FUNDS WILL ALLOW PEADD TO KEEP ENGAGING COUNTIES CITIES UTILITIES FIRST RESPONDERS COLLEGES HEALTHCARE PROVIDERS WITH REGARD TO DRA AND OTHER FEDERAL GRANT PROGRAMS,NON,NOT RECOVERY ACT,A,STATE GOVERNMENT,2,NON-AGGREGATE RECORD,,,,,,,,,,,https://www.usaspending.gov/award/ASST_NON_DRA26KY10924_517/,2026-02-05 18:21:03.391138+00
ASST_NON_DRA26LA10621_517,DRA26LA10621,,,,,,,,2026-03-02,2026,32918.94,,0.00,,32918.94,0.00,0.00,2026-03-02,2026,2026-03-02,2028-03-02,517,Delta Regional Authority,9547,Delta Regional Authority,,,,,,,,,,,,,PGDGM1K52ED5,,SOUTHWEST LOUISIANA REGIONAL PLANNING COMMISSION,SOUTHWEST LOUISIANA REGIONAL PLANNING COMMISSION,,,,USA,UNITED STATES,4310 RYAN STREET STE 330,,41155,LAKE CHARLES,22019,CALCASIEU,22,LA,LOUISIANA,70605,4545,LA-03,LA-03,,,,SINGLE ZIP CODE,USA,UNITED STATES,LA70605,LAKE CHARLES,22019,CALCASIEU,22,LOUISIANA,70605-4545,LA-03,LA-03,,90.201: DELTA AREA ECONOMIC DEVELOPMENT,,,10,"DIRECT PAYMENT WITH UNRESTRICTED USE (RETIREMENT, PENSION, VETERANS BENEFITS, ETC.) (D)",USE PROGRAM FUNDS TO SUPPORT LOCAL GOVERNMENTS COMMUNITY ORGANIZATIONS AND REGIONAL STAKEHOLDERS IN IDENTITYING AND PURSUING FUNDING WHILE MANAGING PROJECT FOCUSED ON ECONOMIC DEVELOPMENT,NON,NOT RECOVERY ACT,A,STATE GOVERNMENT,2,NON-AGGREGATE RECORD,,,,,,,,,,,https://www.usaspending.gov/award/ASST_NON_DRA26LA10621_517/,2026-02-05 18:21:03.391138+00
ASST_NON_DRA26LA10819_517,DRA26LA10819,,,,,,,,2026-03-02,2026,80772.36,,0.00,,80772.36,0.00,0.00,2026-03-02,2026,2026-03-02,2028-02-03,517,Delta Regional Authority,9547,Delta Regional Authority,,,,,,,,,,,,,MCRJQB8KUR15,,THE KISATCHIE-DELTA REGIONAL PLANNING & DEVELOPMENT DISTRICT INC,KISATCHIE DELTA REGIONAL PLANNING AND DEVELOPMENT DISTRICT,,,,USA,UNITED STATES,1239 JACKSON STREET,,00975,ALEXANDRIA,22079,RAPIDES,22,LA,LOUISIANA,71301,6963,LA-06,LA-06,,,,SINGLE ZIP CODE,USA,UNITED STATES,LA71301,ALEXANDRIA,22079,RAPIDES,22,LOUISIANA,71301-6963,LA-06,LA-06,,90.201: DELTA AREA ECONOMIC DEVELOPMENT,,,10,"DIRECT PAYMENT WITH UNRESTRICTED USE (RETIREMENT, PENSION, VETERANS BENEFITS, ETC.) (D)",TO ENHANCE CAPABILITY AND CAPACITY OF AGENCY AND OF THE TARGET AREA TO ADDRESS CRITICAL AND HUMAN INFRASTRUCTURE WITH GRANT PROGRAMS AND STRATEGIC PARTNERSHIPS,NON,NOT RECOVERY ACT,A,STATE GOVERNMENT,2,NON-AGGREGATE RECORD,,,,,,,,,,,https://www.usaspending.gov/award/ASST_NON_DRA26LA10819_517/,2026-02-05 18:21:03.391138+00
ASST_NON_DRA26LA10937_517,DRA26LA10937,,,,,,,,2026-03-02,2026,60474.10,,0.00,,60474.10,0.00,0.00,2026-03-02,2026,2026-03-02,2028-03-02,517,Delta Regional Authority,9547,Delta Regional Authority,,,,,,,,,,,,,GELWM131Z2P1,,THE COORDINATING & DEVELOPMENT CORPORATION,THE COORDINATING AND DEVELOPMENT CORPORATION,,,,USA,UNITED STATES,4000 VIKING DRIVE STE B1,,08920,BOSSIER CITY,22015,BOSSIER,22,LA,LOUISIANA,71111,7429,LA-04,LA-04,,,,SINGLE ZIP CODE,USA,UNITED STATES,LA71111,BOSSIER CITY,22015,BOSSIER,22,LOUISIANA,71111-7429,LA-04,LA-04,,90.201: DELTA AREA ECONOMIC DEVELOPMENT,,,10,"DIRECT PAYMENT WITH UNRESTRICTED USE (RETIREMENT, PENSION, VETERANS BENEFITS, ETC.) (D)",CDC WILL PROVIDE TARGETED OUTREACH AND TECHNICAL ASSITANCE TO BOTH RURAL AND URBAN JURSIDICTIONS ENSURING SMALLER UNDERSERVED MUNICIPALITIES AND COMMUNITIES ARE ABLE TO FULLY PARTICIPATE IN FEDERAL AND STATE FUNDING OPPORTUNITIES,NON,NOT RECOVERY ACT,A,STATE GOVERNMENT,2,NON-AGGREGATE RECORD,,,,,,,,,,,https://www.usaspending.gov/award/ASST_NON_DRA26LA10937_517/,2026-02-05 18:21:03.391138+00
ASST_NON_693JF72660013SIP0TX_069,693JF72660013SIP0TX,,,,,,,,2026-03-04,2026,64000.00,,,,64000.00,0.00,0.00,2026-03-04,2026,2026-03-04,2030-03-04,069,Department of Transportation,6938,Maritime Administration,69A334,MARITIME ADMINISTRATION,069,Department of Transportation,6938,Maritime Administration,69A334,MARITIME ADMINISTRATION,,,,,,,REDACTED DUE TO PII,REDACTED DUE TO PII,,,,USA,UNITED STATES,,,08280,BRENTWOOD,47037,DAVIDSON,47,TN,TENNESSEE,37027,,TN-05,TN-07,,,,SINGLE ZIP CODE,USA,UNITED STATES,TN08280,BRENTWOOD,47037,DAVIDSON,47,TENNESSEE,37027,TN-05,TN-07,,20.806: STATE MARITIME SCHOOLS,,,06,"DIRECT PAYMENT FOR SPECIFIED USE, AS A SUBSIDY OR OTHER NON-REIMBURSABLE DIRECT FINANCIAL AID (C)","MARAD STUDENT INCENTIVE PAYMENTS PROGRAM PROVIDDES PAYMENTS TO STUDENTS UP TO $16,000 PER YEAR FOR 4 YEARS SUPPORT TO CADETS ENROLLED IN THE STRATEGIC SEALIFT MIDSHIPMEN PROGRAM (SSMP) AT ONE OF SIX STATE MARITIME ACADEMIES (SMAS) BECOMING LICENSED OFFICERS IN THE U.S MERCHANT MARINE.",NON,NOT RECOVERY ACT,P,INDIVIDUAL,3,NON-AGGREGATE RECORD TO AN INDIVIDUAL RECIPIENT (PII-REDACTED),,,,,,,,,,,https://www.usaspending.gov/award/ASST_NON_693JF72660013SIP0TX_069/,2026-03-04 16:17:59.969984+00
ASST_NON_693JF72660018SIP0MI_069,693JF72660018SIP0MI,,,,,,,,2026-03-04,2026,64000.00,,,,64000.00,0.00,0.00,2026-03-04,2026,2026-03-04,2030-03-04,069,Department of Transportation,6938,Maritime Administration,69A334,MARITIME ADMINISTRATION,069,Department of Transportation,6938,Maritime Administration,69A334,MARITIME ADMINISTRATION,,,,,,,REDACTED DUE TO PII,REDACTED DUE TO PII,,,,USA,UNITED STATES,,,64500,PORT WING,55007,BAYFIELD,55,WI,WISCONSIN,54865,,WI-07,WI-07,,,,SINGLE ZIP CODE,USA,UNITED STATES,WI64500,PORT WING,55007,BAYFIELD,55,WISCONSIN,54865,WI-07,WI-07,,20.806: STATE MARITIME SCHOOLS,,,06,"DIRECT PAYMENT FOR SPECIFIED USE, AS A SUBSIDY OR OTHER NON-REIMBURSABLE DIRECT FINANCIAL AID (C)","MARAD STUDENT INCENTIVE PAYMENTS PROGRAM PROVIDDES PAYMENTS TO STUDENTS UP TO $16,000 PER YEAR FOR 4 YEARS SUPPORT TO CADETS ENROLLED IN THE STRATEGIC SEALIFT MIDSHIPMEN PROGRAM (SSMP) AT ONE OF SIX STATE MARITIME ACADEMIES (SMAS) BECOMING LICENSED OFFICERS IN THE U.S MERCHANT MARINE.",NON,NOT RECOVERY ACT,P,INDIVIDUAL,3,NON-AGGREGATE RECORD TO AN INDIVIDUAL RECIPIENT (PII-REDACTED),,,,,,,,,,,https://www.usaspending.gov/award/ASST_NON_693JF72660018SIP0MI_069/,2026-03-04 16:17:59.969984+00
ASST_NON_693JF72660019SIP0TX_069,693JF72660019SIP0TX,,,,,,,,2026-03-04,2026,64000.00,,,,64000.00,0.00,0.00,2026-03-04,2026,2026-03-04,2030-03-04,069,Department of Transportation,6938,Maritime Administration,69A334,MARITIME ADMINISTRATION,069,Department of Transportation,6938,Maritime Administration,69A334,MARITIME ADMINISTRATION,,,,,,,REDACTED DUE TO PII,REDACTED DUE TO PII,,,,USA,UNITED STATES,,,28068,GALVESTON,48167,GALVESTON,48,TX,TEXAS,77551,,TX-14,TX-14,,,,SINGLE ZIP CODE,USA,UNITED STATES,TX28068,GALVESTON,48167,GALVESTON,48,TEXAS,77551,TX-14,TX-14,,20.806: STATE MARITIME SCHOOLS,,,06,"DIRECT PAYMENT FOR SPECIFIED USE, AS A SUBSIDY OR OTHER NON-REIMBURSABLE DIRECT FINANCIAL AID (C)","MARAD STUDENT INCENTIVE PAYMENTS PROGRAM PROVIDDES PAYMENTS TO STUDENTS UP TO $16,000 PER YEAR FOR 4 YEARS SUPPORT TO CADETS ENROLLED IN THE STRATEGIC SEALIFT MIDSHIPMEN PROGRAM (SSMP) AT ONE OF SIX STATE MARITIME ACADEMIES (SMAS) BECOMING LICENSED OFFICERS IN THE U.S MERCHANT MARINE.",NON,NOT RECOVERY ACT,P,INDIVIDUAL,3,NON-AGGREGATE RECORD TO AN INDIVIDUAL RECIPIENT (PII-REDACTED),,,,,,,,,,,https://www.usaspending.gov/award/ASST_NON_693JF72660019SIP0TX_069/,2026-03-04 16:17:59.969984+00
ASST_NON_693JF72660020SIP0CA_069,693JF72660020SIP0CA,,,,,,,,2026-03-04,2026,64000.00,,,,64000.00,0.00,0.00,2026-03-04,2026,2026-03-04,2030-03-04,069,Department of Transportation,6938,Maritime Administration,69A334,MARITIME ADMINISTRATION,069,Department of Transportation,6938,Maritime Administration,69A334,MARITIME ADMINISTRATION,,,,,,,REDACTED DUE TO PII,REDACTED DUE TO PII,,,,USA,UNITED STATES,,,55365,PORT ANGELES,53009,CLALLAM,53,WA,WASHINGTON,98362,,WA-06,WA-06,,,,SINGLE ZIP CODE,USA,UNITED STATES,WA55365,PORT ANGELES,53009,CLALLAM,53,WASHINGTON,98362,WA-06,WA-06,,20.806: STATE MARITIME SCHOOLS,,,06,"DIRECT PAYMENT FOR SPECIFIED USE, AS A SUBSIDY OR OTHER NON-REIMBURSABLE DIRECT FINANCIAL AID (C)","MARAD STUDENT INCENTIVE PAYMENTS PROGRAM PROVIDDES PAYMENTS TO STUDENTS UP TO $16,000 PER YEAR FOR 4 YEARS SUPPORT TO CADETS ENROLLED IN THE STRATEGIC SEALIFT MIDSHIPMEN PROGRAM (SSMP) AT ONE OF SIX STATE MARITIME ACADEMIES (SMAS) BECOMING LICENSED OFFICERS IN THE U.S MERCHANT MARINE.",NON,NOT RECOVERY ACT,P,INDIVIDUAL,3,NON-AGGREGATE RECORD TO AN INDIVIDUAL RECIPIENT (PII-REDACTED),,,,,,,,,,,https://www.usaspending.gov/award/ASST_NON_693JF72660020SIP0CA_069/,2026-03-04 16:17:59.969984+00
ASST_NON_693JJ32440062_069,693JJ32440062,,,Z: Emergency P.L. 117-58,,,425948.27,639200.00,2026-03-04,2026,-61023.00,425948.27,0.00,0.00,-61023.00,0.00,0.00,2026-03-04,2026,2024-02-13,2026-11-13,069,Department of Transportation,6925,Federal Highway Administration,693JJ3,693JJ3 ACQUISITION AND GRANTS MGT,069,Department of Transportation,6925,Federal Highway Administration,693JH9,FHWA OFFICE OF SAFETY,069-069-X-1735-005,069-1735,"41.0: Grants, subsidies, and contributions",0001: SAFE STREETS AND ROADS FOR ALL GRANTS,XL2DNFMPCR44,,COUNTY OF PALM BEACH,COUNTY OF PALM BEACH,,,COUNTY OF PALM BEACH,USA,UNITED STATES,301 N OLIVE AVE,,76600,WEST PALM BEACH,12099,PALM BEACH,12,FL,FLORIDA,33401,4700,FL-20,FL-22,,,,COUNTY-WIDE,USA,UNITED STATES,FL**099,,12099,PALM BEACH,12,FLORIDA,,FL-20,FL-90,,20.939: SAFE STREETS AND ROADS FOR ALL,DOT-SS4A-FY23-01,"THE PURPOSE OF SS4A GRANTS IS TO IMPROVE ROADWAY SAFETY BY SIGNIFICANTLY REDUCING OR ELIMINATING ROADWAY FATALITIES AND SERIOUS INJURIES THROUGH SAFETY ACTION PLAN DEVELOPMENT AND REFINEMENT AND IMPLEMENTATION FOCUSED ON ALL USERS, INCLUDING PEDESTRIANS, BICYCLISTS, PUBLIC TRANSPORTATION USERS, MOTORISTS, PERSONAL CONVEYANCE AND MICROMOBILITY USERS, AND COMMERCIAL VEHICLE OPERATORS. THE PROGRAM PROVIDES FUNDING TO DEVELOP THE TOOLS TO HELP STRENGTHEN A COMMUNITYS APPROACH TO ROADWAY SAFETY AND SAVE LIVES AND IS DESIGNED TO MEET THE NEEDS OF DIVERSE LOCAL, TRIBAL, AND REGIONAL COMMUNITIES THAT DIFFER DRAMATICALLY IN SIZE, LOCATION, AND EXPERIENCE ADMINISTERING FEDERAL FUNDING.",04,PROJECT GRANT (B),PALM BEACH COUNTY SAFETY ACTION PLAN UNDER THE SAFE STREETS AND ROADS FOR ALL (SS4A) PROGRAM.,NON,NOT RECOVERY ACT,B,COUNTY GOVERNMENT,2,NON-AGGREGATE RECORD,,,,,,,,,,,https://www.usaspending.gov/award/ASST_NON_693JJ32440062_069/,2026-03-04 22:47:23.829138+00
ASST_NON_693JJ32640318_069,693JJ32640318,,,,,,,,2026-03-04,2026,104000.00,,0.00,0.00,104000.00,0.00,0.00,2026-03-04,2026,2026-03-04,2031-03-04,069,Department of Transportation,6925,Federal Highway Administration,693JJ3,693JJ3 ACQUISITION AND GRANTS MGT,069,Department of Transportation,6925,Federal Highway Administration,693JH9,FHWA OFFICE OF SAFETY,,,,,JK7YAK6HPFM6,,CITY OF PASADENA,CITY OF PASADENA,,,CITY OF PASADENA,USA,UNITED STATES,100 N GARFIELD AVE,,56000,PASADENA,06037,LOS ANGELES,06,CA,CALIFORNIA,91101,1726,CA-28,CA-28,,,,CITY-WIDE,USA,UNITED STATES,CA56000,PASADENA,06037,LOS ANGELES,06,CALIFORNIA,CITY-WIDE,CA-28,CA-28,,20.939: SAFE STREETS AND ROADS FOR ALL,DOT-SS4A-FY24-01,"THE PURPOSE OF SS4A GRANTS IS TO IMPROVE ROADWAY SAFETY BY SIGNIFICANTLY REDUCING OR ELIMINATING ROADWAY FATALITIES AND SERIOUS INJURIES THROUGH SAFETY ACTION PLAN DEVELOPMENT AND REFINEMENT AND IMPLEMENTATION FOCUSED ON ALL USERS, INCLUDING PEDESTRIANS, BICYCLISTS, PUBLIC TRANSPORTATION USERS, MOTORISTS, PERSONAL CONVEYANCE AND MICROMOBILITY USERS, AND COMMERCIAL VEHICLE OPERATORS. THE PROGRAM PROVIDES FUNDING TO DEVELOP THE TOOLS TO HELP STRENGTHEN A COMMUNITYS APPROACH TO ROADWAY SAFETY AND SAVE LIVES AND IS DESIGNED TO MEET THE NEEDS OF DIVERSE LOCAL, TRIBAL, AND REGIONAL COMMUNITIES THAT DIFFER DRAMATICALLY IN SIZE, LOCATION, AND EXPERIENCE ADMINISTERING FEDERAL FUNDING.",04,PROJECT GRANT (B),"THE GREENWAY DEMONSTRATION SAFETY PROJECT IN PASADENA CA WILL DEMONSTRATE AND EVALUATE QUICK-BUILD GREENWAY CORRIDORS IN THE CITY TO CREATE AN EVIDENCED BASED LONG-TERM PLAN TO CREATE SAFE, TRAFFIC-CALMED ROUTES PRIORITIZING WALKING, BIKING, AND ROLLING.",NON,NOT RECOVERY ACT,C,CITY OR TOWNSHIP GOVERNMENT,2,NON-AGGREGATE RECORD,,,,,,,,,,,https://www.usaspending.gov/award/ASST_NON_693JJ32640318_069/,2026-03-05 11:06:58.099958+00
ASST_NON_R01DA060743_075,R01DA060743,R01DA060743-3583952517,SAI UNAVAILABLE,,,,,,2026-03-02,2026,493444.00,,228918.00,0.00,493444.00,0.00,0.00,2026-03-02,2026,2026-03-15,2028-12-31,075,Department of Health and Human Services,7529,National Institutes of Health,75N600,NIH National Insitute on Drug Abuse,075,Department of Health and Human Services,7529,National Institutes of Health,75N600,NIH National Insitute on Drug Abuse,,,,,ENBLDJUN4N73,,THE REGENTS OF THE UNIVERSITY OF CALIFORNIA,THE REGENTS OF THE UNIVERSITY OF CALIFORNIA,,,,USA,UNITED STATES,1 CYCLOTRON RD,,06000,BERKELEY,06001,ALAMEDA,06,CA,CALIFORNIA,94720,8099,CA-12,CA-12,,,,STATE-WIDE,USA,UNITED STATES,CA*****,,,,06,CALIFORNIA,,CA-90,,,93.279: DRUG USE AND ADDICTION RESEARCH PROGRAMS,RFA-DA-23-039,"TO SUPPORT BASIC AND CLINICAL NEUROSCIENCE, BIOMEDICAL, BEHAVIORAL AND SOCIAL SCIENCE, EPIDEMIOLOGIC, HEALTH SERVICES AND HEALTH DISPARITY RESEARCH.  TO DEVELOP NEW KNOWLEDGE AND APPROACHES RELATED TO THE PREVENTION, DIAGNOSIS, TREATMENT, ETIOLOGY, AND CONSEQUENCES OF DRUG ABUSE AND ADDICTION, INCLUDING HIV/AIDS. TO SUPPORT RESEARCH TRAINING AND RESEARCH SCIENTIST DEVELOPMENT.  TO SUPPORT DISSEMINATION OF RESEARCH FINDINGS. SMALL BUSINESS INNOVATION RESEARCH (SBIR) LEGISLATION IS INTENDED TO EXPAND AND IMPROVE THE SBIR PROGRAMS TO EMPHASIZE AND INCREASE PRIVATE SECTOR COMMERCIALIZATION OF TECHNOLOGY DEVELOPED THROUGH FEDERAL SBIR RESEARCH AND DEVELOPMENT, INCREASE SMALL BUSINESS PARTICIPATION IN FEDERAL RESEARCH AND DEVELOPMENT, AND FOSTER AND ENCOURAGE PARTICIPATION OF SOCIALLY AND ECONOMICALLY DISADVANTAGED SMALL BUSINESS CONCERNS AND WOMEN-OWNED SMALL BUSINESS CONCERNS IN THE SBIR PROGRAM. THE LEGISLATION INTENDS THAT THE SMALL BUSINESS TECHNOLOGY TRANSFER (STTR) PROGRAM STIMULATE AND FOSTER SCIENTIFIC AND TECHNOLOGICAL INNOVATION THROUGH COOPERATIVE RESEARCH AND DEVELOPMENT CARRIED OUT BETWEEN SMALL BUSINESS CONCERNS AND RESEARCH INSTITUTIONS, FOSTER TECHNOLOGY TRANSFER BETWEEN SMALL BUSINESS CONCERNS AND RESEARCH INSTITUTIONS, TO INCREASE PRIVATE SECTOR COMMERCIALIZATION OF INNOVATIONS DERIVED FROM FEDERAL RESEARCH AND DEVELOPMENT, AND FOSTER AND ENCOURAGE PARTICIPATION OF SOCIALLY AND ECONOMICALLY DISADVANTAGED SMALL BUSINESS CONCERNS AND WOMEN-OWNED SMALL BUSINESS CONCERNS IN TECHNOLOGICAL INNOVATION.",04,PROJECT GRANT (B),"FEEDBACK CONTROLLABILITY OF NEURAL POPULATION DYNAMICS - ABSTRACT BRAIN FUNCTIONS, RANGING FROM PERCEPTION TO COGNITION AND ACTION, ARE PRODUCED BY THE COLLECTIVE DYNAMICS OF POPULATIONS OF NEURONS. HIGH-DIMENSIONAL NEURAL POPULATION DATA ARE COMMONLY ANALYZED IN A LOWER-DIMENSIONAL SUBSPACE, WHICH ENABLES CHARACTERIZATION OF DYNAMIC NEURAL PHENOMENA. HOWEVER, SUBSPACES THEMSELVES DO NOT PROVIDE A PRINCIPLED EXPLANATION OF THOSE PHENOMENA. NORMATIVE THEORIES, ON THE OTHER HAND, EXPLAIN BRAIN FUNCTION IN TERMS OF COMPUTATIONAL PRINCIPLES. HOWEVER, WE CURRENTLY LACK NORMATIVE THEORIES THAT BOTH MAKE PRECISE PREDICTIONS THAT CAN BE TESTED IN EXPERIMENTAL DATA AND ENABLE PRINCIPLED UNDERSTANDING OF NEURAL POPULATION DYNAMICS. A PURPOSE OF THE BRAIN IS TO PRODUCE BEHAVIORS, SUCH AS REACHING TO GRASP FOOD, AND THIS IS ACCOMPLISHED USING FEEDBACK. FEEDBACK CAN BE USED TO CORRECT OBSERVED ERRORS IN THE OUTPUT OF A SYSTEM RELATIVE TO A TARGET. FOR EXAMPLE, AT A BEHAVIORAL LEVEL, SENSORY CONSEQUENCES OF ARM REACHES PROVIDE FEEDBACK USED TO CONTROL THE ARM, AND (OPTIMAL) FEEDBACK CONTROL PROVIDES A NORMATIVE EXPLANATION OF MANY ASPECTS OF REACHING. LIKEWISE, AT A NEURAL SYSTEMS LEVEL, ANATOMICAL FEEDBACK LOOPS ARE PRESENT BOTH WITHIN AND BETWEEN BRAIN AREA, AND THE SAME NEURAL POPULATIONS CAN PERFORM DIVERSE TARGET FUNCTIONS ON DEMAND (E.G., REACHING TO DIFFERENT TARGETS). THIS SUGGESTS THAT NEURAL POPULATION DYNAMICS CAN BE CONTROLLED BY OTHER BRAIN AREAS WITH FEEDBACK (I.E., ARE FEEDBACK CONTROLLABLE). IF AND HOW THE PRINCIPLE OF FEEDBACK CONTROL SHAPES NEURAL POPULATION DYNAMICS IS UNKNOWN. THE LONG-TERM GOAL OF OUR RESEARCH IS TO ARRIVE AT A PRINCIPLED UNDERSTANDING OF NEURAL POPULATION ACTIVITY. THE GOAL OF THIS RESEARCH IS TO ELUCIDATE THE CONTROL PRINCIPLES UNDERLYING NEURAL POPULATION DYNAMICS. CONTROL THEORY DISTINGUISHES BETWEEN SYSTEMS THAT USE FEEDBACK TO CORRECT ERRORS (FEEDBACK CONTROL, E.G., REACH TO TARGET) AND THOSE THAT DO NOT (FEED-FORWARD CONTROL, E.G., EYE BLINK REFLEX). WE WILL DESIGN OBJECTIVE FUNCTIONS FOR EXTRACTING SUBSPACES FROM NEURAL POPULATION DATA THAT ARE MOST FEED-FORWARD VS. FEEDBACK CONTROLLABLE. OUR CENTRAL HYPOTHESIS IS THAT FEEDBACK CONTROL IS A NORMATIVE PRINCIPLE OF NEURAL POPULATION DYNAMICS. THE FOLLOWING AIMS DEVELOP THEORY AND ANALYSIS METHODS TO TEST THIS HYPOTHESIS IN NEURAL POPULATION DATA FROM MONKEY PRIMARY MOTOR/SOMATOSENSORY CORTEX (M1/S1) AND INFERIOR TEMPORAL CORTICES (IT) DURING REACHING AND FACE RECOGNITION RESPECTIVELY, AS WELL AS RAT MEDIAL PREFRONTAL CORTEX/HIPPOCAMPUS (MPFC/HC) DURING MAZE NAVIGATION.",NON,NOT RECOVERY ACT,H,PUBLIC/STATE CONTROLLED INSTITUTION OF HIGHER EDUCATION,2,NON-AGGREGATE RECORD,,,,,,,,,,,https://www.usaspending.gov/award/ASST_NON_R01DA060743_075/,2026-03-05 22:04:43.296484+00
ASST_NON_R01DA062741_075,R01DA062741,R01DA062741-1141015134,SAI UNAVAILABLE,,,,,,2026-03-01,2026,387291.00,,134984.00,0.00,387291.00,0.00,0.00,2026-03-01,2026,2026-03-01,2030-12-31,075,Department of Health and Human Services,7529,National Institutes of Health,75N600,NIH National Insitute on Drug Abuse,075,Department of Health and Human Services,7529,National Institutes of Health,75N600,NIH National Insitute on Drug Abuse,,,,,Z94KLERAG5V9,,UNIVERSITY OF VERMONT & STATE AGRICULTURAL COLLEGE,UNIVERSITY OF VERMONT & STATE AGRICULTURAL COLLEGE,,,UNIVERSITY OF VERMONT & STATE AGRICULTURAL COLLEGE,USA,UNITED STATES,85 S PROSPECT STREET,,10675,BURLINGTON,50007,CHITTENDEN,50,VT,VERMONT,05405,1704,VT-00,VT-00,,,,SINGLE ZIP CODE,USA,UNITED STATES,VT10675,BURLINGTON,50007,CHITTENDEN,50,VERMONT,054051704,VT-00,VT-00,,93.279: DRUG USE AND ADDICTION RESEARCH PROGRAMS,PA-25-301,"<P>THE GOALS ARE:</P><UL><LI>TO FOSTER FUNDAMENTAL CREATIVE DISCOVERIES, INNOVATIVE RESEARCH STRATEGIES, AND THEIR APPLICATIONS AS A BASIS FOR ULTIMATELY PROTECTING AND IMPROVING HEALTH;</LI><LI>TO DEVELOP, MAINTAIN, AND RENEW SCIENTIFIC HUMAN AND PHYSICAL RESOURCES THAT WILL ENSURE THE NATION'S CAPABILITY TO PREVENT DISEASE;</LI><LI>TO EXPAND THE KNOWLEDGE BASE IN MEDICAL AND ASSOCIATED SCIENCES IN ORDER TO ENHANCE THE NATION'S ECONOMIC WELL-BEING AND ENSURE A CONTINUED HIGH RETURN ON THE PUBLIC INVESTMENT IN RESEARCH; AND</LI><LI>TO EXEMPLIFY AND PROMOTE THE HIGHEST LEVEL OF SCIENTIFIC INTEGRITY, PUBLIC ACCOUNTABILITY, AND SOCIAL RESPONSIBILITY IN THE CONDUCT OF SCIENCE.</LI></UL><P>IN REALIZING THESE GOALS, THE NIH PROVIDES LEADERSHIP AND DIRECTION TO PROGRAMS DESIGNED TO IMPROVE THE HEALTH OF THE NATION BY CONDUCTING AND SUPPORTING RESEARCH:</P><UL><LI>IN THE CAUSES, DIAGNOSIS, PREVENTION, AND CURE OF HUMAN DISEASES;</LI><LI>IN THE PROCESSES OF HUMAN GROWTH AND DEVELOPMENT;</LI><LI>IN THE BIOLOGICAL EFFECTS OF ENVIRONMENTAL CONTAMINANTS;</LI><LI>IN THE UNDERSTANDING OF MENTAL, ADDICTIVE AND PHYSICAL DISORDERS; AND</LI><LI>IN DIRECTING PROGRAMS FOR THE COLLECTION, DISSEMINATION, AND EXCHANGE OF INFORMATION IN MEDICINE AND HEALTH, INCLUDING THE DEVELOPMENT AND SUPPORT OF MEDICAL LIBRARIES AND THE TRAINING OF MEDICAL LIBRARIANS AND OTHER HEALTH INFORMATION SPECIALISTS.</LI></UL>",04,PROJECT GRANT (B),"DELINEATING DEVELOPMENTAL WINDOWS OF VULNERABILITY FOR CANNABIS EXPOSURE AND ASSESSING FOR CAUSAL RELATIONS BETWEEN CANNABIS USE, NEURODEVELOPMENT, AND BEHAVIOR - WITH THE ONGOING TREND OF CANNABIS LEGALIZATION IN THE UNITED STATES AND ACROSS THE WORLD, THERE IS A CRITICAL NEED TO BETTER UNDERSTAND LINKS BETWEEN CANNABIS USE, BRAIN DEVELOPMENT, AND COGNITIVE-BEHAVIORAL OUTCOMES. DESPITE GROWING PUBLIC BELIEF THAT CANNABIS USE IS RELATIVELY BENIGN, THERE REMAINS A DEARTH OF LARGE LONGITUDINAL STUDIES EXAMINING CANNABIS USE AND BRAIN DEVELOPMENT IN HUMANS. WE PROPOSE TO LEVERAGE THREE LARGE MULTIMODAL NEUROIMAGING DATASETS, SPANNING PREADOLESCENCE TO LATE ADULTHOOD: ABCD (N=11,880; AGES 9-20 FOLLOWED LONGITUDINALLY), IMAGEN (N=2,400; AGES 14-23, FOLLOWED LONGITUDINALLY), AND ENIGMA-ADDICTION (N=14,340; AGES 12-80, FROM 118 STUDIES). THESE LARGE, RICH DATASETS INCLUDE MEASURES OF HIGHLY RELEVANT BEHAVIORS (CO-OCCURRING ALCOHOL AND TOBACCO USE, PHYSICAL ACTIVITY, PSYCHOPATHOLOGY) WHILE AFFORDING UNPARALLELED STATISTICAL POWER. LEVERAGING THESE DATASETS, WE WILL EMPLOY LINEAR MIXED-EFFECTS MODELS TO IDENTIFY DEVELOPMENTAL WINDOWS IN WHICH AREAS AND/OR NETWORKS OF THE BRAIN ARE MOST VULNERABLE TO CANNABIS EXPOSURE. SIMILAR ANALYSES WILL BE CONDUCTED FOR RELEVANT BEHAVIORAL TRAJECTORIES (E.G., ATTENTION PROBLEMS, INTERNALIZING SYMPTOMATOLOGY). FOCUSING ON RIGOR AND REPLICABILITY, NONPARAMETRIC PERMUTATION TESTING WILL BE EMPLOYED IN IMAGING ANALYSES, AND WE WILL EXPLICITLY TEST IF FINDINGS IN ONE DATASET EXTEND TO OTHERS. WE HYPOTHESIZE THAT DEVELOPMENTAL WINDOWS WITH THE GREATEST DEGREE OF PREFRONTAL AGE-RELATED CHANGE WILL BE PERIODS OF GREATEST VULNERABILITY TO CANNABIS EXPOSURE. USING A RANGE OF METHODOLOGIES (PROPENSITY SCORE MATCHING, CROSS-LAGGED PANEL DESIGN, DISCORDANT TWIN ANALYSES, BAYESIAN CAUSAL NETWORKS), THIS PROPOSAL WILL MOVE BEYOND ASSOCIATIONAL ANALYSES TOWARDS CAUSAL MECHANISMS. SUCH ANALYSES ARE DESPERATELY NEEDED TO HELP BRIDGE PRECLINICAL ANIMAL MODELS WITH HUMAN NEUROIMAGING FINDINGS. BASED ON OUR PRIOR IMAGING WORK AS WELL AS EXISTING RODENT MODELS, WE HYPOTHESIZE THAT EARLY TO MIDDLE ADOLESCENCE, RELATIVE TO OTHER STAGES OF DEVELOPMENT, WILL BE ASSOCIATED WITH GREATER EVIDENCE FOR CAUSAL RELATIONSHIPS INVOLVING CANNABIS USE, NEURODEVELOPMENT, AND BEHAVIOR. WE WILL ALSO EXAMINE THE DEGREE TO WHICH GENETIC LIABILITIES FOR PSYCHIATRIC CONDITIONS (E.G., ADHD, SCHIZOPHRENIA) QUALIFY OBSERVED CANNABIS-RELATED OUTCOMES. USING POLYGENIC RISK SCORES, WE WILL TEST GENETIC INTERACTIONS WITH AGE AND CANNABIS USE. SIMILARLY, WE WILL EXAMINE HOW SALIENT ENVIRONMENTAL AND DEMOGRAPHIC FACTORS LINKED TO CANNABIS USE TRAJECTORIES (E.G., EARLY ADVERSITY, SEX AT BIRTH) INTERACT WITH AGE AND CANNABIS USE. WE HYPOTHESIZE THAT CANNABIS’ HYPOTHESIZED INFLUENCE ON NEURODEVELOPMENT AND BEHAVIOR WILL BE GREATEST FOR INDIVIDUALS WITH PRE- EXISTING GENETIC LIABILITIES FOR ASSOCIATED PSYCHIATRIC SYMPTOMATOLOGY (E.G., ADHD, SCHIZOPHRENIA) AND/OR ESTABLISHED RISK FACTORS ASSOCIATED WITH THE DEVELOPMENTAL TRAJECTORY TO CANNABIS USE DISORDER (E.G., EARLY ADVERSITY AND TRAUMA). IMPORTANTLY, THE PROPOSED WORK IS FUNDAMENTAL TO DEVELOPING IMPACTFUL POLICY INITIATIVES AS WELL AS PREVENTION AND INTERVENTION EFFORTS.",NON,NOT RECOVERY ACT,H,PUBLIC/STATE CONTROLLED INSTITUTION OF HIGHER EDUCATION,2,NON-AGGREGATE RECORD,,,,,,,,,,,https://www.usaspending.gov/award/ASST_NON_R01DA062741_075/,2026-03-05 22:04:43.296484+00
ASST_NON_R01NS129955_075,R01NS129955,R01NS129955-764133616,SAI UNAVAILABLE,,,,,,2026-03-02,2026,344515.00,,0.00,0.00,344515.00,0.00,0.00,2026-03-02,2026,2023-01-01,2027-12-31,075,Department of Health and Human Services,7529,National Institutes of Health,75NQ00,NIH National Institute of Neurological Disorders and Stroke,075,Department of Health and Human Services,7529,National Institutes of Health,75NQ00,NIH National Institute of Neurological Disorders and Stroke,,,,,LCLSJAGTNZQ7,,UNIVERSITY OF WISCONSIN SYSTEM,UNIVERSITY OF WISCONSIN SYSTEM,,,UNIVERSITY OF WISCONSIN SYSTEM,USA,UNITED STATES,21 N PARK ST STE 6301,,48000,MADISON,55025,DANE,55,WI,WISCONSIN,53715,1218,WI-02,WI-02,,,,SINGLE ZIP CODE,USA,UNITED STATES,WI48000,MADISON,55025,DANE,55,WISCONSIN,53715,WI-02,WI-02,,93.853: EXTRAMURAL RESEARCH PROGRAMS IN THE NEUROSCIENCES AND NEUROLOGICAL DISORDERS,RFA-NS-20-006,"(1) TO SUPPORT EXTRAMURAL RESEARCH FUNDED BY THE NATIONAL INSTITUTE OF NEUROLOGICAL DISORDERS AND STROKE (NINDS) INCLUDING: BASIC RESEARCH THAT EXPLORES THE FUNDAMENTAL STRUCTURE AND FUNCTION OF THE BRAIN AND THE NERVOUS SYSTEM, RESEARCH TO UNDERSTAND THE CAUSES AND ORIGINS OF PATHOLOGICAL CONDITIONS OF THE NERVOUS SYSTEM WITH THE GOAL OF PREVENTING THESE DISORDERS, RESEARCH ON THE NATURAL COURSE OF NEUROLOGICAL DISORDERS, IMPROVED METHODS OF DISEASE PREVENTION, NEW METHODS OF DIAGNOSIS AND TREATMENT, DRUG DEVELOPMENT, DEVELOPMENT OF NEURAL DEVICES, CLINICAL TRIALS, AND RESEARCH TRAINING IN BASIC, TRANSLATIONAL AND CLINICAL NEUROSCIENCE. THE INSTITUTE IS THE LARGEST FUNDER OF BASIC NEUROSCIENCE IN THE US AND SUPPORTS RESEARCH ON TOPICS INCLUDING BUT NOT LIMITED TO: DEVELOPMENT OF THE NERVOUS SYSTEM, INCLUDING NEUROGENESIS AND PROGENITOR CELL BIOLOGY, SIGNAL TRANSDUCTION IN DEVELOPMENT AND PLASTICITY, AND PROGRAMMED CELL DEATH, SYNAPSE FORMATION, FUNCTION, AND PLASTICITY,  LEARNING AND MEMORY, CHANNELS, TRANSPORTERS, AND PUMPS, CIRCUIT FORMATION AND MODULATION,  BEHAVIORAL AND COGNITIVE NEUROSCIENCE, SENSORIMOTOR LEARNING, INTEGRATION AND EXECUTIVE FUNCTION, NEUROENDOCRINE SYSTEMS, SLEEP AND CIRCADIAN RHYTHMS, AND SENSORY AND MOTOR SYSTEMS.  IN ADDITION, THE INSTITUTE SUPPORTS BASIC, TRANSLATIONAL AND CLINICAL STUDIES ON A NUMBER OF DISORDERS OF THE NERVOUS SYSTEM INCLUDING (BUT NOT LIMITED TO): STROKE, TRAUMATIC INJURY TO THE BRAIN, SPINAL CORD AND PERIPHERAL NERVOUS SYSTEM, NEURODEGENERATIVE DISORDERS, MOVEMENT DISORDERS, BRAIN TUMORS, CONVULSIVE DISORDERS, INFECTIOUS DISORDERS OF THE BRAIN AND NERVOUS SYSTEM, IMMUNE DISORDERS OF THE BRAIN AND NERVOUS SYSTEM, INCLUDING MULTIPLE SCLEROSIS, DISORDERS RELATED TO SLEEP, AND PAIN. PROGRAMMATIC AREAS, WHICH ARE PRIMARILY SUPPORTED BY THE DIVISION OF NEUROSCIENCE, ARE ALSO SUPPORTED BY THE DIVISION OF EXTRAMURAL ACTIVITIES, THE DIVISION OF TRANSLATIONAL RESEARCH, THE DIVISION OF CLINICAL RESEARCH, THE OFFICE OF TRAINING AND WORKFORCE DEVELOPMENT, THE OFFICE OF PROGRAMS TO ENHANCE NEUROSCIENCE WORKFORCE DEVELOPMENT, AND THE OFFICE OF INTERNATIONAL ACTIVITIES. (2) TO EXPAND AND IMPROVE THE SMALL BUSINESS INNOVATION RESEARCH (SBIR) PROGRAM, TO INCREASE PRIVATE SECTOR COMMERCIALIZATION OF INNOVATIONS DERIVED FROM FEDERAL RESEARCH AND DEVELOPMENT, TO INCREASE SMALL BUSINESS PARTICIPATION IN FEDERAL RESEARCH AND DEVELOPMENT, AND TO FOSTER AND ENCOURAGE PARTICIPATION OF SOCIALLY AND ECONOMICALLY DISADVANTAGED SMALL BUSINESS CONCERNS AND WOMEN-OWNED SMALL BUSINESS CONCERNS IN TECHNOLOGICAL INNOVATION. TO UTILIZE THE SMALL BUSINESS TECHNOLOGY TRANSFER (STTR) PROGRAM, TO STIMULATE AND FOSTER SCIENTIFIC AND TECHNOLOGICAL INNOVATION THROUGH COOPERATIVE RESEARCH AND DEVELOPMENT CARRIED OUT BETWEEN SMALL BUSINESS CONCERNS AND RESEARCH INSTITUTIONS, TO FOSTER TECHNOLOGY TRANSFER BETWEEN SMALL BUSINESS CONCERNS AND RESEARCH INSTITUTIONS, TO INCREASE PRIVATE SECTOR COMMERCIALIZATION OF INNOVATIONS DERIVED FROM FEDERAL RESEARCH AND DEVELOPMENT, AND TO FOSTER AND ENCOURAGE PARTICIPATION OF SOCIALLY AND ECONOMICALLY DISADVANTAGED SMALL BUSINESS CONCERNS AND WOMEN-OWNED SMALL BUSINESS CONCERNS IN TECHNOLOGICAL INNOVATION.",04,PROJECT GRANT (B),"DEVELOPMENT AND IN VIVO VALIDATION OF A THEORETICAL FRAMEWORK AND PRACTICAL METHODS TO IMPROVE SAFETY AND EFFICACY OF NEUROMODULATION ELECTRODES - DESPITE WIDESPREAD CLINICAL USE, THE THEORETICAL FRAMEWORK BY WHICH TO UNDERSTAND SAFETY OF ELECTRICAL STIMULATION THROUGH IMPLANTED ELECTRODES IS SURPRISINGLY LIMITED. MOST OF OUR CURRENT UNDERSTANDING OF STIMULATION SAFETY WAS PHENOMENOLOGICALLY DETERMINED IN THE 80S AND 90S USING VERY LIMITED ELECTRODE GEOMETRIES, MATERIALS, STIMULATION SYSTEMS, AND STIMULATION LOCATIONS. CURRENT BENCHTOP TESTING OF ELECTRODE SAFETY TO SUPPORT SUBMISSIONS TO THE FOOD AND DRUG ADMINISTRATION (FDA) IS PREDOMINANTLY FOCUSED ON IDENTIFYING THE APPLIED CHARGE DENSITY THAT DRIVES THE HYDROLYSIS OF WATER AT THE ELECTRODE/ELECTROLYTE INTERFACE. IN THIS PROPOSAL, WE SEEK TO VALIDATE, OPTIMIZE, AND DISTRIBUTE A BENCHTOP TESTING FRAMEWORK THAT MORE ACCURATELY PREDICTS CHRONIC IN-VIVO SAFETY ISSUES. THIS FRAMEWORK IS EXTENSIBLE TO COATED MICROELECTRODE DESIGNS, INCLUDING HIGH-DENSITY AND/OR THIN-FILM ARRAYS, AS WELL AS TO NOVEL STIMULATION WAVEFORMS – BOTH OF WHICH ARE CRITICALLY ENABLING FOR NEXT-GENERATION MINIMALLY INVASIVE NEUROMODULATION THERAPIES.",NON,NOT RECOVERY ACT,H,PUBLIC/STATE CONTROLLED INSTITUTION OF HIGHER EDUCATION,2,NON-AGGREGATE RECORD,,,,,,,,,,,https://www.usaspending.gov/award/ASST_NON_R01NS129955_075/,2026-03-05 22:04:43.296484+00
ASST_NON_R13CA310704_075,R13CA310704,R13CA310704-720300093,SAI UNAVAILABLE,,,,,,2026-03-03,2026,5000.00,,0.00,0.00,5000.00,0.00,0.00,2026-03-03,2026,2026-03-03,2027-02-28,075,Department of Health and Human Services,7529,National Institutes of Health,75NC00,NIH National Cancer Institute,075,Department of Health and Human Services,7529,National Institutes of Health,75NC00,NIH National Cancer Institute,,,,,CER1EMNQ1663,,KEYSTONE SYMPOSIA ON MOLECULAR AND CELLULAR BIOLOGY,KEYSTONE SYMPOSIA ON MOLECULAR AND CELLULAR BIOLOGY,,,,USA,UNITED STATES,160 HWY 6 STE 201,,70525,SILVERTHORNE,08117,SUMMIT,08,CO,COLORADO,80498,1630,CO-02,CO-02,,,,SINGLE ZIP CODE,USA,UNITED STATES,CO70525,SILVERTHORNE,08049,GRAND,08,COLORADO,80498,CO-02,CO-02,,93.395: CANCER TREATMENT RESEARCH,PA-25-080,"TO IMPROVE SCREENING AND EARLY DETECTION STRATEGIES AND TO DEVELOP ACCURATE DIAGNOSTIC TECHNIQUES AND METHODS FOR PREDICTING THE COURSE OF DISEASE IN CANCER PATIENTS. SCREENING AND EARLY DETECTION RESEARCH INCLUDES DEVELOPMENT OF STRATEGIES TO DECREASE CANCER MORTALITY BY FINDING TUMORS EARLY WHEN THEY ARE MORE AMENABLE TO TREATMENT. DIAGNOSIS RESEARCH FOCUSES ON METHODS TO DETERMINE THE PRESENCE OF A SPECIFIC TYPE OF CANCER, TO PREDICT ITS COURSE AND RESPONSE TO THERAPY, BOTH A PARTICULAR THERAPY OR A CLASS OF AGENTS, AND TO MONITOR THE EFFECT OF THE THERAPY AND THE APPEARANCE OF DISEASE RECURRENCE. THESE METHODS INCLUDE DIAGNOSTIC IMAGING AND DIRECT ANALYSES OF SPECIMENS FROM TUMOR OR OTHER TISSUES. SUPPORT IS ALSO PROVIDED FOR ESTABLISHING AND MAINTAINING RESOURCES OF HUMAN TISSUE TO FACILITATE RESEARCH.  SMALL BUSINESS INNOVATION RESEARCH (SBIR) PROGRAM: TO EXPAND AND IMPROVE THE SBIR PROGRAM, TO INCREASE PRIVATE SECTOR COMMERCIALIZATION OF INNOVATIONS DERIVED FROM FEDERAL RESEARCH AND DEVELOPMENT, TO INCREASE SMALL BUSINESS PARTICIPATION IN FEDERAL RESEARCH AND DEVELOPMENT, AND TO FOSTER AND ENCOURAGE PARTICIPATION OF SOCIALLY AND ECONOMICALLY DISADVANTAGED SMALL BUSINESS CONCERNS AND WOMEN-OWNED SMALL BUSINESS CONCERNS IN TECHNOLOGICAL INNOVATION. SMALL BUSINESS TECHNOLOGY TRANSFER (STTR) PROGRAM: TO STIMULATE AND FOSTER SCIENTIFIC AND TECHNOLOGICAL INNOVATION THROUGH COOPERATIVE RESEARCH AND DEVELOPMENT CARRIED OUT BETWEEN SMALL BUSINESS CONCERNS AND RESEARCH INSTITUTIONS, TO FOSTER TECHNOLOGY TRANSFER BETWEEN SMALL BUSINESS CONCERNS AND RESEARCH INSTITUTIONS, TO INCREASE PRIVATE SECTOR COMMERCIALIZATION OF INNOVATIONS DERIVED FROM FEDERAL RESEARCH AND DEVELOPMENT, AND TO FOSTER AND ENCOURAGE PARTICIPATION OF SOCIALLY AND ECONOMICALLY DISADVANTAGED SMALL BUSINESS CONCERNS AND WOMEN-OWNED SMALL BUSINESS CONCERNS IN TECHNOLOGICAL INNOVATION.",04,PROJECT GRANT (B),"CANCER IMMUNOTHERAPY: BASIC MECHANISMS INFORMING CLINICAL APPLICATIONS & COMBINATIONS - ABSTRACT SUPPORT IS REQUESTED FOR A KEYSTONE SYMPOSIA CONFERENCE ENTITLED “CANCER IMMUNOTHERAPY: BASIC MECHANISM INFORMING CLINICAL APPLICATIONS & COMBINATIONS” ORGANIZED BY DRS. JENNIFER GUERRIERO, THOMAS MARRON, IRA MELLMAN AND SOLANGE PETERS, WITH SCIENTIFIC PROGRAMMING INPUT FROM KEYSTONE SYMPOSIA. THE MEETING WILL TAKE PLACE AT THE FAIRMONT LE CHÂTEAU FRONTENAC IN QUEBEC CITY, QUEBEC, CANADA FROM MARCH 15–19, 2026. WHILE CANCER IMMUNOTHERAPY STRATEGIES ARE HIGHLY EFFECTIVE, THEY TARGET ONLY A FEW IMMUNOREGULATORY PATHWAYS AND BENEFIT A LIMITED SUBSET OF PATIENTS. MOST PATIENTS EITHER FAIL TO RESPOND OR RESPOND BRIEFLY BEFORE DEVELOPING RESISTANCE. THIS KEYSTONE SYMPOSIA MEETING AIMS TO BETTER UNDERSTAND THE MECHANISMS BEHIND THIS RESISTANCE AND DISCUSS THE IMMUNOTHERAPEUTIC STRATEGIES UNDER DEVELOPMENT THAT WILL HARNESS ALTERNATIVE IMMUNE PATHWAYS TO IMPROVE CLINICAL RESPONSES. CONFERENCE SESSIONS WILL HIGHLIGHT EMERGING APPROACHES TO TARGETING STROMAL AND MYELOID CELLS, INSIGHTS INTO TUMOR RECOGNITION BY LYMPHOID LINEAGES, AND THE USE OF ADVANCED TECHNOLOGIES LIKE SPATIAL IMAGING AND AI TO UNDERSTAND THE TUMOR MICROENVIRONMENT. SPECIFICALLY, THIS MEETING WILL CONVENE LEADING CANCER IMMUNOTHERAPY EXPERTS TO REVIEW THE SUCCESSES AND FAILURES OF EXISTING THERAPIES, EXPLORE NEW THERAPEUTIC TARGETS WITHIN HOST IMMUNITY, AND DISCUSS THE CHALLENGES AND POTENTIAL OF COMBINATION THERAPIES. THESE INTERDISCIPLINARY PERSPECTIVES WILL PROVIDE INSIGHT INTO FUTURE CLINICAL APPLICATIONS OF NOVEL APPROACHES AND OPTIMAL COMBINATION THERAPIES TO ADVANCE STRATEGIES DESIGNED TO ELIMINATE CANCERS THROUGH INNOVATIVE THERAPEUTIC APPROACHES USING THE IMMUNE RESPONSE.",NON,NOT RECOVERY ACT,M,NONPROFIT WITH 501C3 IRS STATUS (OTHER THAN AN INSTITUTION OF HIGHER EDUCATION),2,NON-AGGREGATE RECORD,,,,,,,,,,,https://www.usaspending.gov/award/ASST_NON_R13CA310704_075/,2026-03-05 22:04:43.296484+00
ASST_NON_R21MH140167_075,R21MH140167,R21MH140167-3302736060,SAI UNAVAILABLE,,,,,,2026-03-03,2026,416859.00,,141859.00,0.00,416859.00,0.00,0.00,2026-03-03,2026,2026-03-03,2028-02-29,075,Department of Health and Human Services,7529,National Institutes of Health,75N700,NIH National Institute of Mental Health,075,Department of Health and Human Services,7529,National Institutes of Health,75N700,NIH National Institute of Mental Health,,,,,R28EKN92ZTZ9,,MICHIGAN STATE UNIVERSITY,MICHIGAN STATE UNIVERSITY,SSUEDFDH4J36,,MICHIGAN STATE UNIVERSITY,USA,UNITED STATES,426 AUDITORIUM RD RM 360,,24120,EAST LANSING,26065,INGHAM,26,MI,MICHIGAN,48824,2600,MI-07,MI-07,,,,SINGLE ZIP CODE,USA,UNITED STATES,MI24120,EAST LANSING,26065,INGHAM,26,MICHIGAN,488242600,MI-07,MI-07,,93.242: MENTAL HEALTH RESEARCH GRANTS,PA-25-304,"<P>THE GOALS OF NIH ARE:</P><UL><LI>TO FOSTER FUNDAMENTAL CREATIVE DISCOVERIES, INNOVATIVE RESEARCH STRATEGIES, AND THEIR APPLICATIONS AS A BASIS FOR ULTIMATELY PROTECTING AND IMPROVING HEALTH;</LI><LI>TO DEVELOP, MAINTAIN, AND RENEW SCIENTIFIC HUMAN AND PHYSICAL RESOURCES THAT WILL ENSURE THE NATION'S CAPABILITY TO PREVENT DISEASE;</LI><LI>TO EXPAND THE KNOWLEDGE BASE IN MEDICAL AND ASSOCIATED SCIENCES IN ORDER TO ENHANCE THE NATION'S ECONOMIC WELL-BEING AND ENSURE A CONTINUED HIGH RETURN ON THE PUBLIC INVESTMENT IN RESEARCH; AND</LI><LI>TO EXEMPLIFY AND PROMOTE THE HIGHEST LEVEL OF SCIENTIFIC INTEGRITY, PUBLIC ACCOUNTABILITY, AND SOCIAL RESPONSIBILITY IN THE CONDUCT OF SCIENCE.</LI></UL><P>IN REALIZING THESE GOALS, THE NIH PROVIDES LEADERSHIP AND DIRECTION TO PROGRAMS DESIGNED TO IMPROVE THE HEALTH OF THE NATION BY CONDUCTING AND SUPPORTING RESEARCH:</P><UL><LI>IN THE CAUSES, DIAGNOSIS, PREVENTION, AND CURE OF HUMAN DISEASES;</LI><LI>IN THE PROCESSES OF HUMAN GROWTH AND DEVELOPMENT;</LI><LI>IN THE BIOLOGICAL EFFECTS OF ENVIRONMENTAL CONTAMINANTS;</LI><LI>IN THE UNDERSTANDING OF MENTAL, ADDICTIVE AND PHYSICAL DISORDERS; AND</LI><LI>IN DIRECTING PROGRAMS FOR THE COLLECTION, DISSEMINATION, AND EXCHANGE OF INFORMATION IN MEDICINE AND HEALTH, INCLUDING THE DEVELOPMENT AND SUPPORT OF MEDICAL LIBRARIES AND THE TRAINING OF MEDICAL LIBRARIANS AND OTHER HEALTH INFORMATION SPECIALISTS.</LI></UL>",04,PROJECT GRANT (B),"PROBING NUCLEOLUS FUNCTION IN A MOUSE MODEL OF FRAGILE X SYNDROME - PROJECT SUMMARY FRAGILE X SYNDROME (FXS) STANDS AS A PROMINENT CONTRIBUTOR TO INTELLECTUAL DISABILITY AND AUTISM SPECTRUM DISORDERS, STEMMING FROM MUTATIONS WITHIN THE FMR1 GENE. THESE MUTATIONS LEAD TO SEVERE REDUCTION OR ABSENCE OF THE FMRP PROTEIN. DESPITE EXTENSIVE RESEARCH, EFFECTIVE MEDICAL INTERVENTIONS FOR FXS REMAIN ELUSIVE, HINDERED BY A LIMITED UNDERSTANDING OF ITS UNDERLYING MECHANISMS. BIOCHEMICAL INVESTIGATIONS HAVE CONSISTENTLY HIGHLIGHTED FMRP'S ROLE IN MODULATING MRNA TRANSLATION, WITH ITS ABSENCE CORRELATING WITH INCREASED TRANSLATION LEVELS OF SELECT FMRP- INTERACTING MRNA TARGETS. HOWEVER, EMERGING EVIDENCE SUGGESTS BROADER DYSREGULATION, AS FXS NEURONS EXHIBIT HEIGHTENED OVERALL PROTEIN SYNTHESIS, HINTING AT ELEVATED TRANSLATION OF NON-FMRP INTERACTING MRNAS. THIS INTRIGUING PHENOMENON UNDERSCORES THE NEED FOR A DEEPER EXPLORATION INTO THE CELLULAR DYSFUNCTIONS CHARACTERIZING FXS. THIS RESEARCH INITIATIVE AIMS TO UNRAVEL A NOVEL FACET OF FXS PATHOLOGY—NUCLEOLAR HYPER-FUNCTION. WE PROPOSE THAT THIS HYPER-FUNCTION CONTRIBUTES TO ABERRANT RIBOSOME BIOGENESIS, THUS AUGMENTING THE CELLULAR CAPACITY FOR TRANSLATION AND DRIVING THE OBSERVED GLOBAL INCREASE IN PROTEIN SYNTHESIS IN FXS. AIM 1 WILL ASSESS NEURONAL AND GLIAL NUCLEOLAR FUNCTION IN WILD-TYPE (WT) AND FMR1 KNOCKOUT (KO) MICE. AIM 2 WILL CONDUCT A COMPARATIVE ANALYSIS OF GENOME-WIDE PROTEOMIC DATA ENCOMPASSING NUCLEOLAR PROTEINS IN WT AND FMR1 KO SAMPLES, DISCERNING MOLECULAR ALTERATIONS INTEGRAL TO RIBOSOME BIOGENESIS AND ASSEMBLY. AIM 3 WILL ASSESS NUCLEOLAR FUNCTION IN THE PERIPHERAL TISSUE IN FMR1 KO MICE, ESTABLISHING THE HYPER-FUNCTIONAL PATHOLOGICAL OUTCOME AS A POTENTIAL CLINICAL BIOMARKER. THE SUCCESSFUL EXECUTION OF THIS EXPLORATORY R21 PROJECT PROMISES TO UNVEIL PREVIOUSLY UNEXPLORED CELLULAR MECHANISMS UNDERLYING FXS PATHOLOGY. THIS STUDY WILL ALSO SUGGEST NUCLEOLUS-ASSOCIATED ABNORMALITIES AS NOVEL MOLECULAR/CELLULAR MEASURES AND POTENTIAL BIOMARKERS.",NON,NOT RECOVERY ACT,H,PUBLIC/STATE CONTROLLED INSTITUTION OF HIGHER EDUCATION,2,NON-AGGREGATE RECORD,,,,,,,,,,,https://www.usaspending.gov/award/ASST_NON_R21MH140167_075/,2026-03-05 22:04:43.296484+00
ASST_NON_R35GM161642_075,R35GM161642,R35GM161642-2005257478,SAI UNAVAILABLE,,,,,,2026-03-03,2026,433780.00,,158780.00,0.00,433780.00,0.00,0.00,2026-03-03,2026,2026-04-01,2031-03-31,075,Department of Health and Human Services,7529,National Institutes of Health,75NS00,NIH National Institute of General Medical Sciences,075,Department of Health and Human Services,7529,National Institutes of Health,75NS00,NIH National Institute of General Medical Sciences,,,,,YZJ6DKPM4W63,,THE UNIVERSITY OF TEXAS SOUTHWESTERN MEDICAL CENTER,THE UNIVERSITY OF TEXAS SOUTHWESTERN MEDICAL CENTER,YZJ6DKPM4W63,,THE UNIVERSITY OF TEXAS SOUTHWESTERN MEDICAL CENTER,USA,UNITED STATES,5323 HARRY HINES BLVD,,19000,DALLAS,48113,DALLAS,48,TX,TEXAS,75390,7208,TX-30,TX-30,,,,SINGLE ZIP CODE,USA,UNITED STATES,TX19000,DALLAS,48113,DALLAS,48,TEXAS,753907208,TX-30,TX-30,,93.859: BIOMEDICAL RESEARCH AND RESEARCH TRAINING,PAR-22-180,"THE NATIONAL INSTITUTE OF GENERAL MEDICAL SCIENCES (NIGMS) SUPPORTS BASIC RESEARCH THAT INCREASES OUR UNDERSTANDING OF BIOLOGICAL PROCESSES AND LAYS THE FOUNDATION FOR ADVANCES IN DISEASE DIAGNOSIS, TREATMENT, AND PREVENTION. NIGMS ALSO SUPPORTS RESEARCH IN SPECIFIC CLINICAL AREAS THAT AFFECT MULTIPLE ORGAN SYSTEMS: ANESTHESIOLOGY AND PERI-OPERATIVE PAIN, CLINICAL PHARMACOLOGY ?COMMON TO MULTIPLE DRUGS AND TREATMENTS, AND INJURY, CRITICAL ILLNESS, SEPSIS, AND WOUND HEALING.? NIGMS-FUNDED SCIENTISTS INVESTIGATE HOW LIVING SYSTEMS WORK AT A RANGE OF LEVELSFROM MOLECULES AND CELLS TO TISSUES AND ORGANSIN RESEARCH ORGANISMS, HUMANS, AND POPULATIONS. ADDITIONALLY, TO ENSURE THE VITALITY AND CONTINUED PRODUCTIVITY OF THE RESEARCH ENTERPRISE, NIGMS PROVIDES LEADERSHIP IN SUPPORTING THE TRAINING OF THE NEXT GENERATION OF SCIENTISTS, ENHANCING THE DIVERSITY OF THE SCIENTIFIC WORKFORCE, AND DEVELOPING RESEARCH CAPACITY THROUGHOUT THE COUNTRY.",04,PROJECT GRANT (B),"CHEMICAL REACTIONS TO ADVANCE DRUG DISCOVERY: STEREOSELECTIVE SYNTHESIS OF HETEROCYCLES AND LATE-STAGE FUNCTIONALIZATION FOR MECHANISM OF ACTION STUDIES - THE DEVELOPMENT OF INNOVATIVE CHEMICAL REACTIONS IS CRITICAL TO ADVANCING DRUG DISCOVERY AND IMPROVING HUMAN HEALTH. OUR LABORATORY FOCUSES ON ADDRESSING UNMET NEEDS IN BASIC BIOMEDICAL RESEARCH THROUGH THE DEVELOPMENT OF SELECTIVE CHEMICAL METHODS THAT IMPACT DRUG DISCOVERY IN TWO TRANSFORMATIVE WAYS. RESEARCH DIRECTION 1: STEREOSELECTIVE SYNTHESIS OF SP3-RICH N-HETEROCYCLES VIA PHOTOCATALYTIC C–H ANNULATION  WE PROPOSE TO DEVELOP STEREOSELECTIVE CATALYTIC REACTIONS TO SYNTHESIZE CHIRAL N-HETEROCYCLES, A CLASS OF SP³- RICH SCAFFOLDS PREVALENT IN FDA-APPROVED DRUGS. OUR STRATEGY EMPLOYS ENANTIOSELECTIVE PHOTOCATALYTIC C–H ANNULATIONS MEDIATED BY DUAL PHOTOREDOX AND CHIRAL LEWIS ACID CATALYSIS TO GENERATE FUNCTIONALIZED N- HETEROCYCLES WITH DIVERSE SUBSTITUTION PATTERNS AND STEREOCHEMICAL COMPLEXITY. THIS RESEARCH DIRECTION WILL PROVIDE STREAMLINED ACCESS TO SEVERAL CLASSES OF SATURATED HETEROCYCLES, INCLUDING MORPHOLINES, PIPERIDINES, PYRROLIDINES, TETRAHYDROQUINOLINES, AND INDOLINES. INSIGHTS GAINED FROM MECHANISTIC STUDIES WILL INFORM THE DEVELOPMENT OF HIGHLY STEREOSELECTIVE PROCESSES. RESEARCH DIRECTION 2: LATE-STAGE PHOTOCHEMICAL INSTALLATION OF PHOTOCROSSLINKERS INTO DRUG-LIKE MOLECULES  WE PROPOSE TO ADVANCE CHEMICAL BIOLOGY BY DEVELOPING METHODS TO DIRECTLY FUNCTIONALIZE DRUG-LIKE MOLECULES FOR MECHANISM-OF-ACTION STUDIES. SPECIFICALLY, WE WILL DESIGN NOVEL PHOTOAFFINITY LABELING (PAL) REAGENTS TO FACILITATE THE LATE-STAGE INSTALLATION OF PHOTOCROSSLINKING GROUPS INTO BIOACTIVE MOLECULES. LEVERAGING PHOTOCHEMICAL MINISCI REACTIONS, THIS APPROACH WILL ENABLE THE SYNTHESIS OF NOVEL PAL PROBES IN ONE STEP FROM BIOACTIVE MOLECULES THROUGH SELECTIVE C–C BOND FORMATION. THIS INNOVATION ADDRESSES A CRITICAL BOTTLENECK IN DRUG DISCOVERY, PROVIDING A GENERALIZABLE PLATFORM FOR PAL PROBE DEVELOPMENT. WE ANTICIPATE THIS RESEARCH DIRECTION WILL ACCELERATE THE IDENTIFICATION OF MOLECULAR TARGETS OF DRUG-LIKE MOLECULES.  THIS NIGMS MIRA PROPOSAL LEVERAGES ROBUST PRELIMINARY DATA FROM OUR LABORATORY, INCLUDING RECENT ADVANCES IN PHOTOCHEMISTRY AND STEREOSELECTIVE CATALYSIS. WE WILL INCORPORATE MECHANISTIC STUDIES AND COLLABORATIONS IN SPECTROSCOPY, COMPUTATIONAL CHEMISTRY, AND CHEMICAL BIOLOGY TO REFINE AND EXPAND THE SCOPE OF OUR METHODS. GUIDED BY THE MISSION OF THE NIGMS, WE PROPOSE TO DEVELOP BROADLY USEFUL CHEMICAL METHODS WITH FAR-REACHING IMPLICATIONS IN SYNTHETIC CHEMISTRY, CHEMICAL BIOLOGY, AND PHARMACEUTICAL RESEARCH. BY ENABLING THE EFFICIENT SYNTHESIS OF CHIRAL N-HETEROCYCLES AND FACILITATING THE DIRECT CONVERSION OF DRUG-LIKE MOLECULES INTO PAL PROBES, OUR RESEARCH PROPOSAL WILL CONTRIBUTE TO THE ADVANCE OF DRUG DISCOVERY AND THE UNDERSTANDING OF BIOLOGICAL PROCESSES, ULTIMATELY LAYING THE FOUNDATION FOR THE IMPROVED TREATMENT OF HUMAN DISEASE.",NON,NOT RECOVERY ACT,H,PUBLIC/STATE CONTROLLED INSTITUTION OF HIGHER EDUCATION,2,NON-AGGREGATE RECORD,,,,,,,,,,,https://www.usaspending.gov/award/ASST_NON_R35GM161642_075/,2026-03-05 22:04:43.296484+00
ASST_NON_R35GM162296_075,R35GM162296,R35GM162296-2474187367,SAI UNAVAILABLE,,,,,,2026-03-02,2026,406026.00,,131026.00,0.00,406026.00,0.00,0.00,2026-03-02,2026,2026-03-05,2030-12-31,075,Department of Health and Human Services,7529,National Institutes of Health,75NS00,NIH National Institute of General Medical Sciences,075,Department of Health and Human Services,7529,National Institutes of Health,75NS00,NIH National Institute of General Medical Sciences,,,,,FTMTDMBR29C7,,THE JOHNS HOPKINS UNIVERSITY,THE JOHNS HOPKINS UNIVERSITY,GS4PNKTRNKL3,,JOHNS HOPKINS UNIVERSITY,USA,UNITED STATES,3400 N CHARLES ST,,04000,BALTIMORE,24510,BALTIMORE (CITY),24,MD,MARYLAND,21218,2608,MD-07,MD-07,,,,SINGLE ZIP CODE,USA,UNITED STATES,MD04000,BALTIMORE,24510,BALTIMORE (CITY),24,MARYLAND,212182608,MD-07,MD-07,,93.859: BIOMEDICAL RESEARCH AND RESEARCH TRAINING,PAR-23-145,"THE NATIONAL INSTITUTE OF GENERAL MEDICAL SCIENCES (NIGMS) SUPPORTS BASIC RESEARCH THAT INCREASES OUR UNDERSTANDING OF BIOLOGICAL PROCESSES AND LAYS THE FOUNDATION FOR ADVANCES IN DISEASE DIAGNOSIS, TREATMENT, AND PREVENTION. NIGMS ALSO SUPPORTS RESEARCH IN SPECIFIC CLINICAL AREAS THAT AFFECT MULTIPLE ORGAN SYSTEMS: ANESTHESIOLOGY AND PERI-OPERATIVE PAIN, CLINICAL PHARMACOLOGY ?COMMON TO MULTIPLE DRUGS AND TREATMENTS, AND INJURY, CRITICAL ILLNESS, SEPSIS, AND WOUND HEALING.? NIGMS-FUNDED SCIENTISTS INVESTIGATE HOW LIVING SYSTEMS WORK AT A RANGE OF LEVELSFROM MOLECULES AND CELLS TO TISSUES AND ORGANSIN RESEARCH ORGANISMS, HUMANS, AND POPULATIONS. ADDITIONALLY, TO ENSURE THE VITALITY AND CONTINUED PRODUCTIVITY OF THE RESEARCH ENTERPRISE, NIGMS PROVIDES LEADERSHIP IN SUPPORTING THE TRAINING OF THE NEXT GENERATION OF SCIENTISTS, ENHANCING THE DIVERSITY OF THE SCIENTIFIC WORKFORCE, AND DEVELOPING RESEARCH CAPACITY THROUGHOUT THE COUNTRY.",04,PROJECT GRANT (B),"BIOPHYSICAL THEORY FOR CONDENSATE DYNAMICS: ADVANCING BEYOND MINIMAL MODELS - PROJECT SUMMARY/ABSTRACT CELLS HOST NON-MEMBRANE-BOUND ORGANELLES, MANY OF WHICH FORM THROUGH A PHASE-SEPARATION MECHANISM. THESE DENSE ASSEMBLIES OF PROTEINS AND NUCLEIC ACIDS, TERMED BIOMOLECULAR CONDENSATES, ENABLE KEY CELLULAR FUNCTIONS FROM RIBOSOMAL ASSEMBLY TO STRESS RESPONSE AND METABOLISM, AND ARE IMPLICATED IN NEURODEGENERATIVE DISEASES AND CANCERS. IN CONTRAST TO MEMBRANE-BOUND ORGANELLES, WHICH ARE IMPERMEABLE TO MOST CELLULAR MOLECULES, BIOMOLECULAR CONDENSATES ARE OPEN TO THEIR SURROUNDING ENVIRONMENT. THEY CONSTANTLY EXCHANGE COMPONENTS WITH THE DILUTE PHASE AND CAN FORM AND DISSOLVE AS NEEDED IN RESPONSE TO CELLULAR SIGNALS. SUCH DYNAMICAL EXCHANGES ARE CRUCIAL TO THE BIOCHEMICAL PROCESSES TAKING PLACE INSIDE CONDENSATES AND TO THE RESPONSE OF CONDENSATES TO A CHANGING ENVIRONMENT, AS WELL AS TO THE REGULATION OF THE NUMBER, SIZE, AND PLACEMENT OF CONDENSATES IN THE CELL. A QUANTITATIVE UNDERSTANDING OF CONDENSATE DYNAMICS IS THEREFORE KEY TO DISCOVERING THE PHYSICAL PRINCIPLES AND BIOLOGICAL MECHANISMS UNDERLYING CONDENSATE FUNCTIONS. ADVANCES IN IMAGING TECHNIQUES HAVE LED TO GREAT IMPROVEMENTS IN THE MEASUREMENT OF DYNAMICAL PROPERTIES OF CONDENSATES, AND INCREASINGLY ALLOW FOR THE PROBING OF CONDENSATES WITH MULTIPLE COMPONENTS AND COMPLEX STRUCTURES IN AN INTACT CELLULAR ENVIRONMENT. HOWEVER, THERE IS A VERY LIMITED SET OF MATHEMATICAL MODELS AIMED AT QUANTITATIVELY INTERPRETING THESE EXPERIMENTAL RESULTS. THE GROWING WEALTH OF QUANTITATIVE DATA CALLS FOR A NEW GENERATION OF DYNAMICAL MODELS CAPABLE OF CAPTURING THE COMPLEXITIES ENCODED IN THE DATA. WE PROPOSE TO DEVELOP BIOPHYSICAL MODELS TO UNRAVEL BOTH THE PHYSICAL PRINCIPLES AND BIOLOGICAL MECHANISMS UNDERLYING CONDENSATE DYNAMICS VIA INTERPRETING HIGHLY QUANTITATIVE DATA, SUCH AS FROM SINGLE-MOLECULE TRACKING. WE WILL INVESTIGATE CONDENSATE DYNAMICS BY INTEGRATING BIOPHYSICAL MODELING, COARSE-GRAINED SIMULATIONS, MACHINE LEARNING, AND TARGETED EXPERIMENTS WITH EXPERT COLLABORATORS – A RESEARCH STYLE CHARACTERISTIC OF OUR LAB. SPECIFICALLY, WE EXPECT THIS RESEARCH PROGRAM TO (1) PROVIDE A QUANTITATIVE PICTURE OF THE KEY FACTORS CONTROLLING HOW LONG A MOLECULE DWELLS WITHIN A CONDENSATE, (2) PREDICT THE TIMESCALES OF MATERIAL EXCHANGE FOR MULTI-COMPONENT, MULTI-STATE CONDENSATES, AND (3) BRING NEW INSIGHTS INTO THE MOLECULAR INTERACTION NETWORK AND ITS RELATIONSHIP TO SPATIAL AND DYNAMIC HETEROGENEITY WITHIN CONDENSATES. BEYOND THESE IMMEDIATE RESEARCH GOALS, WE WILL ADDRESS BROADER QUESTIONS IN THE LONG TERM, INCLUDING: HOW ARE THE INTERNAL STRUCTURE AND DYNAMICS OF MULTI-SPECIES CONDENSATES RELATED? HOW DOES THE COMPLEX INTRACELLULAR ENVIRONMENT IMPACT CONDENSATE DYNAMICS? AND HOW DO THE DYNAMICS OF CONDENSATE COMPONENTS INFLUENCE THEIR BIOLOGICAL FUNCTIONS? ULTIMATELY, THE RESULTS AND TOOLS DEVELOPED IN THIS RESEARCH WILL ADVANCE OUR UNDERSTANDING OF THE DYNAMIC BEHAVIORS OF BIOMOLECULAR CONDENSATES, SHEDDING LIGHT ON THEIR FUNCTIONS IN HEALTH AND DISEASE, AND PAVING THE WAY FOR CONDENSATE BIOENGINEERING.",NON,NOT RECOVERY ACT,O,PRIVATE INSTITUTION OF HIGHER EDUCATION,2,NON-AGGREGATE RECORD,,,,,,,,,,,https://www.usaspending.gov/award/ASST_NON_R35GM162296_075/,2026-03-05 22:04:43.296484+00
ASST_NON_R35HL183402_075,R35HL183402,R35HL183402-3996695900,SAI UNAVAILABLE,,,,,,2026-03-01,2026,1242222.00,,511839.00,0.00,1242222.00,0.00,0.00,2026-03-01,2026,2026-03-01,2033-02-28,075,Department of Health and Human Services,7529,National Institutes of Health,75NH00,"NIH National Heart, Lung, and Blood Institute",075,Department of Health and Human Services,7529,National Institutes of Health,75NH00,"NIH National Heart, Lung, and Blood Institute",,,,,QN6MS4VN7BD1,,BRIGHAM & WOMENS HOSPITAL INC,BRIGHAM & WOMENS HOSPITAL INC,KH2QJR76KMZ6,,"PARTNERS HEALTHCARE SYSTEM, INC",USA,UNITED STATES,75 FRANCIS ST,,07000,BOSTON,25025,SUFFOLK,25,MA,MASSACHUSETTS,02115,6110,MA-07,MA-07,,,,SINGLE ZIP CODE,USA,UNITED STATES,MA07000,BOSTON,25025,SUFFOLK,25,MASSACHUSETTS,021156110,MA-07,MA-07,,93.837: CARDIOVASCULAR DISEASES RESEARCH,RFA-HL-26-002,"TO FOSTER HEART AND VASCULAR RESEARCH IN THE BASIC, TRANSLATIONAL, CLINICAL AND POPULATION SCIENCES, AND TO FOSTER TRAINING TO BUILD TALENTED YOUNG INVESTIGATORS IN THESE AREAS, FUNDED THROUGH COMPETITIVE RESEARCH TRAINING GRANTS.  SMALL BUSINESS INNOVATION RESEARCH (SBIR) PROGRAM: TO STIMULATE TECHNOLOGICAL INNOVATION, USE SMALL BUSINESS TO MEET FEDERAL RESEARCH AND DEVELOPMENT NEEDS, FOSTER AND ENCOURAGE PARTICIPATION IN INNOVATION AND ENTREPRENEURSHIP BY SOCIALLY AND ECONOMICALLY DISADVANTAGED PERSONS, AND INCREASE PRIVATE-SECTOR COMMERCIALIZATION OF INNOVATIONS DERIVED FROM FEDERAL RESEARCH AND DEVELOPMENT FUNDING. SMALL BUSINESS TECHNOLOGY TRANSFER (STTR) PROGRAM: TO STIMULATE TECHNOLOGICAL INNOVATION, FOSTER TECHNOLOGY TRANSFER THROUGH COOPERATIVE R&D BETWEEN SMALL BUSINESSES AND RESEARCH INSTITUTIONS, AND INCREASE PRIVATE SECTOR COMMERCIALIZATION OF INNOVATIONS DERIVED FROM FEDERAL R&D.",04,PROJECT GRANT (B),"NON-CODING RNAS AND CHRONIC LIMB THREATENING ISCHEMIA - PERIPHERAL ARTERY DISEASE (PAD), AFFECTING OVER 200 MILLION PEOPLE GLOBALLY, OFTEN ADVANCES TO CHRONIC LIMB- THREATENING ISCHEMIA (CLTI), CHARACTERIZED BY CHRONIC ISCHEMIC REST PAIN WITH HIGH RISK FOR AMPUTATION AND HEIGHTENED MORTALITY. CLTI IS THE LEADING CAUSE OF AMPUTATIONS IN ADULTS, BUT THERE ARE NO MEDICAL THERAPIES AVAILABLE THAT GENERATE A LONG-TERM CLINICAL BENEFIT. RECENT CLINICAL FINDINGS SUGGEST THAT IN CLTI, VASCULAR GROWTH FACTOR OVEREXPRESSION ACTING ON CELLS IN ISCHEMIC SKELETAL MUSCLE RESULT IN THE FORMATION OF ABNORMALLY ENLARGED CAPILLARIES WITH DECREASED BLOOD TRANSIT TIME AND CAPILLARY DETACHMENT FROM SKELETAL MUSCLE FIBERS. WE HYPOTHESIZE THAT FUTURE THERAPEUTICS IN CLTI MUST ADDRESS MICROVASCULAR ABNORMALITIES TO FORM STABLE, FUNCTIONAL CAPILLARIES TO IMPROVE PERFUSION TO THE ISCHEMIC LIMB. NON-CODING RNAS (BOTH MICRORNAS (MIRNAS) AND LONG NON-CODING RNAS (LNCRNAS)) ARE AN EMERGING CLASS OF REGULATORS OF EPIGENETIC MODIFIERS, RNA, OR PROTEIN-CODING GENES THAT HAS GARNERED ATTENTION FOR IMPACTING DIVERSE BIOLOGICAL PROCESSES RELEVANT TO ISCHEMIC INJURY AND FOR THEIR THERAPEUTIC POTENTIAL. HOWEVER, THE IDENTITY AND ROLES OF SPECIFIC NCRNAS INVOLVED IN CLTI ARE NOT WELL DEFINED. OUR PUBLISHED AND PRELIMINARY STUDIES REVEAL HOW NCRNAS CAN CONTROL STAGE-SPECIFIC ASPECTS OF ANGIOGENIC GROWTH, MIGRATION, SPROUTING, AND PERMEABILITY IN CLTI. FURTHERMORE, WE HAVE ELUCIDATED NCRNA FUNCTIONS IN VIVO AND TRANSLATED THESE FINDINGS INTO NOVEL THERAPEUTIC APPROACHES, INCLUDING THE DEMONSTRATION THAT LOCAL DELIVERY OF NCRNAS POTENTLY REGULATE THE ANGIOGENIC RESPONSE IN EXPERIMENTAL LIMB ISCHEMIA IN MICE WITHOUT TOXICITY. LOOKING FORWARD, WE HYPOTHESIZE THE EXISTENCE OF DRIVER NCRNAS AND THEIR TARGETS IN EARLY AND ADVANCED PHASES OF DISEASE AND SEEK TO UNCOVER THEIR EXPRESSION, FUNCTION, MECHANISM, AND INTERACTOMES. USING A ROBUST NCRNA PLATFORM ESTABLISHED IN THE LAB, WE WILL BRING TOGETHER CROSS-DISCIPLINARY EXPERTISE TO ADDRESS FOCUSED QUESTIONS THAT EXPLORE NEW MOLECULAR AND CELLULAR TARGETS AND ABNORMAL ENDOTHELIAL CELL (EC)-CELL INTERACTIONS THAT UNDERLIE DEFECTS IN MICROVASCULAR PERFUSION AND FUNCTION IN CLTI. FOR THIS PROGRAM, PROMISING NEW LEADS HAVE BEEN DISCOVERED RELATED TO TARGETS INVOLVED IN: (1) EC PERMEABILITY AND ANGIOGENESIS; AND (2) VASCULAR SMOOTH MUSCLE CELL-EC CROSSTALK AS CRITICAL DRIVERS IN THE MICROVASCULAR RESPONSE TO CLTI. SINGLE CELL AND SPATIAL TRANSCRIPTOMICS COMBINED WITH OTHER -OMICS-BASED TECHNOLOGIES IN SPECIMENS FROM PATIENTS WITH CLTI WILL ILLUMINATE DRIVER CELL TYPES AND TARGETS UNDERLYING IMPAIRED MICROVASCULAR PERFUSION. NOVEL BIOENGINEERED DELIVERY PLATFORMS (E.G. COLLOIDAL HYDROGELS INCORPORATING NCRNAS) WILL BE UTILIZED FOR SUSTAINED DELIVERY OF PROMISING TARGETS. THE OUTSTANDING QUALIFICATIONS OF OUR MULTI-DISCIPLINARY TEAM IN THE NCRNA FIELD, MOLECULAR IMAGING, VASCULAR BIOLOGY, NANOMEDICINE, BIOINFORMATICS, AND CLTI COUPLED WITH A STRONG TRAINING PROGRAM UNIQUELY POSITION US TO ESTABLISH AN UNPRECEDENTED MOLECULAR VIEW OF NCRNAS IN THE DEVELOPMENT OF CLTI THAT CAN INFORM NEW PARADIGMS OF NCRNA-BASED THERAPEUTICS FOR THIS AND OTHER ISCHEMIC DISEASE STATES.",NON,NOT RECOVERY ACT,M,NONPROFIT WITH 501C3 IRS STATUS (OTHER THAN AN INSTITUTION OF HIGHER EDUCATION),2,NON-AGGREGATE RECORD,,,,,,,,,,,https://www.usaspending.gov/award/ASST_NON_R35HL183402_075/,2026-03-05 22:04:43.296484+00
ASST_NON_UM1MH138931_075,UM1MH138931,UM1MH138931-589993757,SAI UNAVAILABLE,,,,,,2026-03-02,2026,2039804.00,,567650.00,0.00,2039804.00,0.00,0.00,2026-03-02,2026,2026-03-02,2030-12-31,075,Department of Health and Human Services,7529,National Institutes of Health,75N700,NIH National Institute of Mental Health,075,Department of Health and Human Services,7529,National Institutes of Health,75N700,NIH National Institute of Mental Health,,,,,NPSNT86JKN51,,OREGON HEALTH & SCIENCE UNIVERSITY,OREGON HEALTH & SCIENCE UNIVERSITY,,,OREGON HEALTH & SCIENCE UNIVERSITY,USA,UNITED STATES,3181 SW SAM JACKSON PARK RD,,59000,PORTLAND,41051,MULTNOMAH,41,OR,OREGON,97239,3011,OR-01,OR-01,,,,STATE-WIDE,USA,UNITED STATES,OR*****,,,,41,OREGON,,OR-90,,,93.242: MENTAL HEALTH RESEARCH GRANTS,RFA-MH-22-245,"THE MISSION OF THE NATIONAL INSTITUTE OF MENTAL HEALTH (NIMH) IS TO TRANSFORM THE UNDERSTANDING AND TREATMENT OF MENTAL ILLNESSES THROUGH BASIC AND CLINICAL RESEARCH, PAVING THE WAY FOR PREVENTION, RECOVERY, AND CURE. IN MAY 2020, NIMH RELEASED ITS NEW STRATEGIC PLAN FOR RESEARCH.  THE NEW STRATEGIC PLAN BUILDS ON THE SUCCESSES OF PREVIOUS NIMH STRATEGIC PLANS BY PROVIDING A FRAMEWORK FOR SCIENTIFIC RESEARCH AND EXPLORATION, AND ADDRESSING NEW CHALLENGES IN MENTAL HEALTH. THE NEW STRATEGIC PLAN OUTLINES FOUR HIGH-LEVEL GOALS:  GOAL 1: DEFINE THE BRAIN MECHANISMS UNDERLYING COMPLEX BEHAVIORS  GOAL 2: EXAMINE MENTAL ILLNESS TRAJECTORIES ACROSS THE LIFESPAN  GOAL 3: STRIVE FOR PREVENTION AND CURES  GOAL 4: STRENGTHEN THE PUBLIC HEALTH IMPACT OF NIMH-SUPPORTED RESEARCH THESE FOUR GOALS FORM A BROAD ROADMAP FOR THE INSTITUTE'S RESEARCH PRIORITIES OVER THE NEXT FIVE YEARS, BEGINNING WITH THE FUNDAMENTAL SCIENCE OF THE BRAIN AND BEHAVIOR, AND EXTENDING THROUGH EVIDENCE-BASED SERVICES THAT IMPROVE PUBLIC HEALTH OUTCOMES. THE INSTITUTE'S OVERALL FUNDING STRATEGY IS TO SUPPORT A BROAD SPECTRUM OF INVESTIGATOR-INITIATED RESEARCH IN FUNDAMENTAL SCIENCE, WITH INCREASING USE OF INSTITUTE-SOLICITED INITIATIVES FOR APPLIED RESEARCH WHERE PUBLIC HEALTH IMPACT IS A SHORT-TERM MEASURE OF SUCCESS. THE NEW STRATEGIC PLAN ALSO ADDRESSES A NUMBER OF CROSS-CUTTING THEMES THAT ARE RELEVANT TO ALL RESEARCH SUPPORTED BY NIMH, THESE THEMES HIGHLIGHT AREAS WHERE NIMH-FUNDED SCIENCE MAY HAVE THE GREATEST IMPACT, BRIDGE GAPS, AND OFFER NOVEL APPROACHES TO ACCELERATE ADVANCES IN MENTAL HEALTH RESEARCH. FOR EXAMPLE, NIMH VALUES A COMPREHENSIVE RESEARCH AGENDA THAT TAKES AN INCLUSIVE APPROACH THAT ENSURES RESEARCH INTERESTS ARE VARIED, MAINTAIN DIVERSE PARTICIPATION AND PARTNERSHIPS, AND ACHIEVE RESEARCH GOALS ACROSS MULTIPLE TIMEFRAMES. THIS INCLUDES DIVERSE METHODOLOGIES, TOOLS, AND MODELS, RESEARCH ADDRESSING COMPLEX BASIC, TRANSLATIONAL, AND APPLIED QUESTIONS, RESEARCH INCLUDING BOTH SEXES AND, AS APPROPRIATE, GENETIC BACKGROUND, AND, PARTICIPANTS FROM DIVERSE RACIAL AND ETHNIC BACKGROUNDS, AND ACROSS GENDER IDENTITIES, GEOGRAPHICAL CONTEXT, SOCIOECONOMIC STATUS, NEUROTYPE, AND AGE  OFFERING THE BEST POSSIBLE REPRESENTATION, FOR THE BROADEST NUMBER OF INDIVIDUALS WHO MAY ULTIMATELY BENEFIT FROM THESE SCIENTIFIC ADVANCES. TO ACCOMPLISH THE GOALS OUTLINED IN THE NEW STRATEGIC PLAN, NIMH WILL SUPPORT RESEARCH THAT AIMS: TO CHARACTERIZE THE GENOMIC, MOLECULAR, CELLULAR, AND CIRCUIT COMPONENTS CONTRIBUTING TO BRAIN ORGANIZATION AND FUNCTION, TO IDENTIFY THE DEVELOPMENTAL, FUNCTIONAL, AND REGULATORY MECHANISMS RELEVANT TO COGNITIVE, AFFECTIVE, AND SOCIAL DOMAINS, ACROSS UNITS OF ANALYSIS, AND, TO GENERATE AND VALIDATE NOVEL TOOLS, TECHNIQUES, AND MEASURES TO QUANTIFY CHANGES IN THE ACTIVITY OF MOLECULES, CELLS, CIRCUITS, AND CONNECTOMES. TO DISCOVER GENE VARIANTS AND OTHER GENOMIC ELEMENTS THAT CONTRIBUTE TO THE DEVELOPMENT OF MENTAL ILLNESSES IN DIVERSE POPULATIONS, TO ADVANCE OUR UNDERSTANDING OF THE COMPLEX ETIOLOGY OF MENTAL ILLNESSES USING MOLECULAR EPIDEMIOLOGIC APPROACHES THAT INCORPORATE INDIVIDUAL GENETIC INFORMATION IN LARGE COHORTS, TO ELUCIDATE HOW HUMAN GENETIC VARIATION AFFECTS THE COORDINATION OF MOLECULAR, CELLULAR, AND PHYSIOLOGICAL NETWORKS SUPPORTING HIGHER-ORDER FUNCTIONS AND EMERGENT PROPERTIES OF NEUROBIOLOGICAL SYSTEMS, AND, TO DEVELOP NOVEL TOOLS AND TECHNIQUES FOR THE ANALYSIS OF LARGE-SCALE GENETIC, MULTI-OMIC DATA AS IT APPLIES TO MENTAL HEALTH. TO UTILIZE CONNECTOMIC APPROACHES TO IDENTIFY BRAIN NETWORKS AND CIRCUIT COMPONENTS THAT CONTRIBUTE TO VARIOUS ASPECTS OF MENTAL FUNCTION AND DYSFUNCTION, TO DETERMINE THROUGH BRAIN-WIDE ANALYSIS HOW CHANGES IN THE PHYSIOLOGICAL PROPERTIES OF MOLECULES, CELLS, AND CIRCUITS CONTRIBUTE TO MENTAL ILLNESSES, TO DEVELOP MOLECULAR, CELLULAR, AND CIRCUIT-LEVEL BIOMARKERS OF IMPAIRED NEURAL FUNCTION IN HUMANS, AND, TO DEVELOP INNOVATIVE TECHNOLOGIES,  INCLUDING NEW IMAGING, COMPUTATIONAL, PHARMACOLOGICAL, AND GENETIC TOOLS  TO INTERROGATE AND MODULATE CIRCUIT ACTIVITY AND STRUCTURE ALTERED IN MENTAL ILLNESSES. TO ELUCIDATE THE MECHANISMS CONTRIBUTING TO THE TRAJECTORIES OF BRAIN DEVELOPMENT AND BEHAVIOR, AND, TO CHARACTERIZE THE EMERGENCE AND PROGRESSION OF MENTAL ILLNESSES, AND IDENTIFYING SENSITIVE PERIODS FOR OPTIMAL INTERVENTION. TO DETERMINE EARLY RISK AND PROTECTIVE FACTORS, AND RELATED MECHANISMS, TO SERVE AS NOVEL INTERVENTION GROUPS, AND, TO DEVELOP RELIABLE AND ROBUST BIOMARKERS AND ASSESSMENT TOOLS TO PREDICT ILLNESS ONSET, COURSE, AND ACROSS DIVERSE POPULATIONS. TO DEVELOP NOVEL INTERVENTIONS USING A MECHANISM-INFORMED, EXPERIMENTAL THERAPEUTICS APPROACH, AND, TO DEVELOP AND IMPLEMENT MEASUREMENT STRATEGIES TO FACILITATE MECHANISM-BASED INTERVENTION DEVELOPMENT AND TESTING. TO INVESTIGATE PERSONALIZED INTERVENTION STRATEGIES ACROSS DISEASE PROGRESSION AND DEVELOPMENT, AND, TO DEVELOP AND REFINE COMPUTATIONAL APPROACHES AND RESEARCH DESIGNS THAT CAN BE USED TO INFORM AND TEST PERSONALIZED INTERVENTIONS. TO DEVELOP AND TEST APPROACHES FOR ADAPTING, COMBINING, AND SEQUENCING INTERVENTIONS TO ACHIEVE THE GREATEST IMPACT ON THE LIVES AND FUNCTIONING OF PERSONS SEEKING CARE, TO CONDUCT EFFICIENT PRAGMATIC TRIALS THAT EMPLOY NEW TOOLS TO RAPIDLY IDENTIFY, ENGAGE, ASSESS, AND FOLLOW PARTICIPANTS IN THE CONTEXT OF ROUTINE CARE, AND, TO ENHANCE THE PRACTICAL RELEVANCE OF EFFECTIVENESS RESEARCH VIA DEPLOYMENT-FOCUSED, HYBRID, EFFECTIVENESS-IMPLEMENTATION STUDIES. TO EMPLOY ASSESSMENT PLATFORMS WITHIN HEALTHCARE SYSTEMS TO ACCURATELY ASSESS THE DISTRIBUTION AND DETERMINANTS OF MENTAL ILLNESSES AND TO INFORM STRATEGIES FOR IMPROVED SERVICES, TO OPTIMIZE REAL-WORLD DATA COLLECTION SYSTEMS TO IDENTIFY STRATEGIES FOR IMPROVING ACCESS, QUALITY, EFFECTIVENESS, AND CONTINUITY OF MENTAL HEALTH SERVICES, AND, TO COMPARE ALTERNATIVE FINANCING MODELS TO PROMOTE EFFECTIVE AND EFFICIENT CARE FOR INDIVIDUALS WITH SERIOUS EMOTIONAL DISTURBANCES AND SERIOUS MENTAL ILLNESSES. TO STRENGTHEN PARTNERSHIPS WITH KEY STAKEHOLDERS TO DEVELOP AND VALIDATE STRATEGIES FOR IMPLEMENTING, SUSTAINING, AND CONTINUOUSLY IMPROVE EVIDENCE-BASED PRACTICES, TO BUILD MODELS TO SCALE-UP EVIDENCE-BASED PRACTICES FOR USE IN PUBLIC AND PRIVATE PRIMARY CARE, SPECIALTY CARE AND OTHER SETTINGS, AND, TO DEVELOP DECISION-SUPPORT TOOLS AND TECHNOLOGIES THAT INCREASE THE EFFECTIVENESS AND CONTINUOUS IMPROVEMENT OF MENTAL HEALTH INTERVENTIONS IN PUBLIC AND PRIVATE PRIMARY CARE, SPECIALTY CARE, AND OTHER SETTINGS. TO ADAPT, VALIDATE, AND SCALE-UP PROGRAMS CURRENTLY IN USE THAT IMPROVE MENTAL HEALTH SERVICES FOR UNDERSERVED POPULATIONS, TO DEVELOP AND VALIDATE SERVICE DELIVERY MODELS THAT PROVIDE EVIDENCE-BASED CARE FOR INDIVIDUALS THROUGHOUT THE COURSE OF MENTAL ILLNESS, TO DEVELOP AND VALIDATE SYSTEMS-LEVEL STRATEGIES USING TECHNOLOGY AND OTHER APPROACHES, TO IDENTIFY, SUPPORT, AND MONITOR THE EFFECTIVENESS OF EVIDENCE-BASED CARE THROUGHOUT THE COURSE OF ILLNESS, AND, TO DEVELOP AND VALIDATE DECISION-MAKING MODELS THAT BRIDGE MENTAL HEALTH, MEDICAL, AND OTHER CARE SETTINGS TO INTEGRATE THE APPROPRIATE CARE FOR PEOPLE WITH SERIOUS MENTAL ILLNESSES AND COMORBID MEDICAL CONDITIONS.",05,COOPERATIVE AGREEMENT (B),"OPTIMIZING CAMP AND PKA SENSORS FOR CELL-SPECIFIC DISSECTION OF NEURONAL CIRCUIT IN VIVO - PROJECT SUMMARY NEUROMODULATION IMPOSES POWERFUL CONTROL OVER BRAIN FUNCTION BY DYNAMICALLY ADJUSTING THE GAIN AND PLASTICITY OF BRAIN CIRCUITS. DEFECTS IN NEUROMODULATION ARE ASSOCIATED WITH MANY NEURODEGENERATIVE AND NEUROPSYCHIATRIC DISEASES. IT IS INCREASINGLY APPRECIATED THAT AN IN-DEPTH UNDERSTANDING OF NEUROMODULATION WOULD INVOLVE VISUALIZING THESE EVENTS DURING ANIMAL BEHAVIOR. CURRENTLY, IN VIVO INTERROGATION OF EXTRACELLULAR NEUROMODULATOR RELEASES HAS BECOME POSSIBLE THANKS TO THE DEVELOPMENT OF NEUROMODULATOR SENSORS. HOWEVER, NEUROMODULATORS EXERT THEIR FUNCTIONS BY REGULATING INTRACELLULAR SIGNALING EVENTS, SUCH AS THOSE MEDIATED BY CAMP AND PROTEIN KINASE A (PKA), IN A CELL-SPECIFIC MANNER: THE SAME NEUROMODULATOR MAY TRIGGER DISTINCT SIGNALING EVENTS VIA DIFFERENT RECEPTORS IN DIFFERENT CELL TYPES. CELL-SPECIFIC MONITORING OF NEUROMODULATORY SIGNALING IS NEEDED. TO DATE, CAMP AND PKA SENSORS HAVE BEEN DEVELOPED AND STARTED TO ALLOW INITIAL IN VIVO IMAGING APPLICATIONS. HOWEVER, THE SIGNAL REMAINS LOW, HAMPERING THE SIMULTANEOUS MEASUREMENTS OF A LARGE NUMBER OF CELLS OR THE VISUALIZATION EVENTS CONFINED IN SUBCELLULAR COMPARTMENTS. HERE, WE PROPOSE TO OPTIMIZE A FRET-BASED MULTI-FLUOROPHORE SENSOR FOR PKA ACTIVITY AND A SINGLE-FLUOROPHORE SENSOR FOR CAMP THAT PROVIDE COMPLEMENTARY INFORMATION. WE WILL PRIORITIZE DEVELOPING SENSORS COMPATIBLE WITH FLUORESCENCE LIFETIME IMAGING, WHICH IS INCREASINGLY RECOGNIZED TO PROVIDE UNPARALLELED ADVANTAGES FOR IMAGING SIGNALING EVENTS IN VIVO. WE WILL EMPLOY STRUCTURE-GUIDED MOLECULAR DYNAMIC ANALYSES TO IDENTIFY CRITICAL POSITIONS WITHIN EACH SENSOR AND USE A MODERN HIGH-THROUGHPUT PLATFORM TO SCREEN FOR EFFECTIVE VARIANTS. WE WILL BENCHMARK THE NEW VARIANTS AGAINST PREVIOUS SENSORS. LEADING CANDIDATES WILL BE SYSTEMATICALLY CHARACTERIZED, BENCHMARKED AGAINST CURRENT BEST SENSORS, AND VALIDATED IN VITRO AND IN VIVO. THIS PROPOSAL HARNESSES THE COMPLEMENTARY EXPERTISE FROM INDIVIDUAL TEAM MEMBERS, INCLUDING EXPERIMENTAL STRUCTURAL BIOLOGY, MOLECULAR DYNAMICS, SENSOR DEVELOPMENT AND CHARACTERIZATION, AND IN VIVO TWO-PHOTON LIFETIME IMAGING. SUCCESSFUL TOOLS WILL BE USED TO GENERATE ADENO-ASSOCIATED VIRUSES (AAVS) AND OTHER CELL TYPE-SPECIFIC EXPRESSION VEHICLES FOR EASY USE AND DISSEMINATION TO THE BROADER RESEARCH COMMUNITY. IF SUCCESSFUL, OUR PROPOSED STUDY WILL PROPEL THE ABILITY TO VISUALIZE CAMP/PKA SIGNALING ACTIVITIES IN VIVO WITH PREVIOUSLY UNATTAINED SPATIAL AND TEMPORAL RESOLUTION FOR MECHANISTIC STUDIES OF BRAIN FUNCTION AND DYSFUNCTION. THIS ABILITY TO MONITOR NEUROMODULATORY SIGNALING WILL COMPLEMENT THE MEASUREMENTS OF EXTRACELLULAR NEUROMODULATORS AND NEURONAL ELECTRIC ACTIVITIES TO ENHANCE OUR UNDERSTANDING OF BRAIN FUNCTION UNDERLYING ANIMAL BEHAVIOR.",NON,NOT RECOVERY ACT,H,PUBLIC/STATE CONTROLLED INSTITUTION OF HIGHER EDUCATION,2,NON-AGGREGATE RECORD,,,,,,,,,,,https://www.usaspending.gov/award/ASST_NON_UM1MH138931_075/,2026-03-05 22:04:43.296484+00
ASST_NON_12CCCEAUCEU5094211_012,12CCCEAUCEU5094211,,SAI EXEMPT,,,,,,2026-03-05,2026,12777.04,,0.00,,12777.04,0.00,0.00,2026-03-05,2026,,,012,Department of Agriculture,12D2,Farm Service Agency,12346T,Deputy Administrator Farm Programs,012,Department of Agriculture,12D2,Farm Service Agency,12346T,Deputy Administrator Farm Programs,,,,,NDD9TKKJRD15,,GREENWOOD MILLS INC,GREENWOOD MILLS INC,,,,USA,UNITED STATES,1800 CALHOUN RD,,30895,GREENWOOD,45047,GREENWOOD,45,SC,SOUTH CAROLINA,29649,9102,SC-03,SC-03,,,,SINGLE ZIP CODE,USA,UNITED STATES,SC30895,GREENWOOD,45047,GREENWOOD,45,SOUTH CAROLINA,29649-9102,SC-03,SC-03,,10.051: COMMODITY LOANS AND LOAN DEFICIENCY PAYMENTS,,,06,"DIRECT PAYMENT FOR SPECIFIED USE, AS A SUBSIDY OR OTHER NON-REIMBURSABLE DIRECT FINANCIAL AID (C)",ECONOMIC ADJUSTMENT ASSISTANCE TO USERS OF UPLAND COTTON,NON,NOT RECOVERY ACT,X,OTHER,2,NON-AGGREGATE RECORD,,,,,,,,,,,https://www.usaspending.gov/award/ASST_NON_12CCCEAUCEU5094211_012/,2026-03-06 19:20:01.101823+00
ASST_NON_12CCCEAUCEU5172210_012,12CCCEAUCEU5172210,,SAI EXEMPT,,,,,,2026-03-05,2026,185.02,,,,185.02,0.00,0.00,2026-03-05,2026,,,012,Department of Agriculture,12D2,Farm Service Agency,12346T,Deputy Administrator Farm Programs,012,Department of Agriculture,12D2,Farm Service Agency,12346T,Deputy Administrator Farm Programs,,,,,XCZ3VL46MUE4,,TINTORIA PIANA U.S INC,TINTORIA PIANA US INC,XCZ3VL46MUE4,,TINTORIA PIANA U.S INC,USA,UNITED STATES,220 S ERWIN STREET,,13688,CARTERSVILLE,13015,BARTOW,13,GA,GEORGIA,30120,3514,GA-11,GA-11,,,,SINGLE ZIP CODE,USA,UNITED STATES,GA13688,CARTERSVILLE,13015,BARTOW,13,GEORGIA,30120-3514,GA-11,GA-11,,10.051: COMMODITY LOANS AND LOAN DEFICIENCY PAYMENTS,,,06,"DIRECT PAYMENT FOR SPECIFIED USE, AS A SUBSIDY OR OTHER NON-REIMBURSABLE DIRECT FINANCIAL AID (C)",ECONOMIC ADJUSTMENT ASSISTANCE TO USERS OF UPLAND COTTON,NON,NOT RECOVERY ACT,X,OTHER,2,NON-AGGREGATE RECORD,,,,,,,,,,,https://www.usaspending.gov/award/ASST_NON_12CCCEAUCEU5172210_012/,2026-03-06 19:20:01.101823+00
ASST_NON_12CCCEAUCEU5273211_012,12CCCEAUCEU5273211,,SAI EXEMPT,,,,,,2026-03-05,2026,59950.14,,,,59950.14,0.00,0.00,2026-03-05,2026,,,012,Department of Agriculture,12D2,Farm Service Agency,12346T,Deputy Administrator Farm Programs,012,Department of Agriculture,12D2,Farm Service Agency,12346T,Deputy Administrator Farm Programs,,,,,QGXXV6FJJK74,,"FIBER BRITE, LTD.",FIBER BRITE LTD,,,,USA,UNITED STATES,PO BOX 70,,79612,WILSON,48305,LYNN,48,TX,TEXAS,79381,0070,TX-19,TX-19,,,,SINGLE ZIP CODE,USA,UNITED STATES,TX79612,WILSON,48305,LYNN,48,TEXAS,79381-0070,TX-19,TX-19,,10.051: COMMODITY LOANS AND LOAN DEFICIENCY PAYMENTS,,,06,"DIRECT PAYMENT FOR SPECIFIED USE, AS A SUBSIDY OR OTHER NON-REIMBURSABLE DIRECT FINANCIAL AID (C)",ECONOMIC ADJUSTMENT ASSISTANCE TO USERS OF UPLAND COTTON,NON,NOT RECOVERY ACT,X,OTHER,2,NON-AGGREGATE RECORD,,,,,,,,,,,https://www.usaspending.gov/award/ASST_NON_12CCCEAUCEU5273211_012/,2026-03-06 19:20:01.101823+00
ASST_NON_12CCCEAUCEU5505211_012,12CCCEAUCEU5505211,,SAI EXEMPT,,,,,,2026-03-05,2026,22420.96,,,,22420.96,0.00,0.00,2026-03-05,2026,,,012,Department of Agriculture,12D2,Farm Service Agency,12346T,Deputy Administrator Farm Programs,012,Department of Agriculture,12D2,Farm Service Agency,12346T,Deputy Administrator Farm Programs,,,,,VAE3JLHZLEJ3,,MOUNT VERNON MILLS INC,MOUNT VERNON MILLS INC,,,P&A INDUSTRIAL FABRICATIONS LLC,USA,UNITED STATES,PO BOX 100,,45115,MAULDIN,45045,GREENVILLE,45,SC,SOUTH CAROLINA,29662,0100,SC-04,SC-04,,,,SINGLE ZIP CODE,USA,UNITED STATES,SC45115,MAULDIN,45045,GREENVILLE,45,SOUTH CAROLINA,29662-0100,SC-04,SC-04,,10.051: COMMODITY LOANS AND LOAN DEFICIENCY PAYMENTS,,,06,"DIRECT PAYMENT FOR SPECIFIED USE, AS A SUBSIDY OR OTHER NON-REIMBURSABLE DIRECT FINANCIAL AID (C)",ECONOMIC ADJUSTMENT ASSISTANCE TO USERS OF UPLAND COTTON,NON,NOT RECOVERY ACT,X,OTHER,2,NON-AGGREGATE RECORD,,,,,,,,,,,https://www.usaspending.gov/award/ASST_NON_12CCCEAUCEU5505211_012/,2026-03-06 19:20:01.101823+00
ASST_NON_26VITA0092_020,26VITA0092,,SAI EXEMPT,,,,,,2026-03-05,2026,166000.00,,24900.00,,166000.00,0.00,0.00,2026-03-05,2026,2025-10-01,2026-09-30,020,Department of the Treasury,2050,Internal Revenue Service,2031HS,WAGE AND INVESTMENT,020,Department of the Treasury,2050,Internal Revenue Service,2031HS,WAGE AND INVESTMENT,,,,,MW63MCKKZK45,,"BRANCHES, INC.","BRANCHES, INC.",,,,USA,UNITED STATES,11500 NW 12TH AVE,,45000,MIAMI,12086,MIAMI-DADE,12,FL,FLORIDA,33168,6217,FL-24,FL-24,,,,STATE-WIDE,USA,UNITED STATES,FL*****,,,,12,FLORIDA,,FL-90,,,21.009: VOLUNTEER INCOME TAX ASSISTANCE (VITA) MATCHING GRANT PROGRAM,VITA-2026-001,THE VITA GRANT REQUIRES GRANT RECIPIENTS TO SERVE LOW-TO-MODERATE-INCOME TAXPAYERS IN UNDERSERVED POPULATIONS AT NO CHARGE FOR THE TAXPAYER.  ORGANIZATIONS WILL RECRUIT AND TRAIN VOLUNTEERS TO HELP OPERATE THEIR PROGRAM AND PREPARE FEDERAL TAX RETURNS FOR TAXPAYERS.,04,PROJECT GRANT (B),"PURPOSE:  THE VOLUNTEER INCOME TAX ASSISTANCE (VITA) GRANT WAS ESTABLISHED AS A MATCHING GRANT PROGRAM TO PROVIDE FUNDING FOR ORGANIZATIONS WHO SUPPORT COMMUNITY VOLUNTEER INCOME TAX ASSISTANCE.
ACTIVITIES TO BE PERFORMED:  THE VITA GRANT PROGRAM PROVIDES FINANCIAL SUPPORT TO ORGANIZATIONS WHO 1) EXTEND SERVICES TO UNDERSERVED POPULATIONS IN HARDEST TO REACH AREAS BOTH URBAN AND NON-URBAN; 2) INCREASE THE CAPACITY TO FILE RETURNS ELECTRONICALLY; 3) HEIGHTEN QUALITY CONTROL; 4) ENHANCE TRAINING OF VOLUNTEERS; AND 5) SIGNIFICANTLY IMPROVE THE ACCURACY RATE OF RETURNS PREPARED AT VITA SITES.
END GOAL/EXPECTED OUTCOMES: VITA GRANT RECIPIENTS ARE EXPECTED TO 1) FOLLOW EXISTING GUIDANCE GOVERNING VITA SITE OPERATIONS; 2) ENSURE AT LEAST 90% OF RETURNS PREPARED ARE FOR INDIVIDUALS WHOSE INCOME IS EQUAL TO OR LESS THAN THE MAXIMUM EARNED INCOME TAX CREDIT (EITC) THRESHOLDS; 2) FILE ALL ELIGIBLE RETURNS ELECTRONICALLY; 3) ACHIEVE 100% OF THEIR RETURN PRODUCTION GOALS; 4) BECOME MORE EFFICIENT WITH GRANT FUNDS; AND 5) SHOW INCREMENTAL INCREASES IN RETURN PREPARATION EACH YEAR.
INTENDED BENEFICIARIES:  TAXPAYERS WHO ARE LOW TO MODERATE INCOME INDIVIDUALS, PERSONS WITH DISABILITIES, THOSE FOR WHOM ENGLISH IS A SECOND LANGUAGE, NATIVE AMERICANS, INDIVIDUALS LIVING IN RURAL AREAS, MEMBERS OF THE ARMED FORCES AND THEIR FAMILIES, AND THE ELDERLY. 
SUBRECIPIENT ACTIVITIES: SUBRECIPIENTS MAY BE UTILIZED BY GRANT RECIPIENTS TO HELP DELIVER KEY ELEMENTS OF THE PROGRAM AND MUST ADHERE TO GRANT PROGRAM GUIDELINES.  BROADBAND: SPECIFIC ACTIVITIES RELATING TO BROADBAND USAGE ARE NOT KNOWN AT THE TIME OF AWARD.",NON,NOT RECOVERY ACT,M,NONPROFIT WITH 501C3 IRS STATUS (OTHER THAN AN INSTITUTION OF HIGHER EDUCATION),2,NON-AGGREGATE RECORD,,,,,,,,,,,https://www.usaspending.gov/award/ASST_NON_26VITA0092_020/,2026-03-09 12:50:00.524153+00
ASST_NON_26VITA0121_020,26VITA0121,,SAI EXEMPT,,,,,,2026-03-06,2026,172000.00,,17200.00,,172000.00,0.00,0.00,2026-03-06,2026,2025-10-01,2026-09-30,020,Department of the Treasury,2050,Internal Revenue Service,2031HS,WAGE AND INVESTMENT,020,Department of the Treasury,2050,Internal Revenue Service,2031HS,WAGE AND INVESTMENT,,,,,LNTCK2QJAA64,,UNIVERSITY OF MAINE SYSTEM,UNIVERSITY OF MAINE SYSTEM,JHKKHVC7EPL3,,UNIVERSITY OF MAINE SYSTEM,USA,UNITED STATES,46 UNIVERSITY DR,,02100,AUGUSTA,23011,KENNEBEC,23,ME,MAINE,04330,9488,ME-02,ME-02,,,,STATE-WIDE,USA,UNITED STATES,ME*****,,,,23,MAINE,,ME-90,,,21.009: VOLUNTEER INCOME TAX ASSISTANCE (VITA) MATCHING GRANT PROGRAM,VITA-2026-001,THE VITA GRANT REQUIRES GRANT RECIPIENTS TO SERVE LOW-TO-MODERATE-INCOME TAXPAYERS IN UNDERSERVED POPULATIONS AT NO CHARGE FOR THE TAXPAYER.  ORGANIZATIONS WILL RECRUIT AND TRAIN VOLUNTEERS TO HELP OPERATE THEIR PROGRAM AND PREPARE FEDERAL TAX RETURNS FOR TAXPAYERS.,04,PROJECT GRANT (B),"PURPOSE:  THE VOLUNTEER INCOME TAX ASSISTANCE (VITA) GRANT WAS ESTABLISHED AS A MATCHING GRANT PROGRAM TO PROVIDE FUNDING FOR ORGANIZATIONS WHO SUPPORT COMMUNITY VOLUNTEER INCOME TAX ASSISTANCE.
ACTIVITIES TO BE PERFORMED:  THE VITA GRANT PROGRAM PROVIDES FINANCIAL SUPPORT TO ORGANIZATIONS WHO 1) EXTEND SERVICES TO UNDERSERVED POPULATIONS IN HARDEST TO REACH AREAS BOTH URBAN AND NON-URBAN; 2) INCREASE THE CAPACITY TO FILE RETURNS ELECTRONICALLY; 3) HEIGHTEN QUALITY CONTROL; 4) ENHANCE TRAINING OF VOLUNTEERS; AND 5) SIGNIFICANTLY IMPROVE THE ACCURACY RATE OF RETURNS PREPARED AT VITA SITES.
END GOAL/EXPECTED OUTCOMES: VITA GRANT RECIPIENTS ARE EXPECTED TO 1) FOLLOW EXISTING GUIDANCE GOVERNING VITA SITE OPERATIONS; 2) ENSURE AT LEAST 90% OF RETURNS PREPARED ARE FOR INDIVIDUALS WHOSE INCOME IS EQUAL TO OR LESS THAN THE MAXIMUM EARNED INCOME TAX CREDIT (EITC) THRESHOLDS; 2) FILE ALL ELIGIBLE RETURNS ELECTRONICALLY; 3) ACHIEVE 100% OF THEIR RETURN PRODUCTION GOALS; 4) BECOME MORE EFFICIENT WITH GRANT FUNDS; AND 5) SHOW INCREMENTAL INCREASES IN RETURN PREPARATION EACH YEAR.
INTENDED BENEFICIARIES:  TAXPAYERS WHO ARE LOW TO MODERATE INCOME INDIVIDUALS, PERSONS WITH DISABILITIES, THOSE FOR WHOM ENGLISH IS A SECOND LANGUAGE, NATIVE AMERICANS, INDIVIDUALS LIVING IN RURAL AREAS, MEMBERS OF THE ARMED FORCES AND THEIR FAMILIES, AND THE ELDERLY. 
SUBRECIPIENT ACTIVITIES: SUBRECIPIENTS MAY BE UTILIZED BY GRANT RECIPIENTS TO HELP DELIVER KEY ELEMENTS OF THE PROGRAM AND MUST ADHERE TO GRANT PROGRAM GUIDELINES.  BROADBAND: SPECIFIC ACTIVITIES RELATING TO BROADBAND USAGE ARE NOT KNOWN AT THE TIME OF AWARD.",NON,NOT RECOVERY ACT,H,PUBLIC/STATE CONTROLLED INSTITUTION OF HIGHER EDUCATION,2,NON-AGGREGATE RECORD,,,,,,,,,,,https://www.usaspending.gov/award/ASST_NON_26VITA0121_020/,2026-03-09 12:50:00.524153+00
ASST_NON_MO-05-0028_069,MO-05-0028,MO-05-0028-06-20.500,SAI EXEMPT,Q: Not Designated Nonemergency/Emergency/Disaster/Wildfire Suppression,,,,,2026-03-03,2026,0.00,3608509.00,0.00,0.00,0.00,0.00,0.00,2026-03-03,2026,2006-05-09,2028-12-30,069,Department of Transportation,6955,Federal Transit Administration,696482,REGION 7 DOT FTA,069,Department of Transportation,6955,Federal Transit Administration,693JJ8,OFFICE OF BUDGET AND POLICY(TBP),069-X-8350-000,069-8350,"41.0: Grants, subsidies, and contributions",0001: URBANIZED AREA PROGRAMS;0002: FIXED GUIDEWAY MODERNIZATION,X6YSAYJY22Q4,,THE BI STATE DEVELOPMENT AGENCY OF THE MO IL METRO DIST,BI-STATE DEVELOPMENT AGENCY,,,,USA,UNITED STATES,211 N BROADWAY STE 700,N/A,65000,SAINT LOUIS,29510,ST. LOUIS (CITY),29,MO,MISSOURI,63102,2759,MO-01,MO-01,,,,STATE-WIDE,USA,UNITED STATES,MO*****,,,,29,MISSOURI,,MO-90,,,20.500: FEDERAL TRANSIT CAPITAL INVESTMENT GRANTS,NOT APPLICABLE,NOT APPLICABLE,03,FORMULA GRANT (A),APPLICATION PURPOSE: THE PURPOSE OF THIS BUDGET REVISION IS TO EXTEND THE PERIOD OF PERFORMANCE END DATE 12/31/2024 TO 12/31/2028 TO ALLOW THE CONTINUED PROGRESS OF PROJECTS PROGRAMMED IN THIS AWARD AND CONTINUED LIQUIDATION OF REMAINING FUNDS.; ACTIVITIES PERFORMED: REHABILITATIVE ACTIVITIES MAY INCLUDE BRIDGE STRUCTURAL REPAIRS TRACTION POWER SUBSTATION EQUIPMENT ELECTRIC SWITCH MACHINE REHABS LRV UPGRADES FEEDER WIRE REHAB RETAINING WALL REHAB UPGRADES TO RADIO CAD/AVL SYSTEM AND RELATED PROJECT ADMIN EXPENDITURES. PROJECTS PROGRAMMED IN THIS APPLICATION ALSO INCLUDE PREVENTIVE MAINTENANCE ACTIVITIES TO ENSURE THE SAFETY AND RELIABILITY OF THE METROLINK SYSTEM.; EXPECTED OUTCOMES: REHABILITATIVE AND PREVENTIVE MAINTENANCE ACTIVITIES EXTEND THE USEFUL LIVES OF METRO RAIL EQUIPMENT AND RELATED ASSETS.; INTENDED BENEFICIARIES: ACTIVITIES PROGRAMMED IN THIS APPLICATION WILL BENEFIT THE TRANSIT RIDING COMMUNITY AND THE OPERATORS AND TRANSIT STAFF.; SUBRECIPIENT ACTIVITIES: THERE ARE NO SUBRECIPIENT ACTIVITIES PROGRAMMED IN THIS AWARD.,NON,NOT RECOVERY ACT,C,CITY OR TOWNSHIP GOVERNMENT,2,NON-AGGREGATE RECORD,,,,,,,,,,,https://www.usaspending.gov/award/ASST_NON_MO-05-0028_069/,2026-03-09 19:36:34.095465+00
ASST_NON_MO-90-X296_069,MO-90-X296,MO-90-X296-03-20.507,SAI EXEMPT,Q: Not Designated Nonemergency/Emergency/Disaster/Wildfire Suppression,,,,,2026-03-03,2026,0.00,16781116.00,0.00,0.00,0.00,0.00,0.00,2026-03-03,2026,2013-09-03,2028-12-30,069,Department of Transportation,6955,Federal Transit Administration,696482,REGION 7 DOT FTA,069,Department of Transportation,6955,Federal Transit Administration,693JJ8,OFFICE OF BUDGET AND POLICY(TBP),069-X-8350-000,069-8350,"41.0: Grants, subsidies, and contributions",0001: URBANIZED AREA PROGRAMS,X6YSAYJY22Q4,,THE BI STATE DEVELOPMENT AGENCY OF THE MO IL METRO DIST,BI-STATE DEVELOPMENT AGENCY,,,,USA,UNITED STATES,211 N BROADWAY STE 700,N/A,65000,SAINT LOUIS,29510,ST. LOUIS (CITY),29,MO,MISSOURI,63102,2759,MO-01,MO-01,,,,STATE-WIDE,USA,UNITED STATES,MO*****,,,,29,MISSOURI,,MO-90,,,20.507: FEDERAL TRANSIT FORMULA GRANTS,NOT APPLICABLE,NOT APPLICABLE,03,FORMULA GRANT (A),APPLICATION PURPOSE: BUDGET REVISION# 01 (02-04-2026) IN THIS BUDGET REVISION BI-STATE DEVELOPMENT IS REQUESTING TO EXTEND THE PERFORMANCE PERIOD END DATE FROM 12/31/2024 TO 12/30/2028 TO ALLOW THE CONTINUED PROGRESS OF PROJECTS PROGRAMMED IN THIS AWARD AND LIQUIDATION OF REMAINING FUNDS.; ACTIVITIES PERFORMED: FUNDS IN THIS AWARD SUPPORT A VARIETY OF BUS AND RAIL ACTIVITIES INCLUDING: RADIO SYSTEM UPGRADES; SOFTWARE AND HARDWARE ACQUISITION; BRIDGE REHABILITATION; TUNNEL REHABILITATION; PURCHASE OF REVENUE AND NON-REVENUE VEHICLES; SECURITY AND COMMUNICATIONS EQUIPMENT; SHOP AND MAINTENANCE FACILITY EQUIPMENT; FACILITY UPGRADES; FACILITY REPAIRS AND REHABILITATION; TRANSIT-RELATED SIGNAGE; CONSULTING SERVICES; BUS STOP SHELTERS AND CONSTRUCTION; PARKING LOT AND TRANSIT CENTER REHABS; STATION ENHANCEMENTS; FARE COLLECTION ENHANCEMENTS; AND PROJECT ADMINISTRATION TO SUPPORT SOME OF THESE ACTIVITIES.; EXPECTED OUTCOMES: ACTIVITIES FUNDED IN THIS AWARD WILL SUPPORT THE TRANSIT PROGRAM BY EXTENDING THE USEFUL LIFE OF EXISTING ASSETS REPLACING ASSETS THAT HAVE MET OR EXCEEDED THEIR USEFUL LIVES PROVIDE SOFTWARE AND HARDWARE UPGRADES AS NECESSARY TO MEET TECHNOLOGICAL AND SECURITY UPGRADE REQUIREMENTS AND MAINTAIN TRANSIT ASSETS IN A CONTINUOUS STATE OF GOOD REPAIR.; INTENDED BENEFICIARIES: ACTIVITIES PROGRAMMED IN THIS APPLICATION WILL BENEFIT THE BI-STATE/METRO TRANSIT BY EXTENDING THE USEFUL LIFE OF MANY EXISTING ASSETS (THUS REDUCING OPERATING COSTS) THE ENVIRONMENTAL HEALTH OF THE REGION (BY INTEGRATING VEHICLE UPGRADES THAT REDUCE POLLUTANTS EXPELLED INTO THE AIR) TRANSIT PASSENGERS AND PEDESTRIANS (BY ENHANCING SAFETY AND CUSTOMER EXPERIENCE) AND THE TRANSIT SYSTEMS OPERATORS AND STAFF (BY ENHANCING SAFETY AND OPERATION OF EQUIPMENT AND ASSETS).; SUBRECIPIENT ACTIVITIES: THERE ARE NO SUBRECIPIENT ACTIVITIES PROGRAMMED IN THIS AWARD.,NON,NOT RECOVERY ACT,C,CITY OR TOWNSHIP GOVERNMENT,2,NON-AGGREGATE RECORD,,,,,,,,,,,https://www.usaspending.gov/award/ASST_NON_MO-90-X296_069/,2026-03-09 19:36:34.095465+00
ASST_NON_OK-2026-001_069,OK-2026-001,OK-2026-001-00-20.509,SAI EXEMPT,,,,,,2026-03-04,2026,787090.00,,0.00,0.00,787090.00,0.00,0.00,2026-03-04,2026,2026-03-04,2029-02-28,069,Department of Transportation,6955,Federal Transit Administration,6974U7,REGION 6 DOT FTA,069,Department of Transportation,6955,Federal Transit Administration,693JJ8,OFFICE OF BUDGET AND POLICY(TBP),,,,,TLNABGNSKQ87,,PONCA TRIBE OF OKLAHOMA,PONCA TRIBE OF OKLAHOMA,TLNABGNSKQ87,,PONCA TRIBE OF OKLAHOMA,USA,UNITED STATES,20 WHITE EAGLE DR,N/A,59850,PONCA CITY,40071,KAY,40,OK,OKLAHOMA,74601,0000,OK-03,OK-03,,,,STATE-WIDE,USA,UNITED STATES,OK*****,,,,40,OKLAHOMA,,OK-03,,,20.509: FORMULA GRANTS FOR RURAL AREAS AND TRIBAL TRANSIT PROGRAM,NOT APPLICABLE,NOT APPLICABLE,03,FORMULA GRANT (A),APPLICATION PURPOSE: THIS APPLICATION FOR FEDERAL FUNDING IS FOR FY24 $399126 FY25 $387964 SECTION 5311C FUNDS APPORTIONED TO THE PONCA TRIBE OF OKLAHOMA IN THE AMOUNT TOTAL FUNDS $787090 FOR OPERATING AND CAPITAL ASSISTANCE. 100% FEDERALLY FUNDED. THE PONCA TRIBE OF OKLAHOMA WILL UTILIZE THIS AWARD TO MAINTAIN EXISTING TRANSIT SERVICES ON THE RESERVATION.; ACTIVITIES PERFORMED: FUNDS WILL BE USED TO COVER ELIGIBLE OPERATING EXPENSES SUCH AS EMPLOYEES SALARIES EXPENDITURES WILL INCLUDE SALARIES INCREASES FROM 3%-5% AND INCENTIVES FOR UP TO (8-10) FULL-TIME DRIVERS (1) SERVICE ASSISTANT/SCHEDULER (1) DISPATCHER AND (1)-DIRECTOR FUEL ITEMS HAVING A USEFUL LIFE OF LESS THAN ONE YEAR AND PREVENTIVE MAINTENANCE. FUNDS WILL ALSO BE USED FOR TRAVEL TRAINING AND TECHNICAL ASSISTANCE TRAVEL TO ANNUAL CONFERENCE TRAVEL TO DRUG AND ALCOHOL NATIONAL CONFERENCE EMPLOYEES TRAVEL TO SAFETY CONFERENCE TO STAY COMPLIANT BY GETTING CERTIFIED. UPDATING TRIP MASTER PASSES TO RIDE WITH NEW UPGRADED SOFTWARE LICENSES FEE AND EQUIPMENT FOR 2-NEW IPAD. TRIP MASTER TRAINING FOR DISPATCHING AND SCHEDULING NEEDS IF NEEDED.; EXPECTED OUTCOMES: FUNDING WILL PERMIT THE PONCA TRIBE OF OKLAHOMA TO CONTINUE TO PROVIDE SAFE AND EFFECTIVE TRANSIT SERVICES TO TRIBAL AND SURROUNDING RURAL COMMUNITIES.; INTENDED BENEFICIARIES: PONCA TRIBE OF OKLAHOMA AND PUBLIC TRANSIT RIDERS.; SUBRECIPIENT ACTIVITIES: NONE,NON,NOT RECOVERY ACT,K,INDIAN/NATIVE AMERICAN TRIBAL DESIGNATED ORGANIZATION,2,NON-AGGREGATE RECORD,,,,,,,,,,,https://www.usaspending.gov/award/ASST_NON_OK-2026-001_069/,2026-03-09 19:36:34.095465+00
ASST_NON_TX-2026-017_069,TX-2026-017,TX-2026-017-00-20.525,SAI EXEMPT,,,,,,2026-03-05,2026,19684333.00,,0.00,0.00,19684333.00,0.00,0.00,2026-03-05,2026,2026-03-05,2026-12-31,069,Department of Transportation,6955,Federal Transit Administration,6974U7,REGION 6 DOT FTA,069,Department of Transportation,6955,Federal Transit Administration,693JJ8,OFFICE OF BUDGET AND POLICY(TBP),,,,,CDEZZSTCZTR5,,METROPOLITAN TRANSIT AUTHORITY OF HARRIS COUNTY,METROPOLITAN TRANSIT AUTHORITY OF HARRIS COUNTY,,,,USA,UNITED STATES,1900 MAIN ST,N/A,35000,HOUSTON,48201,HARRIS,48,TX,TEXAS,77002,8130,TX-18,TX-18,,,,STATE-WIDE,USA,UNITED STATES,TX*****,,,,48,TEXAS,,TX-90,,,20.525: STATE OF GOOD REPAIR GRANTS PROGRAM,NOT APPLICABLE,NOT APPLICABLE,03,FORMULA GRANT (A),APPLICATION PURPOSE: THE PURPOSE OF THIS AWARD IS TO PROVIDE CAPITALIZED PREVENTIVE MAINTENANCE FOR METROS HIGH INTENSITY FIXED GUIDEWAY RAIL SYSTEM.; ACTIVITIES PERFORMED: FUNDS WILL BE USED TO PROVIDE CAPITALIZED PREVENTIVE MAINTENANCE FOR HIGHINTENSITY FIXED GUIDEWAY RAIL INFRASTRUCTURE. ELIGIBLE PROJECTS INCLUDE ACTIVITIES THAT MAINTAIN REHABILITATE OR REPLACE CAPITAL ASSETS SUCH AS RAIL ROLLING STOCK TRACK LINE EQUIPMENT AND STRUCTURES SIGNAL SYSTEMS POWER EQUIPMENT AND SUBSTATIONS PASSENGER STATIONS AND TERMINALS SECURITY EQUIPMENT MAINTENANCE FACILITIES AND EQUIPMENT AND PROJECTS THAT SUPPORT IMPLEMENTATION OF TRANSIT ASSET MANAGEMENT PLANS. THESE SECTION 5337 FUNDS WILL HELP MAINTAIN METROS ROLLING STOCK TRACK LINE EQUIPMENT AND STRUCTURES SIGNAL AND COMMUNICATION SYSTEMS POWER EQUIPMENT AND SUBSTATIONS PASSENGER STATIONS AND TERMINALS SECURITY SYSTEMS MAINTENANCE FACILITIES AND EQUIPMENT AND OPERATIONAL SUPPORT EQUIPMENT INCLUDING COMPUTER HARDWARE AND SOFTWARE IN A STATE OF GOOD REPAIR.; EXPECTED OUTCOMES: METRO OPERATES 76 LIGHT RAIL VEHICLES SUPPORTED BY THE RAIL OPERATING CENTER THE RAIL SERVICE AND INSPECTION FACILITY AND APPROXIMATELY 21.6 MILES OF TRACK WITH 39 STATIONS ACROSS ITS THREE LIGHT RAIL LINES. THESE FUNDS WILL IMPROVE SYSTEM SAFETY BY ENSURING ALL ASSETS MEET OR EXCEED THEIR DESIGN PERFORMANCE STANDARDS WHILE REDUCING SERVICE DISRUPTIONS AND DELAYS THROUGH PROPER MAINTENANCE OF HIGH INTENSITY FIXED GUIDEWAY INFRASTRUCTURE. THEY WILL ENHANCE THE RELIABILITY AND EFFICIENCY OF THE OVERALL TRANSIT SYSTEM EXTEND ASSET LIFESPANS TO REDUCE LONG TERM CAPITAL AND MAINTENANCE COSTS AND SUPPORT COMPLIANCE WITH STATE OF GOOD REPAIR REQUIREMENTS AND FEDERAL SAFETY REGULATIONS.; INTENDED BENEFICIARIES: THE PRIMARY BENEFICIARIES INCLUDE COMMUTERS WHO WILL EXPERIENCE SAFER MORE RELIABLE AND MORE EFFICIENT SERVICE AS WELL AS METRO EMPLOYEES WHO WILL BENEFIT FROM A BETTER MAINTAINED SYSTEM THAT REDUCES OPERATIONAL RISKS AND EQUIPMENT FAILURES. IN ADDITION THE BROADER COMMUNITY GAINS FROM IMPROVED SAFETY FEWER SERVICE DISRUPTIONS AND A TRANSIT SYSTEM THAT REMAINS IN A STATE OF GOOD REPAIR.; SUBRECIPIENT ACTIVITIES: N/A,NON,NOT RECOVERY ACT,X,OTHER,2,NON-AGGREGATE RECORD,,,,,,,,,,,https://www.usaspending.gov/award/ASST_NON_TX-2026-017_069/,2026-03-09 19:36:34.095465+00
ASST_NON_693JJ32640425_069,693JJ32640425,,,,,,,,2026-03-10,2026,400000.00,,0.00,0.00,400000.00,0.00,0.00,2026-03-10,2026,2026-03-10,2027-12-31,069,Department of Transportation,6925,Federal Highway Administration,693JJ3,693JJ3 ACQUISITION AND GRANTS MGT,069,Department of Transportation,6925,Federal Highway Administration,693JH9,FHWA OFFICE OF SAFETY,,,,,J35ZGHP93WL1,,YUMA METROPOLITAN PLANNING ORGANIZATION,YUMA METROPOLITAN PLANNING ORGANIZATION,,,,USA,UNITED STATES,230 W MORRISON ST,,85540,YUMA,04027,YUMA,04,AZ,ARIZONA,85364,8528,AZ-07,AZ-07,,,,COUNTY-WIDE,USA,UNITED STATES,AZ**027,,04027,YUMA,04,ARIZONA,,AZ-07,AZ-90,,20.939: SAFE STREETS AND ROADS FOR ALL,DOT-SS4A-FY24-01,"THE PURPOSE OF SS4A GRANTS IS TO IMPROVE ROADWAY SAFETY BY SIGNIFICANTLY REDUCING OR ELIMINATING ROADWAY FATALITIES AND SERIOUS INJURIES THROUGH SAFETY ACTION PLAN DEVELOPMENT AND REFINEMENT AND IMPLEMENTATION FOCUSED ON ALL USERS, INCLUDING PEDESTRIANS, BICYCLISTS, PUBLIC TRANSPORTATION USERS, MOTORISTS, PERSONAL CONVEYANCE AND MICROMOBILITY USERS, AND COMMERCIAL VEHICLE OPERATORS. THE PROGRAM PROVIDES FUNDING TO DEVELOP THE TOOLS TO HELP STRENGTHEN A COMMUNITY'S APPROACH TO ROADWAY SAFETY AND SAVE LIVES AND IS DESIGNED TO MEET THE NEEDS OF DIVERSE LOCAL, TRIBAL, AND REGIONAL COMMUNITIES THAT DIFFER DRAMATICALLY IN SIZE, LOCATION, AND EXPERIENCE ADMINISTERING FEDERAL FUNDING.",04,PROJECT GRANT (B),"SAFE STREETS AND ROADS FOR ALL PLANNING GRANT FOR YUMA METROPOLITAN PLANNING ORGANIZATION, AZ",NON,NOT RECOVERY ACT,E,REGIONAL ORGANIZATION,2,NON-AGGREGATE RECORD,,,,,,,,,,,https://www.usaspending.gov/award/ASST_NON_693JJ32640425_069/,2026-03-10 17:13:17.93575+00
ASST_NON_DRA26AR10286_517,DRA26AR10286,,,,,,,,2026-03-06,2026,500000.00,,0.00,,500000.00,0.00,0.00,2026-03-06,2026,2026-03-06,2028-03-06,517,Delta Regional Authority,9547,Delta Regional Authority,,,,,,,,,,,,,JJ5LBG3SJRA3,,"WHITE RIVER HEALTH SYSTEM, INC",WHITE RIVER HEALTH SYSTEM INC,,,,USA,UNITED STATES,1710 HARRISON ST,,04030,BATESVILLE,05063,INDEPENDENCE,05,AR,ARKANSAS,72501,7397,AR-01,AR-01,,,,SINGLE ZIP CODE,USA,UNITED STATES,AR72501,BATESVILLE,05063,INDEPENDENCE,05,ARKANSAS,72501-7397,AR-01,AR-01,,90.201: DELTA AREA ECONOMIC DEVELOPMENT,,,10,"DIRECT PAYMENT WITH UNRESTRICTED USE (RETIREMENT, PENSION, VETERANS BENEFITS, ETC.) (D)",A LARGER UPGRADED FACILITY WILL IMPROVE ACCESS TO LIFE SAVING CANCER TREATMENTS FOR COMMUNITY CREATE JOBS AND REDUCE OUT MIGRATION OF STAFF AND COMMUNITY RESIDENTS,NON,NOT RECOVERY ACT,A,STATE GOVERNMENT,2,NON-AGGREGATE RECORD,,,,,,,,,,,https://www.usaspending.gov/award/ASST_NON_DRA26AR10286_517/,2026-03-10 20:02:54.839561+00
ASST_NON_DRA26IL10456_517,DRA26IL10456,,,,,,,,2026-03-06,2026,345000.00,,0.00,,345000.00,0.00,0.00,2026-03-06,2026,2026-03-06,2028-03-06,517,Delta Regional Authority,9547,Delta Regional Authority,,,,,,,,,,,,,KGK1FJ3NHJ64,,RURAL HEALTH INC,RURAL HEALTH INC,,,,USA,UNITED STATES,513 N MAIN ST,,01543,ANNA,17181,UNION,17,IL,ILLINOIS,62906,1668,IL-12,IL-12,,,,SINGLE ZIP CODE,USA,UNITED STATES,IL62906,ANNA,17181,UNION,17,ILLINOIS,62906-1668,IL-12,IL-12,,90.201: DELTA AREA ECONOMIC DEVELOPMENT,,,10,"DIRECT PAYMENT WITH UNRESTRICTED USE (RETIREMENT, PENSION, VETERANS BENEFITS, ETC.) (D)",RURAL HEALTH INC IS IN THE PROCESS OF BUILDING A NEW HEALTHCARE BUILDING IN METROPOLIS IL,NON,NOT RECOVERY ACT,A,STATE GOVERNMENT,2,NON-AGGREGATE RECORD,,,,,,,,,,,https://www.usaspending.gov/award/ASST_NON_DRA26IL10456_517/,2026-03-10 20:02:54.839561+00
ASST_NON_DRA26KY10410_517,DRA26KY10410,,,,,,,,2026-03-06,2026,162503.00,,0.00,,162503.00,0.00,0.00,2026-03-06,2026,2026-03-06,2028-03-06,517,Delta Regional Authority,9547,Delta Regional Authority,,,,,,,,,,,,,UEFPT1L9MT93,,HICKMAN ELECTRIC SYSTEM,HICKMAN ELECTRIC SYSTEM,WPWABFKE2RE1,,,USA,UNITED STATES,1104 MOSCOW AVE,,36298,HICKMAN,21075,FULTON,21,KY,KENTUCKY,42050,1468,KY-01,KY-01,,,,SINGLE ZIP CODE,USA,UNITED STATES,KY42050,HICKMAN,21075,FULTON,21,KENTUCKY,42050-1468,KY-01,KY-01,,90.201: DELTA AREA ECONOMIC DEVELOPMENT,,,10,"DIRECT PAYMENT WITH UNRESTRICTED USE (RETIREMENT, PENSION, VETERANS BENEFITS, ETC.) (D)",HICKMAN ELECTRIC SYSTEM IS CONSTRUCTING A FIBER TO THE HOME NETWORK FOR SMART GRID AND BROADBAND DELIVERY TO AREAS OF THE CITY OF HICKMAN KY,NON,NOT RECOVERY ACT,A,STATE GOVERNMENT,2,NON-AGGREGATE RECORD,,,,,,,,,,,https://www.usaspending.gov/award/ASST_NON_DRA26KY10410_517/,2026-03-10 20:02:54.839561+00
ASST_NON_DRA26KY10536_517,DRA26KY10536,,,,,,,,2026-03-06,2026,421050.00,,0.00,,421050.00,0.00,0.00,2026-03-06,2026,2026-03-06,2028-03-06,517,Delta Regional Authority,9547,Delta Regional Authority,,,,,,,,,,,,,KMKFX634FMA5,,HENDERSON COMMUNITY COLLEGE,HENDERSON COMMUNITY COLLEGE,KMKFX634FMA5,,HENDERSON COMMUNITY COLLEGE,USA,UNITED STATES,2660 S GREEN ST,,35866,HENDERSON,21101,HENDERSON,21,KY,KENTUCKY,42420,4623,KY-01,KY-01,,,,SINGLE ZIP CODE,USA,UNITED STATES,KY42420,HENDERSON,21101,HENDERSON,21,KENTUCKY,42420-4623,KY-01,KY-01,,90.201: DELTA AREA ECONOMIC DEVELOPMENT,,,10,"DIRECT PAYMENT WITH UNRESTRICTED USE (RETIREMENT, PENSION, VETERANS BENEFITS, ETC.) (D)",PROJECT WILL SUPPORT HANDS ON TECHNICAL TRAINING IN ELECTRICAL CIRCUIT SYSTEMS SEMICONDUCTORS MICROPROCESSORS AND NETWORKING BY PURCHASING A RANGE OF TRAINING EQUIPMENT,NON,NOT RECOVERY ACT,A,STATE GOVERNMENT,2,NON-AGGREGATE RECORD,,,,,,,,,,,https://www.usaspending.gov/award/ASST_NON_DRA26KY10536_517/,2026-03-10 20:02:54.839561+00
ASST_NON_DRA26LA10270_517,DRA26LA10270,,,,,,,,2026-03-06,2026,384980.00,,0.00,,384980.00,0.00,0.00,2026-03-06,2026,2026-03-06,2028-03-06,517,Delta Regional Authority,9547,Delta Regional Authority,,,,,,,,,,,,,DQ3RH338G1D7,,TOWN OF STERLINGTON TOWN HALL,TOWN OF STERLINGTON,,,TOWN OF STERLINGTON,USA,UNITED STATES,503 HIGHWAY 2,,73255,STERLINGTON,22073,OUACHITA,22,LA,LOUISIANA,71280,3005,LA-04,LA-04,,,,SINGLE ZIP CODE,USA,UNITED STATES,LA71280,STERLINGTON,22073,OUACHITA,22,LOUISIANA,71280-3005,LA-04,LA-04,,90.201: DELTA AREA ECONOMIC DEVELOPMENT,,,10,"DIRECT PAYMENT WITH UNRESTRICTED USE (RETIREMENT, PENSION, VETERANS BENEFITS, ETC.) (D)",PROJECT WILL UPGRADE AND RELOCATE THE ACE LIFT STATION.  UPGRADES ARE NECESSARY TO SUPPORT THE GROWTH IN STERLINGTON,NON,NOT RECOVERY ACT,A,STATE GOVERNMENT,2,NON-AGGREGATE RECORD,,,,,,,,,,,https://www.usaspending.gov/award/ASST_NON_DRA26LA10270_517/,2026-03-10 20:02:54.839561+00
ASST_NON_DRA26LA10311_517,DRA26LA10311,,,,,,,,2026-03-06,2026,500000.00,,0.00,,500000.00,0.00,0.00,2026-03-06,2026,2026-03-06,2028-03-06,517,Delta Regional Authority,9547,Delta Regional Authority,,,,,,,,,,,,,RKDGPNVCU649,,FALSE RIVER AIR PARK COMMISSION,FALSE RIVER REGIONAL AIRPORT,,,,USA,UNITED STATES,8662 AIRPORT RD,,55105,NEW ROADS,22077,POINTE COUPEE,22,LA,LOUISIANA,70760,0121,LA-06,LA-06,,,,SINGLE ZIP CODE,USA,UNITED STATES,LA70760,NEW ROADS,22077,POINTE COUPEE,22,LOUISIANA,70760-0121,LA-06,LA-06,,90.201: DELTA AREA ECONOMIC DEVELOPMENT,,,10,"DIRECT PAYMENT WITH UNRESTRICTED USE (RETIREMENT, PENSION, VETERANS BENEFITS, ETC.) (D)",MAKE THE AIRPORT SUSTAINABLE THE ADDITION OF A JET A FUEL TANK WOULD ALLOW FOR MORE DIVERSE AIRCRAFT TO LAND AND UTILIZE THE FACILITY,NON,NOT RECOVERY ACT,A,STATE GOVERNMENT,2,NON-AGGREGATE RECORD,,,,,,,,,,,https://www.usaspending.gov/award/ASST_NON_DRA26LA10311_517/,2026-03-10 20:02:54.839561+00
ASST_NON_DRA26LA10782_517,DRA26LA10782,,,,,,,,2026-03-06,2026,105921.00,,0.00,,105921.00,0.00,0.00,2026-03-06,2026,2026-03-06,2028-03-06,517,Delta Regional Authority,9547,Delta Regional Authority,,,,,,,,,,,,,XXPYLL5WGEQ1,,VILLAGE OF RICHMOND,VILLAGE OF RICHMOND,,,,USA,UNITED STATES,598 WOOD ST,,74690,TALLULAH,22065,MADISON,22,LA,LOUISIANA,71282,5430,LA-05,LA-05,,,,SINGLE ZIP CODE,USA,UNITED STATES,LA71282,TALLULAH,22065,MADISON,22,LOUISIANA,71282-5430,LA-05,LA-05,,90.201: DELTA AREA ECONOMIC DEVELOPMENT,,,10,"DIRECT PAYMENT WITH UNRESTRICTED USE (RETIREMENT, PENSION, VETERANS BENEFITS, ETC.) (D)",RICHMOND IS SEEKING TO REBUILD A SMALL BUT HIGHLY USED AND DANGEROUS 1 10 MILE SECTION OF KIMBROUGH DR TO ENSURE SAGE ACCESS TO LOCALLY OWNED SMALL BUSINESSES AND OTHER ESSENTIAL SERVICES,NON,NOT RECOVERY ACT,A,STATE GOVERNMENT,2,NON-AGGREGATE RECORD,,,,,,,,,,,https://www.usaspending.gov/award/ASST_NON_DRA26LA10782_517/,2026-03-10 20:02:54.839561+00
ASST_NON_DRA26LA10789_517,DRA26LA10789,,,,,,,,2026-03-06,2026,491090.00,,0.00,,491090.00,0.00,0.00,2026-03-06,2026,2026-03-06,2028-03-06,517,Delta Regional Authority,9547,Delta Regional Authority,,,,,,,,,,,,,V2WPZEUJL564,,VILLAGE OF BONITA,VILLAGE OF BONITA,,,,USA,UNITED STATES,15446 BONITA AVE,,08535,BONITA,22067,MOREHOUSE,22,LA,LOUISIANA,71223,5500,LA-05,LA-05,,,,SINGLE ZIP CODE,USA,UNITED STATES,LA71223,BONITA,22067,MOREHOUSE,22,LOUISIANA,71223-5500,LA-05,LA-05,,90.201: DELTA AREA ECONOMIC DEVELOPMENT,,,10,"DIRECT PAYMENT WITH UNRESTRICTED USE (RETIREMENT, PENSION, VETERANS BENEFITS, ETC.) (D)",PROJECT WILL REHABILITATE ONE OF THEIR EXISTING WELLS NO. 2 OR NO. 3 WHICH ARE LOCATED AT THEIR ELEVATED TANK SITE ON RAILROAD ST AND 3RD ST,NON,NOT RECOVERY ACT,A,STATE GOVERNMENT,2,NON-AGGREGATE RECORD,,,,,,,,,,,https://www.usaspending.gov/award/ASST_NON_DRA26LA10789_517/,2026-03-10 20:02:54.839561+00
ASST_NON_DRA26LA9768IF_517,DRA26LA9768IF,,,,,,,,2026-03-06,2026,800000.00,,0.00,,800000.00,0.00,0.00,2026-03-06,2026,2026-03-06,2028-03-06,517,Delta Regional Authority,9547,Delta Regional Authority,,,,,,,,,,,,,ZGJZFMP1F4G9,,POINTE COUPEE PARISH WATERWORKS DISTRICT 1,POINTE COUPEE PARISH WATERWORKS DISTRICT 1,,,,USA,UNITED STATES,105 GISELE ST,,55105,NEW ROADS,22077,POINTE COUPEE,22,LA,LOUISIANA,70760,2716,LA-06,LA-06,,,,SINGLE ZIP CODE,USA,UNITED STATES,LA70760,NEW ROADS,22077,POINTE COUPEE,22,LOUISIANA,70760-2716,LA-06,LA-06,,90.201: DELTA AREA ECONOMIC DEVELOPMENT,,,10,"DIRECT PAYMENT WITH UNRESTRICTED USE (RETIREMENT, PENSION, VETERANS BENEFITS, ETC.) (D)",POINTE COUPEE IS SEEKING FUNDING FOR THE LOCAL MATCH WHICH WILL BE USED FOR THE LOCAL MATCH INCLUDING ENGINEERING PERMITTING LEGAL SURVEY PROJECT ADMIN AND CONSTRUCTION COSTS,NON,NOT RECOVERY ACT,A,STATE GOVERNMENT,2,NON-AGGREGATE RECORD,,,,,,,,,,,https://www.usaspending.gov/award/ASST_NON_DRA26LA9768IF_517/,2026-03-10 20:02:54.839561+00
ASST_NON_DRA26MO10321_517,DRA26MO10321,,,,,,,,2026-03-06,2026,423805.00,,0.00,,423805.00,0.00,0.00,2026-03-06,2026,2026-03-06,2028-03-06,517,Delta Regional Authority,9547,Delta Regional Authority,,,,,,,,,,,,,KFF6LDNBHKB8,,TEXAS COUNTY MEMORIAL HOSPITAL,TEXAS COUNTY MEMORIAL HOSPITAL,KFF6LDNBHKB8,,TEXAS COUNTY MEMORIAL HOSPITAL,USA,UNITED STATES,1333 S SAM HOUSTON BLVD,,33238,HOUSTON,29215,TEXAS,29,MO,MISSOURI,65483,2046,MO-08,MO-08,,,,SINGLE ZIP CODE,USA,UNITED STATES,MO65483,HOUSTON,29215,TEXAS,29,MISSOURI,65483-2046,MO-08,MO-08,,90.201: DELTA AREA ECONOMIC DEVELOPMENT,,,10,"DIRECT PAYMENT WITH UNRESTRICTED USE (RETIREMENT, PENSION, VETERANS BENEFITS, ETC.) (D)",TCMH SEEKS FUNDING TO REPLACE FAILING TELEMETRY SYSTEMS AND OBSOLETE IV PUMPS IN ITS MEDSURG ICU AND ER UNITS,NON,NOT RECOVERY ACT,A,STATE GOVERNMENT,2,NON-AGGREGATE RECORD,,,,,,,,,,,https://www.usaspending.gov/award/ASST_NON_DRA26MO10321_517/,2026-03-10 20:02:54.839561+00
ASST_NON_DRA26MO10427_517,DRA26MO10427,,,,,,,,2026-03-06,2026,249620.00,,0.00,,249620.00,0.00,0.00,2026-03-06,2026,2026-03-06,2028-03-06,517,Delta Regional Authority,9547,Delta Regional Authority,,,,,,,,,,,,,K5E2A2LCFGP5,,CALEDONIA VILLAGE OF,VILLAGE OF CALEDONIA,,,,USA,UNITED STATES,218 SOUTH STATE HWY 21,,10432,CALEDONIA,29221,WASHINGTON,29,MO,MISSOURI,63631,8215,MO-03,MO-03,,,,SINGLE ZIP CODE,USA,UNITED STATES,MO63631,CALEDONIA,29221,WASHINGTON,29,MISSOURI,63631-8215,MO-03,MO-03,,90.201: DELTA AREA ECONOMIC DEVELOPMENT,,,10,"DIRECT PAYMENT WITH UNRESTRICTED USE (RETIREMENT, PENSION, VETERANS BENEFITS, ETC.) (D)",VILLAGE OF CALEDONIA PROPOSES TO MITIGATE A SERIOUS FLOOD ISSUE IMPACTING THE RESIDENTS AND BUSINESSES IN THE TOWN,NON,NOT RECOVERY ACT,A,STATE GOVERNMENT,2,NON-AGGREGATE RECORD,,,,,,,,,,,https://www.usaspending.gov/award/ASST_NON_DRA26MO10427_517/,2026-03-10 20:02:54.839561+00
ASST_NON_DRA26MS10731_517,DRA26MS10731,,,,,,,,2026-03-06,2026,499594.00,,0.00,,499594.00,0.00,0.00,2026-03-06,2026,2026-03-06,2028-03-06,517,Delta Regional Authority,9547,Delta Regional Authority,,,,,,,,,,,,,HMLCAUN6NR54,,TOWN OF FALCON,TOWN OF FALCON,,,,USA,UNITED STATES,125 NEVILS RD,,68400,SLEDGE,28119,QUITMAN,28,MS,MISSISSIPPI,38670,9192,MS-02,MS-02,,,,SINGLE ZIP CODE,USA,UNITED STATES,MS38670,SLEDGE,28119,QUITMAN,28,MISSISSIPPI,38670-9192,MS-02,MS-02,,90.201: DELTA AREA ECONOMIC DEVELOPMENT,,,10,"DIRECT PAYMENT WITH UNRESTRICTED USE (RETIREMENT, PENSION, VETERANS BENEFITS, ETC.) (D)",CRITICAL WATER SYSTEM IMPROVEMENTS INCLUDING CONNECTING TO THE DARLING WATER ASSOCIATION TO ESTABLISH A BACKUP WATER SUPPLY AND REPAINTING THE EXTERIOR 100000 GAL ELEVATED TANK,NON,NOT RECOVERY ACT,A,STATE GOVERNMENT,2,NON-AGGREGATE RECORD,,,,,,,,,,,https://www.usaspending.gov/award/ASST_NON_DRA26MS10731_517/,2026-03-10 20:05:03.054118+00
ASST_NON_DRA26TN10159_517,DRA26TN10159,,,,,,,,2026-03-06,2026,624913.00,,0.00,,624913.00,0.00,0.00,2026-03-06,2026,2026-03-06,2028-03-06,517,Delta Regional Authority,9547,Delta Regional Authority,,,,,,,,,,,,,HZGMWNL2F2B3,,MCNAIRY COUNTY,MCNAIRY COUNTY,,,,USA,UNITED STATES,170 W COURT AVE STE 201,,66940,SELMER,47109,MCNAIRY,47,TN,TENNESSEE,38375,2134,TN-08,TN-08,,,,SINGLE ZIP CODE,USA,UNITED STATES,TN38375,SELMER,47109,MCNAIRY,47,TENNESSEE,38375-2134,TN-08,TN-08,,90.201: DELTA AREA ECONOMIC DEVELOPMENT,,,10,"DIRECT PAYMENT WITH UNRESTRICTED USE (RETIREMENT, PENSION, VETERANS BENEFITS, ETC.) (D)",PURCHASE RADIOGRAPHY AND CT SCANNING EQUIPMENT FOR THE FREE STANDING EMERGENCY CARE FACILITY THAT IS BEING ESTABLISHED WITHIN THE COUNTY,NON,NOT RECOVERY ACT,A,STATE GOVERNMENT,2,NON-AGGREGATE RECORD,,,,,,,,,,,https://www.usaspending.gov/award/ASST_NON_DRA26TN10159_517/,2026-03-10 20:05:03.054118+00
ASST_NON_26-LITC0480-03_020,26-LITC0480-03,,SAI EXEMPT,,,,,,2026-03-03,2026,41679.00,,0.00,,41679.00,0.00,0.00,2026-03-03,2026,2024-01-01,2026-12-31,020,Department of the Treasury,2050,Internal Revenue Service,2031HV,TAXPAYER ADVOCATE SERVICE,020,Department of the Treasury,2050,Internal Revenue Service,2031HV,TAXPAYER ADVOCATE SERVICE,,,,,MGBERMY5YE94,,SOUTH TEXAS COLLEGE OF LAW HOUSTON INC,SOUTH TEXAS COLLEGE OF LAW HOUSTON INC,,,,USA,UNITED STATES,1303 SAN JACINTO ST,,35000,HOUSTON,48201,HARRIS,48,TX,TEXAS,77002,7006,TX-18,TX-18,,,,STATE-WIDE,USA,UNITED STATES,TX*****,,,,48,TEXAS,,TX-18,,,21.008: LOW INCOME TAXPAYER CLINICS,TREAS-GRANTS-042026-001,1) OPEN NEW CASES DURING THE CURRENT GRANT PERIOD AND CONTINUE TO WORK CASES OPENED IN PRIOR GRANT PERIODS THROUGH TO COMPLETION FOR ELIGIBLE TAXPAYERS 2) PROVIDE CONSULTATIONS TO TAXPAYERS ABOUT THEIR FEDERAL TAX ISSUE(S) 3) CONDUCT EDUCATIONAL ACTIVITIES TO INDIVIDUALS REGARDING THEIR TAX RIGHTS AND RESPONSIBILITIES 4) IDENTIFYING AND ADVOCATING FOR ISSUES IMPACTING TAXPAYERS WHO ARE LOW INCOME OR FOR WHOM ENGLISH IS A SECOND LANGUAGE.,04,PROJECT GRANT (B),"THE PURPOSE OF THE LOW-INCOME TAXPAYER CLINIC LITC GRANT IS TO PROVIDE FINANCIAL ASSISTANCE TO, 1. A CLINICAL PROGRAM AT AN ACCREDITED LAW, BUSINESS, OR ACCOUNTING SCHOOL IN WHICH STUDENTS REPRESENT LOW-INCOME TAXPAYERS IN CONTROVERSIES ARISING UNDER IRC 7526. 2. AN ORGANIZATION DESCRIBED IN SECTION 501C AND EXEMPT FROM TAX UNDER SECTION 501A THROUGH REPRESENTATION OF TAXPAYERS OR REFERRAL OF TAXPAYERS TO QUALIFIED REPRESENTATIVES. ACTIVITIES TO BE PERFORMED UNDER THE LITC PROGRAM, THE INTERNAL REVENUE SERVICE AWARDS GRANTS SO THAT GRANT RECIPIENTS ARE ABLE TO PROVIDE TAX REPRESENTATION BEFORE THE INTERNAL REVENUE SERVICE OR OTHER TRIBUNAL ON FEDERAL TAX MATTERS, EDUCATIONAL ACTIVITIES ON VARIOUS TAX TOPICS AND ADVOCACY ON TAX ISSUES IMPACTING THE INTENDED BENEFICIARIES. END GOAL AND EXPECTED OUTCOMES, THE LITC PROGRAM AWARDS GRANTS TO, 1. OPEN NEW AND WORK PREVIOUSLY OPENED REPRESENTATION CASES. 2. CONSULT WITH TAXPAYERS ON THEIR SPECIFIC TAX ISSUE. 3. CONDUCT EDUCATIONAL ACTIVITIES. 4. MAKE CONTRIBUTIONS TO THE IMPROVEMENT TO TAX ADMINISTRATION BY ADVOCATING FOR CHANGES OR IMPROVEMENTS TO IRS ADMINISTRATION. INTENDED BENEFICIARIES, TAXPAYERS WITH INCOMES THAT DO NOT EXCEED 250 PERCENT OF THE FEDERAL POVERTY GUIDELINES AND TAXPAYERS FOR WHOM ENGLISH IS THEIR SECOND LANGUAGE. SUBRECIPIENT ACTIVITIES, IN LIMITED CIRCUMSTANCES AND WITH ADVANCED APPROVAL BY THE LITC PROGRAM OFFICE, SUBRECIPIENTS MAY BE UTILIZED BY GRANT RECIPIENTS TO HELP DELIVER KEY BROADBAND ELEMENTS OF THE PROGRAM. 5. REASON FOR MODIFICATION IF SHOWING A POSITIVE AMOUNT IS AN OBLIGATION FOR THE YEAR THAT IS REPRESENTED BY THE FIRST TWO DIGITS OF THE PRIME AWARD I.D., IF SHOWING A NEGATIVE AMOUNT IT IS A DE-OBLIGATION OR A RETURN OF FUNDS FOR THE YEAR REPRESENTED BY THE FIRST TWO DIGITS OF THE PRIME AWARD I.D.",NON,NOT RECOVERY ACT,O,PRIVATE INSTITUTION OF HIGHER EDUCATION,2,NON-AGGREGATE RECORD,,,,,,,,,,,https://www.usaspending.gov/award/ASST_NON_26-LITC0480-03_020/,2026-03-11 19:01:44.807715+00
ASST_NON_31800040402026_069,31800040402026,,SAI NOT AVAILABLE,,,,,,2026-03-03,2026,861139.00,,0.00,45323.11,906462.11,0.00,0.00,2026-03-03,2026,2026-03-03,2030-03-02,069,Department of Transportation,6920,Federal Aviation Administration,69A235,CHICAGO AIRPORTS DIVISION OFFICE,069,Department of Transportation,6920,Federal Aviation Administration,69A235,CHICAGO AIRPORTS DIVISION OFFICE,,,,,H3EYGGJCHTL7,,DEKALB COUNTY AIRPORT AUTHORITY,DEKALB CNTY ARPT AUTH,,,,USA,UNITED STATES,"2710 CR 60, SUITE 200",,02674,AUBURN,18033,DEKALB,18,IN,INDIANA,46706,9568,IN-03,IN-03,,,,SINGLE ZIP CODE,USA,UNITED STATES,IN02674,AUBURN,18003,ALLEN,18,INDIANA,46706,IN-03,IN-03,,20.117: AIRPORT INFRASTRUCTURE GRANTS,NOT APPLICABLE,NOT APPLICABLE,04,PROJECT GRANT (B),"PURPOSE: CONSTRUCT/EXPAND HANGAR.  ACTIVITIES TO BE PERFORMED/EXPECTED OUTCOMES: THIS PROJECT CONSTRUCTS THREE NEW 9,437 SQUARE FOOT NON-EXCLUSIVE USE SPONSOR-OWNED HANGARS FOR AIRCRAFT STORAGE TO ASSIST THE AIRPORT TO BE AS SELF-SUSTAINING AS POSSIBLE BY GENERATING REVENUE.  INTENDED BENEFICIARY: THIS GRANT WILL PROVIDE FEDERAL FUNDING FOR AIRPORTS ASSOCIATED WITH AUBURN, INDIANA.",NON,NOT RECOVERY ACT,D,SPECIAL DISTRICT GOVERNMENT,2,NON-AGGREGATE RECORD,,,,,,,,,,,https://www.usaspending.gov/award/ASST_NON_31800040402026_069/,2026-03-11 11:48:54.057174+00
ASST_NON_32700980392026_069,32700980392026,,SAI NOT AVAILABLE,,,,,,2026-03-03,2026,3027915.00,,0.00,159363.95,3187278.95,0.00,0.00,2026-03-03,2026,2026-03-03,2029-09-15,069,Department of Transportation,6920,Federal Aviation Administration,69A245,"DAKOTA-MINN AIRPORT DIV, MINN. OFC",069,Department of Transportation,6920,Federal Aviation Administration,69A245,"DAKOTA-MINN AIRPORT DIV, MINN. OFC",,,,,DRY7Z1EMQKK6,,METROPOLITAN AIRPORTS COMMISSION,METRO ARPTS CMSH,,,,USA,UNITED STATES,CHANNELING MINNESOTA STATE OF,MINNEAPOLIS-ST PAUL METROPOLITAN,43000,MINNEAPOLIS,27053,HENNEPIN,27,MN,MINNESOTA,55450,2701,MN-05,MN-05,,,,SINGLE ZIP CODE,USA,UNITED STATES,MN58000,SAINT PAUL,27123,RAMSEY,27,MINNESOTA,55107,MN-04,MN-04,,20.117: AIRPORT INFRASTRUCTURE GRANTS,NOT APPLICABLE,NOT APPLICABLE,04,PROJECT GRANT (B),"PURPOSE: EXPAND TERMINAL.  ACTIVITIES TO BE PERFORMED/EXPECTED OUTCOMES: THIS PROJECT EXPANDS THE EXISTING TERMINAL BY 4,955 SQUARE FEET, INCLUDING SPACE TO ACCOMMODATE NECESSARY CUSTOMS AND BORDER PROTECTION SERVICES. THE EXPANSION WILL REDUCE DELAYS AND ACCOMMODATE MORE PASSENGERS. THIS GRANT FUNDS A PORTION OF THE TOTAL PROJECT. THIS GRANT IS ASSOCIATED WITH AN AIRPORT INFRASTRUCTURE GRANT THAT FUNDS THE REMAINING ELIGIBLE PORTION OF THE PROJECT.  INTENDED BENEFICIARY: THIS GRANT WILL PROVIDE FEDERAL FUNDING FOR AIRPORTS ASSOCIATED WITH ST. PAUL, MINNESOTA.",NON,NOT RECOVERY ACT,D,SPECIAL DISTRICT GOVERNMENT,2,NON-AGGREGATE RECORD,,,,,,,,,,,https://www.usaspending.gov/award/ASST_NON_32700980392026_069/,2026-03-11 11:48:54.057174+00
ASST_NON_34000760222026_069,34000760222026,,SAI NOT AVAILABLE,,,,,,2026-03-04,2026,271172.00,,0.00,14272.21,285444.21,0.00,0.00,2026-03-04,2026,2026-03-04,2030-03-03,069,Department of Transportation,6920,Federal Aviation Administration,69A295,ARKANSAS/OKLAHOMA AIRPORTS DIV OFC,069,Department of Transportation,6920,Federal Aviation Administration,69A295,ARKANSAS/OKLAHOMA AIRPORTS DIV OFC,,,,,GNE7A5KDBML6,,CITY OF PAULS VALLEY,CITY OF PAULS VALLEY,,,CITY OF PAULS VALLEY,USA,UNITED STATES,PO BOX 778,,57550,PAULS VALLEY,40049,GARVIN,40,OK,OKLAHOMA,73075,3219,OK-04,OK-04,,,,SINGLE ZIP CODE,USA,UNITED STATES,OK57550,PAULS VALLEY,40049,GARVIN,40,OKLAHOMA,73075,OK-04,OK-04,,20.117: AIRPORT INFRASTRUCTURE GRANTS,NOT APPLICABLE,NOT APPLICABLE,04,PROJECT GRANT (B),"PURPOSE: RECONSTRUCT RUNWAY; REALIGN TAXIWAY.  ACTIVITIES TO BE PERFORMED/EXPECTED OUTCOMES: THIS PROJECT REALIGNS EXISTING PAVED TAXIWAY A4 BY 45 DEGREES TO BRING THE AIRPORT INTO CONFORMITY WITH CURRENT STANDARDS. THIS PROJECT REALIGNS THE EXISTING PAVED TAXIWAY A BY 45 DEGREES TO BRING THE AIRPORT INTO CONFORMITY WITH CURRENT STANDARDS. THIS PROJECT RECONSTRUCTS 5,001 FEET OF EXISTING CONCRETE RUNWAY 17/35 THAT HAS REACHED THE END OF ITS USEFUL LIFE. THIS GRANT FUNDS A PORTION OF THE TOTAL PROJECT. THIS GRANT IS ASSOCIATED WITH AN AIRPORT INFRASTRUCTURE GRANT AND AN AIRPORT IMPROVEMENT PROGRAM GRANT THAT FUND THE REMAINING ELIGIBLE PORTION OF THE PROJECT.  INTENDED BENEFICIARY: THIS GRANT WILL PROVIDE FEDERAL FUNDING FOR AIRPORTS ASSOCIATED WITH PAULS VALLEY, OKLAHOMA.",NON,NOT RECOVERY ACT,C,CITY OR TOWNSHIP GOVERNMENT,2,NON-AGGREGATE RECORD,,,,,,,,,,,https://www.usaspending.gov/award/ASST_NON_34000760222026_069/,2026-03-11 11:48:54.057174+00
